{
  "experiment": "B2_edge_25pct",
  "description": "Real + 25 % edge cases",
  "config": {
    "use_real": true,
    "use_edge": true,
    "scenarios": null,
    "confidence_filter": null,
    "edge_fraction": 0.25,
    "seq_len": 30,
    "stride": 30,
    "hidden_size": 128,
    "epochs": 200,
    "learning_rate": 0.001,
    "batch_size": 64,
    "patience": 20,
    "min_delta": 0.0001,
    "early_stopping": true,
    "test_size": 0.2,
    "val_size": 0.1,
    "seed": 123,
    "experiment": "B2_edge_25pct",
    "description": "Real + 25 % edge cases",
    "device": "cpu"
  },
  "data_summary": {
    "real_rows": 470676,
    "real_sequences": 15689,
    "edge_rows": 37500,
    "edge_sequences": 1248,
    "total_sequences": 16937
  },
  "test_metrics": {
    "test_rmse_temp": 0.22153271734714508,
    "test_mae_temp": 0.1465238779783249,
    "test_mape_temp": 0.0460069440305233,
    "test_r2_temp": 0.9992382526397705,
    "test_max_ae_temp": 3.351898193359375,
    "test_rmse_o2": 0.5753836631774902,
    "test_mae_o2": 0.35333338379859924,
    "test_mape_o2": 9.172598838806152,
    "test_r2_o2": 0.9066676497459412,
    "test_max_ae_o2": 10.422989845275879
  },
  "training": {
    "best_val_loss": 0.02559692981756396,
    "best_epoch": 122,
    "final_train_loss": 0.02303327535683254,
    "final_val_loss": 0.02549903763941041,
    "epochs_run": 142
  },
  "wall_time_sec": 2060.3,
  "device": "cpu",
  "robustness": {
    "clean": {
      "metrics": {
        "rmse_temp": 0.22153271734714508,
        "rmse_o2": 0.5753836631774902,
        "mae_temp": 0.1465238779783249,
        "mae_o2": 0.35333338379859924
      }
    },
    "noise_sigma_0.1": {
      "metrics": {
        "rmse_temp": 1.2483183145523071,
        "rmse_o2": 0.7168980836868286,
        "mae_temp": 0.9769761562347412,
        "mae_o2": 0.5091037750244141
      },
      "degradation": {
        "rmse_temp": 5.634916275577361,
        "rmse_o2": 1.2459479292961522,
        "mae_temp": 6.6676924588309365,
        "mae_o2": 1.440859534842607
      }
    },
    "noise_sigma_0.25": {
      "metrics": {
        "rmse_temp": 3.010622024536133,
        "rmse_o2": 1.0841939449310303,
        "mae_temp": 2.293717622756958,
        "mae_o2": 0.8190203905105591
      },
      "degradation": {
        "rmse_temp": 13.589965674543878,
        "rmse_o2": 1.8842974076526497,
        "mae_temp": 15.654224106027723,
        "mae_o2": 2.3179819062254317
      }
    },
    "noise_sigma_0.5": {
      "metrics": {
        "rmse_temp": 5.346227645874023,
        "rmse_o2": 1.5440657138824463,
        "mae_temp": 4.004985332489014,
        "mae_o2": 1.1518932580947876
      },
      "degradation": {
        "rmse_temp": 24.132903301576015,
        "rmse_o2": 2.6835411095190307,
        "mae_temp": 27.333328790830027,
        "mae_o2": 3.260074793134659
      }
    },
    "noise_sigma_1.0": {
      "metrics": {
        "rmse_temp": 8.625585556030273,
        "rmse_o2": 2.096954584121704,
        "mae_temp": 6.414212703704834,
        "mae_o2": 1.5271867513656616
      },
      "degradation": {
        "rmse_temp": 38.93594435766276,
        "rmse_o2": 3.644445816451432,
        "mae_temp": 43.77588685342932,
        "mae_o2": 4.322226037481251
      }
    },
    "noise_sigma_2.0": {
      "metrics": {
        "rmse_temp": 12.416666030883789,
        "rmse_o2": 2.587944984436035,
        "mae_temp": 9.19039535522461,
        "mae_o2": 1.8595551252365112
      },
      "degradation": {
        "rmse_temp": 56.04890410578356,
        "rmse_o2": 4.4977727906705,
        "mae_temp": 62.72285092388924,
        "mae_o2": 5.262891112198052
      }
    },
    "dropout_fuel_flow": {
      "metrics": {
        "rmse_temp": 1.163223385810852,
        "rmse_o2": 1.824292540550232,
        "mae_temp": 0.47052210569381714,
        "mae_o2": 0.9849264025688171
      },
      "degradation": {
        "rmse_temp": 5.250797262546388,
        "rmse_o2": 3.1705671490146,
        "mae_temp": 3.2112315902765074,
        "mae_o2": 2.78752715630807
      }
    },
    "dropout_air_fuel_ratio": {
      "metrics": {
        "rmse_temp": 0.22146093845367432,
        "rmse_o2": 0.5754270553588867,
        "mae_temp": 0.1467130333185196,
        "mae_o2": 0.35331231355667114
      },
      "degradation": {
        "rmse_temp": 0.9996759896491574,
        "rmse_o2": 1.0000754143438082,
        "mae_temp": 1.0012909523198852,
        "mae_o2": 0.9999403672483432
      }
    },
    "dropout_current_temp": {
      "metrics": {
        "rmse_temp": 8.111726760864258,
        "rmse_o2": 1.9538105726242065,
        "mae_temp": 5.507636547088623,
        "mae_o2": 1.0534714460372925
      },
      "degradation": {
        "rmse_temp": 36.61638270862294,
        "rmse_o2": 3.3956657056172084,
        "mae_temp": 37.58866215582529,
        "mae_o2": 2.981522534643297
      }
    },
    "dropout_inflow_temp": {
      "metrics": {
        "rmse_temp": 1.3402858972549438,
        "rmse_o2": 1.5374282598495483,
        "mae_temp": 0.5889394283294678,
        "mae_o2": 0.9504238367080688
      },
      "degradation": {
        "rmse_temp": 6.050058489350337,
        "rmse_o2": 2.672005408285799,
        "mae_temp": 4.019409235241432,
        "mae_o2": 2.6898783989508686
      }
    },
    "dropout_inflow_rate": {
      "metrics": {
        "rmse_temp": 0.6152121424674988,
        "rmse_o2": 1.1117740869522095,
        "mae_temp": 0.3403594195842743,
        "mae_o2": 0.8259389996528625
      },
      "degradation": {
        "rmse_temp": 2.7770712598782965,
        "rmse_o2": 1.9322308888864947,
        "mae_temp": 2.322893881054822,
        "mae_o2": 2.337562872699426
      }
    },
    "spike_frac_0.05": {
      "metrics": {
        "rmse_temp": 3.7015719413757324,
        "rmse_o2": 1.1270619630813599,
        "mae_temp": 0.9053758382797241,
        "mae_o2": 0.5821009874343872
      },
      "degradation": {
        "rmse_temp": 16.70891769713326,
        "rmse_o2": 1.9588007710495108,
        "mae_temp": 6.17903273358391,
        "mae_o2": 1.6474553895144706
      }
    },
    "spike_frac_0.1": {
      "metrics": {
        "rmse_temp": 5.414287567138672,
        "rmse_o2": 1.437424898147583,
        "mae_temp": 1.7094873189926147,
        "mae_o2": 0.7813572287559509
      },
      "degradation": {
        "rmse_temp": 24.44012618982325,
        "rmse_o2": 2.498202486684396,
        "mae_temp": 11.66695382745396,
        "mae_o2": 2.211388067427351
      }
    },
    "spike_frac_0.2": {
      "metrics": {
        "rmse_temp": 7.395389080047607,
        "rmse_o2": 1.8567330837249756,
        "mae_temp": 3.0537495613098145,
        "mae_o2": 1.0770297050476074
      },
      "degradation": {
        "rmse_temp": 33.38283016886811,
        "rmse_o2": 3.226947865484015,
        "mae_temp": 20.84130998608672,
        "mae_o2": 3.048196843074179
      }
    },
    "temporal_shuffle": {
      "metrics": {
        "rmse_temp": 3.6874358654022217,
        "rmse_o2": 0.6110773086547852,
        "mae_temp": 0.9998673796653748,
        "mae_o2": 0.3644203543663025
      },
      "degradation": {
        "rmse_temp": 16.645107366348757,
        "rmse_o2": 1.0620345132501345,
        "mae_temp": 6.823921080039145,
        "mae_o2": 1.0313782141062076
      }
    },
    "extrap_shift_1.0sigma": {
      "metrics": {
        "rmse_temp": 8.34298324584961,
        "rmse_o2": 1.4060907363891602,
        "mae_temp": 8.2088623046875,
        "mae_o2": 0.8627885580062866
      },
      "degradation": {
        "rmse_temp": 37.66027585341279,
        "rmse_o2": 2.443744628799826,
        "mae_temp": 56.02405845347492,
        "mae_o2": 2.4418540606909587
      }
    },
    "extrap_shift_2.0sigma": {
      "metrics": {
        "rmse_temp": 11.044584274291992,
        "rmse_o2": 1.4454504251480103,
        "mae_temp": 10.157715797424316,
        "mae_o2": 0.8514231443405151
      },
      "degradation": {
        "rmse_temp": 49.85531891880766,