{
  "experiment": "A2_baseline",
  "description": "Real + all edge cases (BASELINE)",
  "config": {
    "use_real": true,
    "use_edge": true,
    "scenarios": null,
    "confidence_filter": null,
    "edge_fraction": 1.0,
    "seq_len": 30,
    "stride": 30,
    "hidden_size": 128,
    "epochs": 200,
    "learning_rate": 0.001,
    "batch_size": 64,
    "patience": 20,
    "min_delta": 0.0001,
    "early_stopping": true,
    "test_size": 0.2,
    "val_size": 0.1,
    "seed": 42,
    "experiment": "A2_baseline",
    "description": "Real + all edge cases (BASELINE)",
    "device": "cpu"
  },
  "data_summary": {
    "real_rows": 470676,
    "real_sequences": 15689,
    "edge_rows": 150000,
    "edge_sequences": 4998,
    "total_sequences": 20687
  },
  "test_metrics": {
    "test_rmse_temp": 0.21069560945034027,
    "test_mae_temp": 0.1491101235151291,
    "test_mape_temp": 0.04759874567389488,
    "test_r2_temp": 0.9997376203536987,
    "test_max_ae_temp": 6.857666015625,
    "test_rmse_o2": 0.7242432236671448,
    "test_mae_o2": 0.44119909405708313,
    "test_mape_o2": 9.312201499938965,
    "test_r2_o2": 0.960692286491394,
    "test_max_ae_o2": 10.40945816040039
  },
  "training": {
    "best_val_loss": 0.019237910707791645,
    "best_epoch": 101,
    "final_train_loss": 0.017542899327359834,
    "final_val_loss": 0.019897180750514522,
    "epochs_run": 121
  },
  "wall_time_sec": 2199.4,
  "device": "cpu",
  "robustness": {
    "clean": {
      "metrics": {
        "rmse_temp": 0.21069560945034027,
        "rmse_o2": 0.7242432236671448,
        "mae_temp": 0.1491101235151291,
        "mae_o2": 0.44119909405708313
      }
    },
    "noise_sigma_0.1": {
      "metrics": {
        "rmse_temp": 1.4780503511428833,
        "rmse_o2": 0.8797121644020081,
        "mae_temp": 1.1567456722259521,
        "mae_o2": 0.6081730723381042
      },
      "degradation": {
        "rmse_temp": 7.015098012715121,
        "rmse_o2": 1.2146639908450358,
        "mae_temp": 7.757660210834617,
        "mae_o2": 1.3784549436527576
      }
    },
    "noise_sigma_0.25": {
      "metrics": {
        "rmse_temp": 3.592203378677368,
        "rmse_o2": 1.4201490879058838,
        "mae_temp": 2.7813146114349365,
        "mae_o2": 0.9653754234313965
      },
      "degradation": {
        "rmse_temp": 17.049255976660632,
        "rmse_o2": 1.9608731452330035,
        "mae_temp": 18.652755063627435,
        "mae_o2": 2.1880720890748124
      }
    },
    "noise_sigma_0.5": {
      "metrics": {
        "rmse_temp": 6.629210472106934,
        "rmse_o2": 2.223391532897949,
        "mae_temp": 5.132984638214111,
        "mae_o2": 1.4583549499511719
      },
      "degradation": {
        "rmse_temp": 31.463448571145474,
        "rmse_o2": 3.0699514475813703,
        "mae_temp": 34.424119014919235,
        "mae_o2": 3.305435050967007
      }
    },
    "noise_sigma_1.0": {
      "metrics": {
        "rmse_temp": 11.171782493591309,
        "rmse_o2": 2.982757329940796,
        "mae_temp": 8.687726020812988,
        "mae_o2": 2.023357629776001
      },
      "degradation": {
        "rmse_temp": 53.023328406017086,
        "rmse_o2": 4.118446997457366,
        "mae_temp": 58.26382418583075,
        "mae_o2": 4.586042122548455
      }
    },
    "noise_sigma_2.0": {
      "metrics": {
        "rmse_temp": 16.5205135345459,
        "rmse_o2": 3.8365578651428223,
        "mae_temp": 12.923616409301758,
        "mae_o2": 2.6613943576812744
      },
      "degradation": {
        "rmse_temp": 78.40938678145397,
        "rmse_o2": 5.297333464463407,
        "mae_temp": 86.67162299004129,
        "mae_o2": 6.032184547815365
      }
    },
    "dropout_fuel_flow": {
      "metrics": {
        "rmse_temp": 1.3283191919326782,
        "rmse_o2": 3.444150447845459,
        "mae_temp": 0.6224281787872314,
        "mae_o2": 1.7046897411346436
      },
      "degradation": {
        "rmse_temp": 6.304446473270034,
        "rmse_o2": 4.75551628968828,
        "mae_temp": 4.174285180067457,
        "mae_o2": 3.8637652798853837
      }
    },
    "dropout_air_fuel_ratio": {
      "metrics": {
        "rmse_temp": 0.20574484765529633,
        "rmse_o2": 0.7241461873054504,
        "mae_temp": 0.14877520501613617,
        "mae_o2": 0.4411478638648987
      },
      "degradation": {
        "rmse_temp": 0.9765027766456101,
        "rmse_o2": 0.9998660168869747,
        "mae_temp": 0.9977538849066881,
        "mae_o2": 0.9998838841854516
      }
    },
    "dropout_current_temp": {
      "metrics": {
        "rmse_temp": 12.570860862731934,
        "rmse_o2": 3.822895050048828,
        "mae_temp": 10.01364517211914,
        "mae_o2": 2.229168176651001
      },
      "degradation": {
        "rmse_temp": 59.66361091019703,
        "rmse_o2": 5.278468510470723,
        "mae_temp": 67.1560383430514,
        "mae_o2": 5.0525221077688505
      }
    },
    "dropout_inflow_temp": {
      "metrics": {
        "rmse_temp": 1.8946442604064941,
        "rmse_o2": 1.6478954553604126,
        "mae_temp": 0.8768627047538757,
        "mae_o2": 1.0856173038482666
      },
      "degradation": {
        "rmse_temp": 8.992329101442671,
        "rmse_o2": 2.2753343096762886,
        "mae_temp": 5.88063831001325,
        "mae_o2": 2.4606063758322394
      }
    },
    "dropout_inflow_rate": {
      "metrics": {
        "rmse_temp": 0.4409312605857849,
        "rmse_o2": 1.1924090385437012,
        "mae_temp": 0.24800413846969604,
        "mae_o2": 0.8366451263427734
      },
      "degradation": {
        "rmse_temp": 2.0927406211077684,
        "rmse_o2": 1.646420704505923,
        "mae_temp": 1.663228039942794,
        "mae_o2": 1.896298377789794
      }
    },
    "spike_frac_0.05": {
      "metrics": {
        "rmse_temp": 4.962213039398193,
        "rmse_o2": 1.434380292892456,
        "mae_temp": 1.1467355489730835,
        "mae_o2": 0.7048067450523376
      },
      "degradation": {
        "rmse_temp": 23.551573060034542,
        "rmse_o2": 1.980522904487241,
        "mae_temp": 7.690527792076658,
        "mae_o2": 1.5974800368949726
      }
    },
    "spike_frac_0.1": {
      "metrics": {
        "rmse_temp": 7.0604119300842285,
        "rmse_o2": 1.926499366760254,
        "mae_temp": 2.124326467514038,
        "mae_o2": 0.9598528146743774
      },
      "degradation": {
        "rmse_temp": 33.510009764813475,
        "rmse_o2": 2.6600171100056498,
        "mae_temp": 14.24669510986287,
        "mae_o2": 2.1755548177761894
      }
    },
    "spike_frac_0.2": {
      "metrics": {
        "rmse_temp": 10.040316581726074,
        "rmse_o2": 2.5303361415863037,
        "mae_temp": 4.07105827331543,
        "mae_o2": 1.3715425729751587
      },
      "degradation": {
        "rmse_temp": 47.65318369907712,
        "rmse_o2": 3.493765711433459,
        "mae_temp": 27.30236000979752,
        "mae_o2": 3.1086704198846475
      }
    },
    "temporal_shuffle": {
      "metrics": {
        "rmse_temp": 7.2465739250183105,
        "rmse_o2": 0.9109765291213989,
        "mae_temp": 3.0371475219726562,
        "mae_o2": 0.5192388892173767
      },
      "degradation": {
        "rmse_temp": 34.393568731323214,
        "rmse_o2": 1.2578323128917186,
        "mae_temp": 20.36848639364516,
        "mae_o2": 1.1768811319231691
      }
    },
    "extrap_shift_1.0sigma": {
      "metrics": {
        "rmse_temp": 11.230127334594727,
        "rmse_o2": 2.5361275672912598,
        "mae_temp": 11.149519920349121,
        "mae_o2": 1.560632348060608
      },
      "degradation": {
        "rmse_temp": 53.300243720748256,
        "rmse_o2": 3.501762231822882,
        "mae_temp": 74.7737286879644,
        "mae_o2": 3.5372519324772016
      }
    },
    "extrap_shift_2.0sigma": {
      "metrics": {
        "rmse_temp": 17.790515899658203,
        "rmse_o2": 2.960078001022339,
        "mae_temp": 17.192214965820312,
        "mae_o2": 1.8994495868682861
      },
      "degradation": {
        "rmse_temp": 84.43705090044283,