{
  "experiment": "C2_air_leak",
  "description": "Real + S2 air leak only",
  "config": {
    "use_real": true,
    "use_edge": true,
    "scenarios": [
      "S2_air_leak"
    ],
    "confidence_filter": null,
    "edge_fraction": 1.0,
    "seq_len": 30,
    "stride": 30,
    "hidden_size": 128,
    "epochs": 200,
    "learning_rate": 0.001,
    "batch_size": 64,
    "patience": 20,
    "min_delta": 0.0001,
    "early_stopping": true,
    "test_size": 0.2,
    "val_size": 0.1,
    "seed": 42,
    "experiment": "C2_air_leak",
    "description": "Real + S2 air leak only",
    "device": "cpu"
  },
  "data_summary": {
    "real_rows": 470676,
    "real_sequences": 15689,
    "edge_rows": 25000,
    "edge_sequences": 833,
    "total_sequences": 16522
  },
  "test_metrics": {
    "test_rmse_temp": 0.17030633985996246,
    "test_mae_temp": 0.11841965466737747,
    "test_mape_temp": 0.0370912179350853,
    "test_r2_temp": 0.9996104836463928,
    "test_max_ae_temp": 3.0118408203125,
    "test_rmse_o2": 0.4708578586578369,
    "test_mae_o2": 0.3044983744621277,
    "test_mape_o2": 8.05775260925293,
    "test_r2_o2": 0.9673236012458801,
    "test_max_ae_o2": 3.822406053543091
  },
  "training": {
    "best_val_loss": 0.016546061763969753,
    "best_epoch": 114,
    "final_train_loss": 0.014621138577192013,
    "final_val_loss": 0.01710629710354484,
    "epochs_run": 134
  },
  "wall_time_sec": 1957.0,
  "device": "cpu",
  "robustness": {
    "clean": {
      "metrics": {
        "rmse_temp": 0.17030633985996246,
        "rmse_o2": 0.4708578586578369,
        "mae_temp": 0.11841965466737747,
        "mae_o2": 0.3044983744621277
      }
    },
    "noise_sigma_0.1": {
      "metrics": {
        "rmse_temp": 1.0451014041900635,
        "rmse_o2": 0.597545325756073,
        "mae_temp": 0.8246026039123535,
        "mae_o2": 0.4312295913696289
      },
      "degradation": {
        "rmse_temp": 6.136597175709474,
        "rmse_o2": 1.269056711635554,
        "mae_temp": 6.963393080553519,
        "mae_o2": 1.4161966944203295
      }
    },
    "noise_sigma_0.25": {
      "metrics": {
        "rmse_temp": 2.4464917182922363,
        "rmse_o2": 0.9870338439941406,
        "mae_temp": 1.939483880996704,
        "mae_o2": 0.7330517768859863
      },
      "degradation": {
        "rmse_temp": 14.365241601128352,
        "rmse_o2": 2.0962458751514617,
        "mae_temp": 16.378057227446025,
        "mae_o2": 2.4074078496506406
      }
    },
    "noise_sigma_0.5": {
      "metrics": {
        "rmse_temp": 4.2242045402526855,
        "rmse_o2": 1.5056545734405518,
        "mae_temp": 3.3708972930908203,
        "mae_o2": 1.088709831237793
      },
      "degradation": {
        "rmse_temp": 24.803565995993548,
        "rmse_o2": 3.1976838567213575,
        "mae_temp": 28.465690957798774,
        "mae_o2": 3.5754208315920004
      }
    },
    "noise_sigma_1.0": {
      "metrics": {
        "rmse_temp": 6.644238471984863,
        "rmse_o2": 2.233034133911133,
        "mae_temp": 5.288575172424316,
        "mae_o2": 1.5679265260696411
      },
      "degradation": {
        "rmse_temp": 39.01345350647669,
        "rmse_o2": 4.742480332124678,
        "mae_temp": 44.65960644184538,
        "mae_o2": 5.149211482127809
      }
    },
    "noise_sigma_2.0": {
      "metrics": {
        "rmse_temp": 9.420060157775879,
        "rmse_o2": 3.1666743755340576,
        "mae_temp": 7.379855632781982,
        "mae_o2": 2.184056282043457
      },
      "degradation": {
        "rmse_temp": 55.31244559375592,
        "rmse_o2": 6.725329772684578,
        "mae_temp": 62.31951658287518,
        "mae_o2": 7.172636917689363
      }
    },
    "dropout_fuel_flow": {
      "metrics": {
        "rmse_temp": 0.6635299324989319,
        "rmse_o2": 1.5193012952804565,
        "mae_temp": 0.32960280776023865,
        "mae_o2": 0.9573245644569397
      },
      "degradation": {
        "rmse_temp": 3.896096487332953,
        "rmse_o2": 3.226666535015831,
        "mae_temp": 2.7833454563437297,
        "mae_o2": 3.143939819540836
      }
    },
    "dropout_air_fuel_ratio": {
      "metrics": {
        "rmse_temp": 0.7780330181121826,
        "rmse_o2": 1.0244051218032837,
        "mae_temp": 0.3891114592552185,
        "mae_o2": 0.675447940826416
      },
      "degradation": {
        "rmse_temp": 4.568432500821371,
        "rmse_o2": 2.1756143663468057,
        "mae_temp": 3.285868890161625,
        "mae_o2": 2.218231680282502
      }
    },
    "dropout_current_temp": {
      "metrics": {
        "rmse_temp": 8.399977684020996,
        "rmse_o2": 2.8583455085754395,
        "mae_temp": 5.31284761428833,
        "mae_o2": 1.5330485105514526
      },
      "degradation": {
        "rmse_temp": 49.32275387356709,
        "rmse_o2": 6.070506111383696,
        "mae_temp": 44.8645761483708,
        "mae_o2": 5.034668947771763
      }
    },
    "dropout_inflow_temp": {
      "metrics": {
        "rmse_temp": 1.5286377668380737,
        "rmse_o2": 2.4076898097991943,
        "mae_temp": 0.5882198214530945,
        "mae_o2": 1.3633067607879639
      },
      "degradation": {
        "rmse_temp": 8.97581245709951,
        "rmse_o2": 5.11341111872323,
        "mae_temp": 4.9672482419013395,
        "mae_o2": 4.477221801909904
      }
    },
    "dropout_inflow_rate": {
      "metrics": {
        "rmse_temp": 0.48077571392059326,
        "rmse_o2": 1.015917181968689,
        "mae_temp": 0.2614201307296753,
        "mae_o2": 0.7434252500534058
      },
      "degradation": {
        "rmse_temp": 2.8230053814550886,
        "rmse_o2": 2.1575878225002416,
        "mae_temp": 2.2075738310837343,
        "mae_o2": 2.441475266876573
      }
    },
    "spike_frac_0.05": {
      "metrics": {
        "rmse_temp": 2.870086669921875,
        "rmse_o2": 1.0966421365737915,
        "mae_temp": 0.7287499904632568,
        "mae_o2": 0.5276516079902649
      },
      "degradation": {
        "rmse_temp": 16.852494582890202,
        "rmse_o2": 2.3290301232302455,
        "mae_temp": 6.153961456062366,
        "mae_o2": 1.7328552538985462
      }
    },
    "spike_frac_0.1": {
      "metrics": {
        "rmse_temp": 4.036121845245361,
        "rmse_o2": 1.47747004032135,
        "mae_temp": 1.3185056447982788,
        "mae_o2": 0.7314395308494568
      },
      "degradation": {
        "rmse_temp": 23.699187291348856,
        "rmse_o2": 3.137826019369889,
        "mae_temp": 11.134179106515363,
        "mae_o2": 2.402113088917098
      }
    },
    "spike_frac_0.2": {
      "metrics": {
        "rmse_temp": 5.689469814300537,
        "rmse_o2": 2.0035295486450195,
        "mae_temp": 2.4234580993652344,
        "mae_o2": 1.075884461402893
      },
      "degradation": {
        "rmse_temp": 33.40726962354314,
        "rmse_o2": 4.25506235439291,
        "mae_temp": 20.464998873475473,
        "mae_o2": 3.53330116557554
      }
    },
    "temporal_shuffle": {
      "metrics": {
        "rmse_temp": 3.2950830459594727,
        "rmse_o2": 0.520195722579956,
        "mae_temp": 0.8658879995346069,
        "mae_o2": 0.33596545457839966
      },
      "degradation": {
        "rmse_temp": 19.347976409268824,
        "rmse_o2": 1.104782925494235,
        "mae_temp": 7.312029425915425,
        "mae_o2": 1.1033407162578655
      }
    },
    "extrap_shift_1.0sigma": {
      "metrics": {
        "rmse_temp": 7.342187881469727,
        "rmse_o2": 0.9542170166969299,
        "mae_temp": 7.269526958465576,
        "mae_o2": 0.7392393946647644
      },
      "degradation": {
        "rmse_temp": 43.11165331547244,
        "rmse_o2": 2.026550049343746,
        "mae_temp": 61.38784122352455,
        "mae_o2": 2.4277285419686474
      }
    },
    "extrap_shift_2.0sigma": {
      "metrics": {
        "rmse_temp": 10.348522186279297,
        "rmse_o2": 1.1871482133865356,
        "mae_temp": 9.926072120666504,
        "mae_o2": 0.9396096467971802
      },
      "degradation": {
        "rmse_temp": 60.7641629477127,