{
  "experiment": "A1_real_only",
  "description": "Real data only \u2014 no edge cases",
  "config": {
    "use_real": true,
    "use_edge": false,
    "scenarios": null,
    "confidence_filter": null,
    "edge_fraction": 1.0,
    "seq_len": 30,
    "stride": 30,
    "hidden_size": 128,
    "epochs": 200,
    "learning_rate": 0.001,
    "batch_size": 64,
    "patience": 20,
    "min_delta": 0.0001,
    "early_stopping": true,
    "test_size": 0.2,
    "val_size": 0.1,
    "seed": 456,
    "experiment": "A1_real_only",
    "description": "Real data only \u2014 no edge cases",
    "device": "cpu"
  },
  "data_summary": {
    "real_rows": 470676,
    "real_sequences": 15689,
    "total_sequences": 15689
  },
  "test_metrics": {
    "test_rmse_temp": 0.24426302313804626,
    "test_mae_temp": 0.1831047385931015,
    "test_mape_temp": 0.056818872690200806,
    "test_r2_temp": 0.9975572228431702,
    "test_max_ae_temp": 2.54986572265625,
    "test_rmse_o2": 0.443892240524292,
    "test_mae_o2": 0.2941676378250122,
    "test_mape_o2": 8.463601112365723,
    "test_r2_o2": 0.6792815327644348,
    "test_max_ae_o2": 3.2954964637756348
  },
  "training": {
    "best_val_loss": 0.1652471536397934,
    "best_epoch": 122,
    "final_train_loss": 0.10783889751673349,
    "final_val_loss": 0.1749604707956314,
    "epochs_run": 142
  },
  "wall_time_sec": 1965.2,
  "device": "cpu",
  "robustness": {
    "clean": {
      "metrics": {
        "rmse_temp": 0.24426302313804626,
        "rmse_o2": 0.443892240524292,
        "mae_temp": 0.1831047385931015,
        "mae_o2": 0.2941676378250122
      }
    },
    "noise_sigma_0.1": {
      "metrics": {
        "rmse_temp": 0.6712537407875061,
        "rmse_o2": 0.5488036870956421,
        "mae_temp": 0.528827428817749,
        "mae_o2": 0.3964870274066925
      },
      "degradation": {
        "rmse_temp": 2.7480775934233166,
        "rmse_o2": 1.236344402973651,
        "mae_temp": 2.8881143813154853,
        "mae_o2": 1.3478268049408813
      }
    },
    "noise_sigma_0.25": {
      "metrics": {
        "rmse_temp": 1.4700902700424194,
        "rmse_o2": 0.8056277632713318,
        "mae_temp": 1.1574580669403076,
        "mae_o2": 0.616771399974823
      },
      "degradation": {
        "rmse_temp": 6.018472428434621,
        "rmse_o2": 1.8149174275265212,
        "mae_temp": 6.321289529881752,
        "mae_o2": 2.096666392452436
      }
    },
    "noise_sigma_0.5": {
      "metrics": {
        "rmse_temp": 2.5993449687957764,
        "rmse_o2": 1.0179396867752075,
        "mae_temp": 2.046607255935669,
        "mae_o2": 0.8011550903320312
      },
      "degradation": {
        "rmse_temp": 10.641581911997976,
        "rmse_o2": 2.2932135186073404,
        "mae_temp": 11.177248997819083,
        "mae_o2": 2.723464403683332
      }
    },
    "noise_sigma_1.0": {
      "metrics": {
        "rmse_temp": 4.03412389755249,
        "rmse_o2": 1.1603764295578003,
        "mae_temp": 3.152174234390259,
        "mae_o2": 0.9145272374153137
      },
      "degradation": {
        "rmse_temp": 16.515491562030608,
        "rmse_o2": 2.6140948717356522,
        "mae_temp": 17.215142866373736,
        "mae_o2": 3.108864197901086
      }
    },
    "noise_sigma_2.0": {
      "metrics": {
        "rmse_temp": 5.454859256744385,
        "rmse_o2": 1.213964819908142,
        "mae_temp": 4.246775150299072,
        "mae_o2": 0.9593247175216675
      },
      "degradation": {
        "rmse_temp": 22.331907575145127,
        "rmse_o2": 2.7348187444644187,
        "mae_temp": 23.193147173194294,
        "mae_o2": 3.261149746500425
      }
    },
    "dropout_fuel_flow": {
      "metrics": {
        "rmse_temp": 0.5437726974487305,
        "rmse_o2": 0.9730707406997681,
        "mae_temp": 0.3625660538673401,
        "mae_o2": 0.7102578282356262
      },
      "degradation": {
        "rmse_temp": 2.226176891053277,
        "rmse_o2": 2.1921328013088277,
        "mae_temp": 1.9801019714352701,
        "mae_o2": 2.414466232543664
      }
    },
    "dropout_air_fuel_ratio": {
      "metrics": {
        "rmse_temp": 0.5754293203353882,
        "rmse_o2": 0.8521236181259155,
        "mae_temp": 0.32943928241729736,
        "mae_o2": 0.6086650490760803
      },
      "degradation": {
        "rmse_temp": 2.3557774440963253,
        "rmse_o2": 1.9196632433120513,
        "mae_temp": 1.799184908859093,
        "mae_o2": 2.0691094832061343
      }
    },
    "dropout_current_temp": {
      "metrics": {
        "rmse_temp": 5.201171875,
        "rmse_o2": 0.8921177983283997,
        "mae_temp": 3.5971710681915283,
        "mae_o2": 0.6615681052207947
      },
      "degradation": {
        "rmse_temp": 21.293324745516376,
        "rmse_o2": 2.0097620928779865,
        "mae_temp": 19.645428599121203,
        "mae_o2": 2.2489493069741866
      }
    },
    "dropout_inflow_temp": {
      "metrics": {
        "rmse_temp": 1.4728516340255737,
        "rmse_o2": 1.1241991519927979,
        "mae_temp": 0.6584214568138123,
        "mae_o2": 0.8473778963088989
      },
      "degradation": {
        "rmse_temp": 6.029777307690102,
        "rmse_o2": 2.5325947366527037,
        "mae_temp": 3.595873388492516,
        "mae_o2": 2.880595236696186
      }
    },
    "dropout_inflow_rate": {
      "metrics": {
        "rmse_temp": 0.7259594798088074,
        "rmse_o2": 0.9945997595787048,
        "mae_temp": 0.38679298758506775,
        "mae_o2": 0.755573570728302
      },
      "degradation": {
        "rmse_temp": 2.9720400185112275,
        "rmse_o2": 2.240633353725577,
        "mae_temp": 2.1124138597232363,
        "mae_o2": 2.568513573807057
      }
    },
    "spike_frac_0.05": {
      "metrics": {
        "rmse_temp": 1.436975359916687,
        "rmse_o2": 0.5758124589920044,
        "mae_temp": 0.46373865008354187,
        "mae_o2": 0.3871346116065979
      },
      "degradation": {
        "rmse_temp": 5.882901723952603,
        "rmse_o2": 1.2971897375631036,
        "mae_temp": 2.5326414468937903,
        "mae_o2": 1.3160339950001154
      }
    },
    "spike_frac_0.1": {
      "metrics": {
        "rmse_temp": 2.0881640911102295,
        "rmse_o2": 0.6860954165458679,
        "mae_temp": 0.770987331867218,
        "mae_o2": 0.4745887219905853
      },
      "degradation": {
        "rmse_temp": 8.548834220929521,
        "rmse_o2": 1.5456350751603674,
        "mae_temp": 4.210635605561904,
        "mae_o2": 1.61332743975358
      }
    },
    "spike_frac_0.2": {
      "metrics": {
        "rmse_temp": 2.9558067321777344,
        "rmse_o2": 0.8375945091247559,
        "mae_temp": 1.3312935829162598,
        "mae_o2": 0.6070002317428589
      },
      "degradation": {
        "rmse_temp": 12.1009176673755,
        "rmse_o2": 1.8869320809380503,
        "mae_temp": 7.2706670135647515,
        "mae_o2": 2.063450066196396
      }
    },
    "temporal_shuffle": {
      "metrics": {
        "rmse_temp": 0.44016197323799133,
        "rmse_o2": 0.4504013955593109,
        "mae_temp": 0.30187803506851196,
        "mae_o2": 0.2959860861301422
      },
      "degradation": {
        "rmse_temp": 1.8020000226937007,
        "rmse_o2": 1.0146638180188299,
        "mae_temp": 1.6486631497798128,
        "mae_o2": 1.0061816735470124
      }
    },
    "extrap_shift_1.0sigma": {
      "metrics": {
        "rmse_temp": 4.215481281280518,
        "rmse_o2": 0.8185480237007141,
        "mae_temp": 4.1199235916137695,
        "mae_o2": 0.6415996551513672
      },
      "degradation": {
        "rmse_temp": 17.25795917500833,
        "rmse_o2": 1.8440241774307815,
        "mae_temp": 22.50036576480489,
        "mae_o2": 2.181068114409742
      }
    },
    "extrap_shift_2.0sigma": {
      "metrics": {
        "rmse_temp": 5.968404769897461,
        "rmse_o2": 0.84171462059021,
        "mae_temp": 5.51107120513916,
        "mae_o2": 0.6766107082366943
      },
      "degradation": {
        "rmse_temp": 24.43433595974284,
        "rmse_o2": 1.8962138639685169,