{
  "experiment": "C3_tube_rupture",
  "description": "Real + S3 tube rupture only",
  "config": {
    "use_real": true,
    "use_edge": true,
    "scenarios": [
      "S3_tube_rupture"
    ],
    "confidence_filter": null,
    "edge_fraction": 1.0,
    "seq_len": 30,
    "stride": 30,
    "hidden_size": 128,
    "epochs": 200,
    "learning_rate": 0.001,
    "batch_size": 64,
    "patience": 20,
    "min_delta": 0.0001,
    "early_stopping": true,
    "test_size": 0.2,
    "val_size": 0.1,
    "seed": 456,
    "experiment": "C3_tube_rupture",
    "description": "Real + S3 tube rupture only",
    "device": "cpu"
  },
  "data_summary": {
    "real_rows": 470676,
    "real_sequences": 15689,
    "edge_rows": 25000,
    "edge_sequences": 833,
    "total_sequences": 16522
  },
  "test_metrics": {
    "test_rmse_temp": 0.2632825970649719,
    "test_mae_temp": 0.19896134734153748,
    "test_mape_temp": 0.06190183758735657,
    "test_r2_temp": 0.9980306029319763,
    "test_max_ae_temp": 2.6923828125,
    "test_rmse_o2": 0.531156599521637,
    "test_mae_o2": 0.3366628587245941,
    "test_mape_o2": 8.676092147827148,
    "test_r2_o2": 0.8238131999969482,
    "test_max_ae_o2": 4.241501808166504
  },
  "training": {
    "best_val_loss": 0.07484103495684954,
    "best_epoch": 113,
    "final_train_loss": 0.060931326362533844,
    "final_val_loss": 0.07835521262425643,
    "epochs_run": 133
  },
  "wall_time_sec": 2019.8,
  "device": "cpu",
  "robustness": {
    "clean": {
      "metrics": {
        "rmse_temp": 0.2632825970649719,
        "rmse_o2": 0.531156599521637,
        "mae_temp": 0.19896134734153748,
        "mae_o2": 0.3366628587245941
      }
    },
    "noise_sigma_0.1": {
      "metrics": {
        "rmse_temp": 0.8699910044670105,
        "rmse_o2": 0.6378237009048462,
        "mae_temp": 0.6824257373809814,
        "mae_o2": 0.4581303000450134
      },
      "degradation": {
        "rmse_temp": 3.3043999647736584,
        "rmse_o2": 1.200820438792014,
        "mae_temp": 3.4299412750232734,
        "mae_o2": 1.3607984610496797
      }
    },
    "noise_sigma_0.25": {
      "metrics": {
        "rmse_temp": 2.021625518798828,
        "rmse_o2": 0.9016420245170593,
        "mae_temp": 1.5841400623321533,
        "mae_o2": 0.6880616545677185
      },
      "degradation": {
        "rmse_temp": 7.678538351321181,
        "rmse_o2": 1.6975069599607422,
        "mae_temp": 7.9620493301787665,
        "mae_o2": 2.043770605330079
      }
    },
    "noise_sigma_0.5": {
      "metrics": {
        "rmse_temp": 3.537964105606079,
        "rmse_o2": 1.258754014968872,
        "mae_temp": 2.7758703231811523,
        "mae_o2": 0.953782320022583
      },
      "degradation": {
        "rmse_temp": 13.437895801115154,
        "rmse_o2": 2.369835969472118,
        "mae_temp": 13.951807023180676,
        "mae_o2": 2.8330488359656605
      }
    },
    "noise_sigma_1.0": {
      "metrics": {
        "rmse_temp": 5.4666266441345215,
        "rmse_o2": 1.6558468341827393,
        "mae_temp": 4.274425029754639,
        "mae_o2": 1.2407282590866089
      },
      "degradation": {
        "rmse_temp": 20.763342146710468,
        "rmse_o2": 3.1174362432359977,
        "mae_temp": 21.483695636706518,
        "mae_o2": 3.685373146853667
      }
    },
    "noise_sigma_2.0": {
      "metrics": {
        "rmse_temp": 7.515933036804199,
        "rmse_o2": 2.029907464981079,
        "mae_temp": 5.813045024871826,
        "mae_o2": 1.5132532119750977
      },
      "degradation": {
        "rmse_temp": 28.547017997355308,
        "rmse_o2": 3.821674185747154,
        "mae_temp": 29.216956471917836,
        "mae_o2": 4.494862360843342
      }
    },
    "dropout_fuel_flow": {
      "metrics": {
        "rmse_temp": 0.6295989155769348,
        "rmse_o2": 1.1088074445724487,
        "mae_temp": 0.38347771763801575,
        "mae_o2": 0.7760343551635742
      },
      "degradation": {
        "rmse_temp": 2.391342696386289,
        "rmse_o2": 2.087533969400075,
        "mae_temp": 1.927398073856713,
        "mae_o2": 2.305078612186343
      }
    },
    "dropout_air_fuel_ratio": {
      "metrics": {
        "rmse_temp": 0.64899742603302,
        "rmse_o2": 0.9059295654296875,
        "mae_temp": 0.40703117847442627,
        "mae_o2": 0.6564915776252747
      },
      "degradation": {
        "rmse_temp": 2.465022121735083,
        "rmse_o2": 1.7055790443827177,
        "mae_temp": 2.0457801674197333,
        "mae_o2": 1.9499970389139816
      }
    },
    "dropout_current_temp": {
      "metrics": {
        "rmse_temp": 5.708536148071289,
        "rmse_o2": 1.180580973625183,
        "mae_temp": 4.147003173828125,
        "mae_o2": 0.8239876627922058
      },
      "degradation": {
        "rmse_temp": 21.682162861157728,
        "rmse_o2": 2.222660839926345,
        "mae_temp": 20.84326040831122,
        "mae_o2": 2.4475157904670026
      }
    },
    "dropout_inflow_temp": {
      "metrics": {
        "rmse_temp": 1.3039973974227905,
        "rmse_o2": 1.491231918334961,
        "mae_temp": 0.6211104393005371,
        "mae_o2": 1.029179573059082
      },
      "degradation": {
        "rmse_temp": 4.952843112152205,
        "rmse_o2": 2.8075183847437346,
        "mae_temp": 3.1217643406602873,
        "mae_o2": 3.057003605797213
      }
    },
    "dropout_inflow_rate": {
      "metrics": {
        "rmse_temp": 0.6252387762069702,
        "rmse_o2": 1.1394968032836914,
        "mae_temp": 0.3601340055465698,
        "mae_o2": 0.8362018465995789
      },
      "degradation": {
        "rmse_temp": 2.3747820143717133,
        "rmse_o2": 2.1453123322009544,
        "mae_temp": 1.8100701988530616,
        "mae_o2": 2.483795954705033
      }
    },
    "spike_frac_0.05": {
      "metrics": {
        "rmse_temp": 2.0345139503479004,
        "rmse_o2": 0.7760230898857117,
        "mae_temp": 0.6123436689376831,
        "mae_o2": 0.48138782382011414
      },
      "degradation": {
        "rmse_temp": 7.727491193980551,
        "rmse_o2": 1.4610062090626437,
        "mae_temp": 3.0777016597426465,
        "mae_o2": 1.4298809962102526
      }
    },
    "spike_frac_0.1": {
      "metrics": {
        "rmse_temp": 2.8888051509857178,
        "rmse_o2": 0.9577243328094482,
        "mae_temp": 1.0279122591018677,
        "mae_o2": 0.6076551675796509
      },
      "degradation": {
        "rmse_temp": 10.972260161475196,
        "rmse_o2": 1.8030922211490565,
        "mae_temp": 5.166391728024194,
        "mae_o2": 1.8049367544779897
      }
    },
    "spike_frac_0.2": {
      "metrics": {
        "rmse_temp": 4.1368207931518555,
        "rmse_o2": 1.22025728225708,
        "mae_temp": 1.8348842859268188,
        "mae_o2": 0.8118489384651184
      },
      "degradation": {
        "rmse_temp": 15.712473362342996,
        "rmse_o2": 2.2973587890201337,
        "mae_temp": 9.222315341366544,
        "mae_o2": 2.4114597658343078
      }
    },
    "temporal_shuffle": {
      "metrics": {
        "rmse_temp": 3.131829261779785,
        "rmse_o2": 0.544174313545227,
        "mae_temp": 0.8430076837539673,
        "mae_o2": 0.34222212433815
      },
      "degradation": {
        "rmse_temp": 11.895314375856463,
        "rmse_o2": 1.024508241138892,
        "mae_temp": 4.23704249603245,
        "mae_o2": 1.0165128569115598
      }
    },
    "extrap_shift_1.0sigma": {
      "metrics": {
        "rmse_temp": 5.216144561767578,
        "rmse_o2": 0.8929166793823242,
        "mae_temp": 5.135742664337158,
        "mae_o2": 0.6951498985290527
      },
      "degradation": {
        "rmse_temp": 19.811961063572905,
        "rmse_o2": 1.6810798927971349,
        "mae_temp": 25.81276581084431,
        "mae_o2": 2.0648250334549605
      }
    },
    "extrap_shift_2.0sigma": {
      "metrics": {
        "rmse_temp": 8.089723587036133,
        "rmse_o2": 1.0935877561569214,
        "mae_temp": 7.84968376159668,
        "mae_o2": 0.7954646348953247
      },