{
  "experiment": "C1_flame_out",
  "description": "Real + S1 flame-out only",
  "config": {
    "use_real": true,
    "use_edge": true,
    "scenarios": [
      "S1_flame_out"
    ],
    "confidence_filter": null,
    "edge_fraction": 1.0,
    "seq_len": 30,
    "stride": 30,
    "hidden_size": 128,
    "epochs": 200,
    "learning_rate": 0.001,
    "batch_size": 64,
    "patience": 20,
    "min_delta": 0.0001,
    "early_stopping": true,
    "test_size": 0.2,
    "val_size": 0.1,
    "seed": 123,
    "experiment": "C1_flame_out",
    "description": "Real + S1 flame-out only",
    "device": "cpu"
  },
  "data_summary": {
    "real_rows": 470676,
    "real_sequences": 15689,
    "edge_rows": 25000,
    "edge_sequences": 833,
    "total_sequences": 16522
  },
  "test_metrics": {
    "test_rmse_temp": 0.2628539502620697,
    "test_mae_temp": 0.19606944918632507,
    "test_mape_temp": 0.0608401782810688,
    "test_r2_temp": 0.9982327818870544,
    "test_max_ae_temp": 3.0010986328125,
    "test_rmse_o2": 0.45962759852409363,
    "test_mae_o2": 0.2996922731399536,
    "test_mape_o2": 8.012863159179688,
    "test_r2_o2": 0.7237698435783386,
    "test_max_ae_o2": 3.6725387573242188
  },
  "training": {
    "best_val_loss": 0.13891824162923372,
    "best_epoch": 132,
    "final_train_loss": 0.08469211398331439,
    "final_val_loss": 0.14030794541423136,
    "epochs_run": 152
  },
  "wall_time_sec": 2257.2,
  "device": "cpu",
  "robustness": {
    "clean": {
      "metrics": {
        "rmse_temp": 0.2628539502620697,
        "rmse_o2": 0.45962759852409363,
        "mae_temp": 0.19606944918632507,
        "mae_o2": 0.2996922731399536
      }
    },
    "noise_sigma_0.1": {
      "metrics": {
        "rmse_temp": 0.9326191544532776,
        "rmse_o2": 0.5577574372291565,
        "mae_temp": 0.7224600315093994,
        "mae_o2": 0.40604010224342346
      },
      "degradation": {
        "rmse_temp": 3.5480507465207998,
        "rmse_o2": 1.2134985780230925,
        "mae_temp": 3.6847149543570383,
        "mae_o2": 1.3548567602001749
      }
    },
    "noise_sigma_0.25": {
      "metrics": {
        "rmse_temp": 2.210951328277588,
        "rmse_o2": 0.8404127955436707,
        "mae_temp": 1.6917279958724976,
        "mae_o2": 0.6478990316390991
      },
      "degradation": {
        "rmse_temp": 8.411330041162529,
        "rmse_o2": 1.8284646053507518,
        "mae_temp": 8.628208029823382,
        "mae_o2": 2.1618810016384242
      }
    },
    "noise_sigma_0.5": {
      "metrics": {
        "rmse_temp": 3.8728325366973877,
        "rmse_o2": 1.1357816457748413,
        "mae_temp": 2.991222620010376,
        "mae_o2": 0.8986089825630188
      },
      "degradation": {
        "rmse_temp": 14.733780994488042,
        "rmse_o2": 2.4710910515859803,
        "mae_temp": 15.255934223428214,
        "mae_o2": 2.9984389425461644
      }
    },
    "noise_sigma_1.0": {
      "metrics": {
        "rmse_temp": 6.096469879150391,
        "rmse_o2": 1.3549143075942993,
        "mae_temp": 4.747244834899902,
        "mae_o2": 1.0838159322738647
      },
      "degradation": {
        "rmse_temp": 23.19337363228557,
        "rmse_o2": 2.9478523742809473,
        "mae_temp": 24.21205779177045,
        "mae_o2": 3.616429349073449
      }
    },
    "noise_sigma_2.0": {
      "metrics": {
        "rmse_temp": 8.440711975097656,
        "rmse_o2": 1.469580888748169,
        "mae_temp": 6.528549671173096,
        "mae_o2": 1.179349422454834
      },
      "degradation": {
        "rmse_temp": 32.11179427466138,
        "rmse_o2": 3.1973295195221696,
        "mae_temp": 33.29712863613447,
        "mae_o2": 3.935201298647057
      }
    },
    "dropout_fuel_flow": {
      "metrics": {
        "rmse_temp": 0.8035687804222107,
        "rmse_o2": 1.057778000831604,
        "mae_temp": 0.5341028571128845,
        "mae_o2": 0.7586368322372437
      },
      "degradation": {
        "rmse_temp": 3.0570922735649946,
        "rmse_o2": 2.301380518115592,
        "mae_temp": 2.724049357660641,
        "mae_o2": 2.5313860257016603
      }
    },
    "dropout_air_fuel_ratio": {
      "metrics": {
        "rmse_temp": 0.9498869180679321,
        "rmse_o2": 0.8704886436462402,
        "mae_temp": 0.5824661254882812,
        "mae_o2": 0.6374111175537109
      },
      "degradation": {
        "rmse_temp": 3.613744123384409,
        "rmse_o2": 1.8938998581492041,
        "mae_temp": 2.970713325841819,
        "mae_o2": 2.1268853910559304
      }
    },
    "dropout_current_temp": {
      "metrics": {
        "rmse_temp": 6.4441728591918945,
        "rmse_o2": 1.1056159734725952,
        "mae_temp": 4.436689376831055,
        "mae_o2": 0.8242294788360596
      },
      "degradation": {
        "rmse_temp": 24.516172774907695,
        "rmse_o2": 2.4054603705757214,
        "mae_temp": 22.628152398259978,
        "mae_o2": 2.7502526848636895
      }
    },
    "dropout_inflow_temp": {
      "metrics": {
        "rmse_temp": 1.2863984107971191,
        "rmse_o2": 1.1039310693740845,
        "mae_temp": 0.6460739970207214,
        "mae_o2": 0.8185997009277344
      },
      "degradation": {
        "rmse_temp": 4.893966438452071,
        "rmse_o2": 2.4017945678608257,
        "mae_temp": 3.295128331832852,
        "mae_o2": 2.731467489471961
      }
    },
    "dropout_inflow_rate": {
      "metrics": {
        "rmse_temp": 0.7924110293388367,
        "rmse_o2": 1.1036288738250732,
        "mae_temp": 0.4498700797557831,
        "mae_o2": 0.8232526779174805
      },
      "degradation": {
        "rmse_temp": 3.0146437919186297,
        "rmse_o2": 2.4011370887408128,
        "mae_temp": 2.2944425132151562,
        "mae_o2": 2.7469933385070253
      }
    },
    "spike_frac_0.05": {
      "metrics": {
        "rmse_temp": 2.316230535507202,
        "rmse_o2": 0.647432804107666,
        "mae_temp": 0.667955756187439,
        "mae_o2": 0.42692816257476807
      },
      "degradation": {
        "rmse_temp": 8.811853628974882,
        "rmse_o2": 1.408602978121053,
        "mae_temp": 3.406730415979695,
        "mae_o2": 1.4245551214975651
      }
    },
    "spike_frac_0.1": {
      "metrics": {
        "rmse_temp": 3.3313817977905273,
        "rmse_o2": 0.7780762910842896,
        "mae_temp": 1.1502858400344849,
        "mae_o2": 0.5357301235198975
      },
      "degradation": {
        "rmse_temp": 12.673889034077993,
        "rmse_o2": 1.6928406683644843,
        "mae_temp": 5.866726533930161,
        "mae_o2": 1.7876007209225453
      }
    },
    "spike_frac_0.2": {
      "metrics": {
        "rmse_temp": 4.7268171310424805,
        "rmse_o2": 0.976442813873291,
        "mae_temp": 2.031050443649292,
        "mae_o2": 0.7092266082763672
      },
      "degradation": {
        "rmse_temp": 17.982674889723995,
        "rmse_o2": 2.124421633967887,
        "mae_temp": 10.358831791888097,
        "mae_o2": 2.366516162881399
      }
    },
    "temporal_shuffle": {
      "metrics": {
        "rmse_temp": 3.2666494846343994,
        "rmse_o2": 0.44784069061279297,
        "mae_temp": 0.8640595078468323,
        "mae_o2": 0.29591163992881775
      },
      "degradation": {
        "rmse_temp": 12.427621808146677,
        "rmse_o2": 0.9743555261930539,
        "mae_temp": 4.406905366606683,
        "mae_o2": 0.9873849493297735
      }
    },
    "extrap_shift_1.0sigma": {
      "metrics": {
        "rmse_temp": 6.108252048492432,
        "rmse_o2": 0.8169849514961243,
        "mae_temp": 5.977029800415039,
        "mae_o2": 0.6404152512550354
      },
      "degradation": {
        "rmse_temp": 23.238197647029477,
        "rmse_o2": 1.7774932447910827,
        "mae_temp": 30.484248439618245,
        "mae_o2": 2.1369094523033203
      }
    },
    "extrap_shift_2.0sigma": {
      "metrics": {
        "rmse_temp": 9.382927894592285,
        "rmse_o2": 0.8042996525764465,
        "mae_temp": 9.130742073059082,
        "mae_o2": 0.6347213983535767
      },