{
  "experiment": "A3_edge_only",
  "description": "Edge cases only \u2014 no real data",
  "config": {
    "use_real": false,
    "use_edge": true,
    "scenarios": null,
    "confidence_filter": null,
    "edge_fraction": 1.0,
    "seq_len": 30,
    "stride": 30,
    "hidden_size": 128,
    "epochs": 200,
    "learning_rate": 0.001,
    "batch_size": 64,
    "patience": 20,
    "min_delta": 0.0001,
    "early_stopping": true,
    "test_size": 0.2,
    "val_size": 0.1,
    "seed": 42,
    "experiment": "A3_edge_only",
    "description": "Edge cases only \u2014 no real data",
    "device": "cpu"
  },
  "data_summary": {
    "edge_rows": 150000,
    "edge_sequences": 4998,
    "total_sequences": 4998
  },
  "test_metrics": {
    "test_rmse_temp": 0.15917304158210754,
    "test_mae_temp": 0.11464671790599823,
    "test_mape_temp": 0.037838175892829895,
    "test_r2_temp": 0.9998675584793091,
    "test_max_ae_temp": 6.18719482421875,
    "test_rmse_o2": 1.188707947731018,
    "test_mae_o2": 0.7941087484359741,
    "test_mape_o2": 8.702208518981934,
    "test_r2_o2": 0.9363076090812683,
    "test_max_ae_o2": 9.217151641845703
  },
  "training": {
    "best_val_loss": 0.03196729114279151,
    "best_epoch": 80,
    "final_train_loss": 0.029887593927837554,
    "final_val_loss": 0.03222851897589862,
    "epochs_run": 100
  },
  "wall_time_sec": 454.8,
  "device": "cpu",
  "robustness": {
    "clean": {
      "metrics": {
        "rmse_temp": 0.15917304158210754,
        "rmse_o2": 1.188707947731018,
        "mae_temp": 0.11464671790599823,
        "mae_o2": 0.7941087484359741
      }
    },
    "noise_sigma_0.1": {
      "metrics": {
        "rmse_temp": 1.40521240234375,
        "rmse_o2": 1.495635986328125,
        "mae_temp": 1.1186704635620117,
        "mae_o2": 0.9435778856277466
      },
      "degradation": {
        "rmse_temp": 8.828206010116906,
        "rmse_o2": 1.25820306761048,
        "mae_temp": 9.757544603058225,
        "mae_o2": 1.1882225041421057
      }
    },
    "noise_sigma_0.25": {
      "metrics": {
        "rmse_temp": 3.3863768577575684,
        "rmse_o2": 3.148394823074341,
        "mae_temp": 2.706376314163208,
        "mae_o2": 1.9107710123062134
      },
      "degradation": {
        "rmse_temp": 21.274814026913884,
        "rmse_o2": 2.64858565897867,
        "mae_temp": 23.60622583528501,
        "mae_o2": 2.4061830524717753
      }
    },
    "noise_sigma_0.5": {
      "metrics": {
        "rmse_temp": 6.476661682128906,
        "rmse_o2": 4.242253303527832,
        "mae_temp": 5.189662933349609,
        "mae_o2": 2.8551056385040283
      },
      "degradation": {
        "rmse_temp": 40.689438473712876,
        "rmse_o2": 3.5687935893970932,
        "mae_temp": 45.266563475499986,
        "mae_o2": 3.5953584998619674
      }
    },
    "noise_sigma_1.0": {
      "metrics": {
        "rmse_temp": 11.613495826721191,
        "rmse_o2": 4.581638813018799,
        "mae_temp": 9.357939720153809,
        "mae_o2": 3.2790281772613525
      },
      "degradation": {
        "rmse_temp": 72.96144944701899,
        "rmse_o2": 3.8543014890782374,
        "mae_temp": 81.62413971437562,
        "mae_o2": 4.129192863974256
      }
    },
    "noise_sigma_2.0": {
      "metrics": {
        "rmse_temp": 18.50829315185547,
        "rmse_o2": 5.534532070159912,
        "mae_temp": 15.165533065795898,
        "mae_o2": 4.115339756011963
      },
      "degradation": {
        "rmse_temp": 116.27781292542672,
        "rmse_o2": 4.655922491915795,
        "mae_temp": 132.28056888842212,
        "mae_o2": 5.182337764339296
      }
    },
    "dropout_fuel_flow": {
      "metrics": {
        "rmse_temp": 0.7117147445678711,
        "rmse_o2": 5.009669780731201,
        "mae_temp": 0.462789386510849,
        "mae_o2": 3.606534481048584
      },
      "degradation": {
        "rmse_temp": 4.4713271637819485,
        "rmse_o2": 4.214382338650599,
        "mae_temp": 4.036656216275653,
        "mae_o2": 4.541612830927482
      }
    },
    "dropout_air_fuel_ratio": {
      "metrics": {
        "rmse_temp": 0.14260882139205933,
        "rmse_o2": 1.1886779069900513,
        "mae_temp": 0.11243823915719986,
        "mae_o2": 0.7939577102661133
      },
      "degradation": {
        "rmse_temp": 0.8959357688625699,
        "rmse_o2": 0.9999747282408399,
        "mae_temp": 0.9807366596346077,
        "mae_o2": 0.9998098016548007
      }
    },
    "dropout_current_temp": {
      "metrics": {
        "rmse_temp": 13.52210521697998,
        "rmse_o2": 4.303671360015869,
        "mae_temp": 11.012760162353516,
        "mae_o2": 2.831251382827759
      },
      "degradation": {
        "rmse_temp": 84.95223237915424,
        "rmse_o2": 3.6204615004304723,
        "mae_temp": 96.05822446119355,
        "mae_o2": 3.565319470921345
      }
    },
    "dropout_inflow_temp": {
      "metrics": {
        "rmse_temp": 1.0130195617675781,
        "rmse_o2": 3.628446102142334,
        "mae_temp": 0.6434606909751892,
        "mae_o2": 2.2294862270355225
      },
      "degradation": {
        "rmse_temp": 6.364265906453913,
        "rmse_o2": 3.0524285709271477,
        "mae_temp": 5.6125522189198565,
        "mae_o2": 2.8075326350787297
      }
    },
    "dropout_inflow_rate": {
      "metrics": {
        "rmse_temp": 0.19965678453445435,
        "rmse_o2": 1.5233663320541382,
        "mae_temp": 0.1431298553943634,
        "mae_o2": 1.0267624855041504
      },
      "degradation": {
        "rmse_temp": 1.2543379365623528,
        "rmse_o2": 1.2815312078647318,
        "mae_temp": 1.2484426768476637,
        "mae_o2": 1.2929746555826216
      }
    },
    "spike_frac_0.05": {
      "metrics": {
        "rmse_temp": 6.336214542388916,
        "rmse_o2": 2.8259568214416504,
        "mae_temp": 1.3792078495025635,
        "mae_o2": 1.515445590019226
      },
      "degradation": {
        "rmse_temp": 39.80708340689999,
        "rmse_o2": 2.377334842284667,
        "mae_temp": 12.03006832374749,
        "mae_o2": 1.9083602755969518
      }
    },
    "spike_frac_0.1": {
      "metrics": {
        "rmse_temp": 8.677214622497559,
        "rmse_o2": 3.370516777038574,
        "mae_temp": 2.4419848918914795,
        "mae_o2": 1.9071952104568481
      },
      "degradation": {
        "rmse_temp": 54.514348260547116,
        "rmse_o2": 2.835445647917261,
        "mae_temp": 21.300085484293806,
        "mae_o2": 2.401680140425525
      }
    },
    "spike_frac_0.2": {
      "metrics": {
        "rmse_temp": 12.275343894958496,
        "rmse_o2": 4.483902454376221,
        "mae_temp": 4.864228248596191,
        "mae_o2": 2.773282527923584
      },
      "degradation": {
        "rmse_temp": 77.11949066843962,
        "rmse_o2": 3.7720808234983236,
        "mae_temp": 42.427976460560316,
        "mae_o2": 3.4923208356357542
      }
    },
    "temporal_shuffle": {
      "metrics": {
        "rmse_temp": 14.634714126586914,
        "rmse_o2": 1.6824997663497925,
        "mae_temp": 11.72960376739502,
        "mae_o2": 1.114405632019043
      },
      "degradation": {
        "rmse_temp": 91.94216546423013,
        "rmse_o2": 1.4154021343605168,
        "mae_temp": 102.31085530954685,
        "mae_o2": 1.4033413360750717
      }
    },
    "extrap_shift_1.0sigma": {
      "metrics": {
        "rmse_temp": 13.539259910583496,
        "rmse_o2": 5.152009010314941,
        "mae_temp": 13.525406837463379,
        "mae_o2": 3.9110493659973145
      },
      "degradation": {
        "rmse_temp": 85.0600062423223,
        "rmse_o2": 4.334125148358765,
        "mae_temp": 117.9746536534365,
        "mae_o2": 4.92508031639277
      }
    },
    "extrap_shift_2.0sigma": {
      "metrics": {
        "rmse_temp": 25.603200912475586,
        "rmse_o2": 6.676427364349365,
        "mae_temp": 25.439760208129883,
        "mae_o2": 4.949147701263428
      },
      "degradation": {
        "rmse_temp": 160.85136438929248,
        "rmse_o2": 5.616541369217894,