{
  "experiment": "B1_edge_10pct",
  "description": "Real + 10 % edge cases",
  "config": {
    "use_real": true,
    "use_edge": true,
    "scenarios": null,
    "confidence_filter": null,
    "edge_fraction": 0.1,
    "seq_len": 30,
    "stride": 30,
    "hidden_size": 128,
    "epochs": 200,
    "learning_rate": 0.001,
    "batch_size": 64,
    "patience": 20,
    "min_delta": 0.0001,
    "early_stopping": true,
    "test_size": 0.2,
    "val_size": 0.1,
    "seed": 456,
    "experiment": "B1_edge_10pct",
    "description": "Real + 10 % edge cases",
    "device": "cpu"
  },
  "data_summary": {
    "real_rows": 470676,
    "real_sequences": 15689,
    "edge_rows": 15000,
    "edge_sequences": 497,
    "total_sequences": 16186
  },
  "test_metrics": {
    "test_rmse_temp": 0.2504814565181732,
    "test_mae_temp": 0.16074933111667633,
    "test_mape_temp": 0.05030626058578491,
    "test_r2_temp": 0.9986754655838013,
    "test_max_ae_temp": 15.21197509765625,
    "test_rmse_o2": 0.49628570675849915,
    "test_mae_o2": 0.3211797773838043,
    "test_mape_o2": 8.656230926513672,
    "test_r2_o2": 0.9126807451248169,
    "test_max_ae_o2": 8.953329086303711
  },
  "training": {
    "best_val_loss": 0.05229750361580115,
    "best_epoch": 90,
    "final_train_loss": 0.041493520067243155,
    "final_val_loss": 0.053060226214046664,
    "epochs_run": 110
  },
  "wall_time_sec": 1566.0,
  "device": "cpu",
  "robustness": {
    "clean": {
      "metrics": {
        "rmse_temp": 0.2504814565181732,
        "rmse_o2": 0.49628570675849915,
        "mae_temp": 0.16074933111667633,
        "mae_o2": 0.3211797773838043
      }
    },
    "noise_sigma_0.1": {
      "metrics": {
        "rmse_temp": 1.0505380630493164,
        "rmse_o2": 0.6287110447883606,
        "mae_temp": 0.8150967955589294,
        "mae_o2": 0.44922080636024475
      },
      "degradation": {
        "rmse_temp": 4.19407519284006,
        "rmse_o2": 1.2668328670894038,
        "mae_temp": 5.07060769644702,
        "mae_o2": 1.3986584398912314
      }
    },
    "noise_sigma_0.25": {
      "metrics": {
        "rmse_temp": 2.5062053203582764,
        "rmse_o2": 0.9354157447814941,
        "mae_temp": 1.9395781755447388,
        "mae_o2": 0.7088333368301392
      },
      "degradation": {
        "rmse_temp": 10.005552327888365,
        "rmse_o2": 1.8848331355161976,
        "mae_temp": 12.065855341798835,
        "mae_o2": 2.2069675201969376
      }
    },
    "noise_sigma_0.5": {
      "metrics": {
        "rmse_temp": 4.425777435302734,
        "rmse_o2": 1.3160035610198975,
        "mae_temp": 3.4268033504486084,
        "mae_o2": 0.9959763884544373
      },
      "degradation": {
        "rmse_temp": 17.669082162102608,
        "rmse_o2": 2.6517055460158288,
        "mae_temp": 21.317683418298888,
        "mae_o2": 3.1009934578298886
      }
    },
    "noise_sigma_1.0": {
      "metrics": {
        "rmse_temp": 7.024256229400635,
        "rmse_o2": 1.783022403717041,
        "mae_temp": 5.418758869171143,
        "mae_o2": 1.331117033958435
      },
      "degradation": {
        "rmse_temp": 28.04301894056977,
        "rmse_o2": 3.592733740737549,
        "mae_temp": 33.70937117765085,
        "mae_o2": 4.144460914697544
      }
    },
    "noise_sigma_2.0": {
      "metrics": {
        "rmse_temp": 9.982491493225098,
        "rmse_o2": 2.329434394836426,
        "mae_temp": 7.577038764953613,
        "mae_o2": 1.7123135328292847
      },
      "degradation": {
        "rmse_temp": 39.8532156111957,
        "rmse_o2": 4.693736618068606,
        "mae_temp": 47.13574054907879,
        "mae_o2": 5.331324240825721
      }
    },
    "dropout_fuel_flow": {
      "metrics": {
        "rmse_temp": 1.1142534017562866,
        "rmse_o2": 1.595829963684082,
        "mae_temp": 0.42272090911865234,
        "mae_o2": 0.8770585656166077
      },
      "degradation": {
        "rmse_temp": 4.448446672440377,
        "rmse_o2": 3.2155468955720687,
        "mae_temp": 2.6296900035735127,
        "mae_o2": 2.7307403123595098
      }
    },
    "dropout_air_fuel_ratio": {
      "metrics": {
        "rmse_temp": 0.24049517512321472,
        "rmse_o2": 0.4958816468715668,
        "mae_temp": 0.16046467423439026,
        "mae_o2": 0.3211834728717804
      },
      "degradation": {
        "rmse_temp": 0.960131653920521,
        "rmse_o2": 0.9991858321095494,
        "mae_temp": 0.9982291877651456,
        "mae_o2": 1.0000115059796297
      }
    },
    "dropout_current_temp": {
      "metrics": {
        "rmse_temp": 6.679205417633057,
        "rmse_o2": 1.7007853984832764,
        "mae_temp": 4.254247665405273,
        "mae_o2": 0.8940125107765198
      },
      "degradation": {
        "rmse_temp": 26.665468615831283,
        "rmse_o2": 3.4270287766133607,
        "mae_temp": 26.465103374628804,
        "mae_o2": 2.783526777615859
      }
    },
    "dropout_inflow_temp": {
      "metrics": {
        "rmse_temp": 1.1683169603347778,
        "rmse_o2": 1.5244026184082031,
        "mae_temp": 0.49983254075050354,
        "mae_o2": 0.9241398572921753
      },
      "degradation": {
        "rmse_temp": 4.664285239214955,
        "rmse_o2": 3.071623054318594,
        "mae_temp": 3.109391107747199,
        "mae_o2": 2.877328905386979
      }
    },
    "dropout_inflow_rate": {
      "metrics": {
        "rmse_temp": 0.6188696026802063,
        "rmse_o2": 1.1043283939361572,
        "mae_temp": 0.3431553244590759,
        "mae_o2": 0.8240846991539001
      },
      "degradation": {
        "rmse_temp": 2.47072023327725,
        "rmse_o2": 2.2251867803106844,
        "mae_temp": 2.1347231871839285,
        "mae_o2": 2.565805063651729
      }
    },
    "spike_frac_0.05": {
      "metrics": {
        "rmse_temp": 3.238692045211792,
        "rmse_o2": 0.9804051518440247,
        "mae_temp": 0.8319749236106873,
        "mae_o2": 0.5201630592346191
      },
      "degradation": {
        "rmse_temp": 12.929867504889787,
        "rmse_o2": 1.9754853675870743,
        "mae_temp": 5.175604264299033,
        "mae_o2": 1.6195386380538934
      }
    },
    "spike_frac_0.1": {
      "metrics": {
        "rmse_temp": 4.363187789916992,
        "rmse_o2": 1.2443954944610596,
        "mae_temp": 1.402052879333496,
        "mae_o2": 0.6764650940895081
      },
      "degradation": {
        "rmse_temp": 17.419204800896825,
        "rmse_o2": 2.5074175570939885,
        "mae_temp": 8.721982664524104,
        "mae_o2": 2.1061883148425746
      }
    },
    "spike_frac_0.2": {
      "metrics": {
        "rmse_temp": 6.198996067047119,
        "rmse_o2": 1.6453454494476318,
        "mae_temp": 2.5736098289489746,
        "mae_o2": 0.9636925458908081
      },
      "degradation": {
        "rmse_temp": 24.74832330191821,
        "rmse_o2": 3.3153190330510247,
        "mae_temp": 16.010081106222316,
        "mae_o2": 3.0004770342038443
      }
    },
    "temporal_shuffle": {
      "metrics": {
        "rmse_temp": 2.355659008026123,
        "rmse_o2": 0.5535141229629517,
        "mae_temp": 0.5956696271896362,
        "mae_o2": 0.3385096490383148
      },
      "degradation": {
        "rmse_temp": 9.404524553518048,
        "rmse_o2": 1.115313448332496,
        "mae_temp": 3.7055807514202512,
        "mae_o2": 1.053956920313204
      }
    },
    "extrap_shift_1.0sigma": {
      "metrics": {
        "rmse_temp": 5.6822333335876465,
        "rmse_o2": 1.1842228174209595,
        "mae_temp": 5.58473539352417,
        "mae_o2": 0.8349071145057678
      },
      "degradation": {
        "rmse_temp": 22.68524549710682,
        "rmse_o2": 2.3861715163141337,
        "mae_temp": 34.741888844754286,
        "mae_o2": 2.5995008817384795
      }
    },
    "extrap_shift_2.0sigma": {
      "metrics": {
        "rmse_temp": 8.606273651123047,
        "rmse_o2": 1.159006953239441,
        "mae_temp": 8.200218200683594,
        "mae_o2": 0.7697287797927856
      },
      "degradation": {
        "rmse_temp": 34.35892529033835,