{
  "experiment": "A3_edge_only",
  "description": "Edge cases only \u2014 no real data",
  "config": {
    "use_real": false,
    "use_edge": true,
    "scenarios": null,
    "confidence_filter": null,
    "edge_fraction": 1.0,
    "seq_len": 30,
    "stride": 30,
    "hidden_size": 128,
    "epochs": 200,
    "learning_rate": 0.001,
    "batch_size": 64,
    "patience": 20,
    "min_delta": 0.0001,
    "early_stopping": true,
    "test_size": 0.2,
    "val_size": 0.1,
    "seed": 456,
    "experiment": "A3_edge_only",
    "description": "Edge cases only \u2014 no real data",
    "device": "cpu"
  },
  "data_summary": {
    "edge_rows": 150000,
    "edge_sequences": 4998,
    "total_sequences": 4998
  },
  "test_metrics": {
    "test_rmse_temp": 0.1344791203737259,
    "test_mae_temp": 0.10654348134994507,
    "test_mape_temp": 0.03562305495142937,
    "test_r2_temp": 0.9999016523361206,
    "test_max_ae_temp": 1.83343505859375,
    "test_rmse_o2": 1.1709870100021362,
    "test_mae_o2": 0.7662785649299622,
    "test_mape_o2": 8.463302612304688,
    "test_r2_o2": 0.9379956722259521,
    "test_max_ae_o2": 9.845535278320312
  },
  "training": {
    "best_val_loss": 0.030563859501853585,
    "best_epoch": 86,
    "final_train_loss": 0.030391199041217093,
    "final_val_loss": 0.030595501884818077,
    "epochs_run": 106
  },
  "wall_time_sec": 504.2,
  "device": "cpu",
  "robustness": {
    "clean": {
      "metrics": {
        "rmse_temp": 0.1344791203737259,
        "rmse_o2": 1.1709870100021362,
        "mae_temp": 0.10654348134994507,
        "mae_o2": 0.7662785649299622
      }
    },
    "noise_sigma_0.1": {
      "metrics": {
        "rmse_temp": 1.4023971557617188,
        "rmse_o2": 1.6015368700027466,
        "mae_temp": 1.1153584718704224,
        "mae_o2": 0.9491079449653625
      },
      "degradation": {
        "rmse_temp": 10.428363539740365,
        "rmse_o2": 1.3676811581366943,
        "mae_temp": 10.46857543735591,
        "mae_o2": 1.2385938853086815
      }
    },
    "noise_sigma_0.25": {
      "metrics": {
        "rmse_temp": 3.4704575538635254,
        "rmse_o2": 3.0979788303375244,
        "mae_temp": 2.785221815109253,
        "mae_o2": 1.867773175239563
      },
      "degradation": {
        "rmse_temp": 25.80666459015278,
        "rmse_o2": 2.645613319256097,
        "mae_temp": 26.14164451751969,
        "mae_o2": 2.437459770795334
      }
    },
    "noise_sigma_0.5": {
      "metrics": {
        "rmse_temp": 6.524901390075684,
        "rmse_o2": 4.225220203399658,
        "mae_temp": 5.23103141784668,
        "mae_o2": 2.8522489070892334
      },
      "degradation": {
        "rmse_temp": 48.51981015300051,
        "rmse_o2": 3.608255401050051,
        "mae_temp": 49.09762053546204,
        "mae_o2": 3.7222089167402572
      }
    },
    "noise_sigma_1.0": {
      "metrics": {
        "rmse_temp": 11.612804412841797,
        "rmse_o2": 4.658474445343018,
        "mae_temp": 9.414069175720215,
        "mae_o2": 3.382441520690918
      },
      "degradation": {
        "rmse_temp": 86.35395874518726,
        "rmse_o2": 3.9782460484634403,
        "mae_temp": 88.35894093604318,
        "mae_o2": 4.414114756035324
      }
    },
    "noise_sigma_2.0": {
      "metrics": {
        "rmse_temp": 18.677946090698242,
        "rmse_o2": 5.517731189727783,
        "mae_temp": 15.321233749389648,
        "mae_o2": 4.111609935760498
      },
      "degradation": {
        "rmse_temp": 138.89104895087848,
        "rmse_o2": 4.712034499612184,
        "mae_temp": 143.80263865291414,
        "mae_o2": 5.365685696997539
      }
    },
    "dropout_fuel_flow": {
      "metrics": {
        "rmse_temp": 0.6818521022796631,
        "rmse_o2": 4.924951553344727,
        "mae_temp": 0.4424847662448883,
        "mae_o2": 3.51743483543396
      },
      "degradation": {
        "rmse_temp": 5.070319469555969,
        "rmse_o2": 4.205812285941363,
        "mae_temp": 4.153090931875359,
        "mae_o2": 4.590282172065525
      }
    },
    "dropout_air_fuel_ratio": {
      "metrics": {
        "rmse_temp": 0.13313782215118408,
        "rmse_o2": 1.1707512140274048,
        "mae_temp": 0.10627996176481247,
        "mae_o2": 0.7659258842468262
      },
      "degradation": {
        "rmse_temp": 0.9900259741526101,
        "rmse_o2": 0.9997986348501585,
        "mae_temp": 0.9975266475077245,
        "mae_o2": 0.9995397487294085
      }
    },
    "dropout_current_temp": {
      "metrics": {
        "rmse_temp": 13.449995994567871,
        "rmse_o2": 3.8102734088897705,
        "mae_temp": 10.93941879272461,
        "mae_o2": 2.47167706489563
      },
      "degradation": {
        "rmse_temp": 100.01549651120182,
        "rmse_o2": 3.253898955619345,
        "mae_temp": 102.67562739754842,
        "mae_o2": 3.225559447981611
      }
    },
    "dropout_inflow_temp": {
      "metrics": {
        "rmse_temp": 0.9520831108093262,
        "rmse_o2": 3.1888718605041504,
        "mae_temp": 0.5940731167793274,
        "mae_o2": 1.938066840171814
      },
      "degradation": {
        "rmse_temp": 7.0797838962913175,
        "rmse_o2": 2.7232341889926968,
        "mae_temp": 5.57587483769258,
        "mae_o2": 2.5291935973035513
      }
    },
    "dropout_inflow_rate": {
      "metrics": {
        "rmse_temp": 0.18729622662067413,
        "rmse_o2": 1.6182233095169067,
        "mae_temp": 0.1324494183063507,
        "mae_o2": 1.0553675889968872
      },
      "degradation": {
        "rmse_temp": 1.3927532103137363,
        "rmse_o2": 1.3819310510660188,
        "mae_temp": 1.2431489625471956,
        "mae_o2": 1.3772636183466098
      }
    },
    "spike_frac_0.05": {
      "metrics": {
        "rmse_temp": 5.885760307312012,
        "rmse_o2": 2.779684066772461,
        "mae_temp": 1.2409367561340332,
        "mae_o2": 1.4708871841430664
      },
      "degradation": {
        "rmse_temp": 43.76709403627206,
        "rmse_o2": 2.373795817570504,
        "mae_temp": 11.647233039608885,
        "mae_o2": 1.9195201999125546
      }
    },
    "spike_frac_0.1": {
      "metrics": {
        "rmse_temp": 8.27824592590332,
        "rmse_o2": 3.5945913791656494,
        "mae_temp": 2.3546664714813232,
        "mae_o2": 2.023768424987793
      },
      "degradation": {
        "rmse_temp": 61.55785301761014,
        "rmse_o2": 3.0697107213504373,
        "mae_temp": 22.10052122989444,
        "mae_o2": 2.6410348894109617
      }
    },
    "spike_frac_0.2": {
      "metrics": {
        "rmse_temp": 12.04129409790039,
        "rmse_o2": 4.62475061416626,
        "mae_temp": 4.785901069641113,
        "mae_o2": 2.942028284072876
      },
      "degradation": {
        "rmse_temp": 89.5402502963797,
        "rmse_o2": 3.94944655633526,
        "mae_temp": 44.91969859631005,
        "mae_o2": 3.8393717620716394
      }
    },
    "temporal_shuffle": {
      "metrics": {
        "rmse_temp": 14.54527759552002,
        "rmse_o2": 1.6460304260253906,
        "mae_temp": 11.640549659729004,
        "mae_o2": 1.0859920978546143
      },
      "degradation": {
        "rmse_temp": 108.16011850090767,
        "rmse_o2": 1.405677784608719,
        "mae_temp": 109.25632908028686,
        "mae_o2": 1.417228861091624
      }
    },
    "extrap_shift_1.0sigma": {
      "metrics": {
        "rmse_temp": 13.740302085876465,
        "rmse_o2": 5.2127909660339355,
        "mae_temp": 13.7300443649292,
        "mae_o2": 3.9798738956451416
      },
      "degradation": {
        "rmse_temp": 102.17424123307251,
        "rmse_o2": 4.451621513738591,
        "mae_temp": 128.86799071106455,
        "mae_o2": 5.1937690518707145
      }
    },
    "extrap_shift_2.0sigma": {
      "metrics": {
        "rmse_temp": 26.223325729370117,
        "rmse_o2": 6.712540626525879,
        "mae_temp": 26.122255325317383,
        "mae_o2": 5.009658336639404
      },
      "degradation": {
        "rmse_temp": 194.9992359891547,
        "rmse_o2": 5.732378386087847,