{
  "experiment": "C5_fuel_trip",
  "description": "Real + S5 fuel trip only",
  "config": {
    "use_real": true,
    "use_edge": true,
    "scenarios": [
      "S5_fuel_trip"
    ],
    "confidence_filter": null,
    "edge_fraction": 1.0,
    "seq_len": 30,
    "stride": 30,
    "hidden_size": 128,
    "epochs": 200,
    "learning_rate": 0.001,
    "batch_size": 64,
    "patience": 20,
    "min_delta": 0.0001,
    "early_stopping": true,
    "test_size": 0.2,
    "val_size": 0.1,
    "seed": 123,
    "experiment": "C5_fuel_trip",
    "description": "Real + S5 fuel trip only",
    "device": "cpu"
  },
  "data_summary": {
    "real_rows": 470676,
    "real_sequences": 15689,
    "edge_rows": 25000,
    "edge_sequences": 833,
    "total_sequences": 16522
  },
  "test_metrics": {
    "test_rmse_temp": 0.2278374582529068,
    "test_mae_temp": 0.16399335861206055,
    "test_mape_temp": 0.051747966557741165,
    "test_r2_temp": 0.999430239200592,
    "test_max_ae_temp": 3.39923095703125,
    "test_rmse_o2": 0.5747400522232056,
    "test_mae_o2": 0.38314390182495117,
    "test_mape_o2": 9.551976203918457,
    "test_r2_o2": 0.9643352627754211,
    "test_max_ae_o2": 6.120306015014648
  },
  "training": {
    "best_val_loss": 0.01627276848571805,
    "best_epoch": 76,
    "final_train_loss": 0.014014314878102086,
    "final_val_loss": 0.01790606391687806,
    "epochs_run": 96
  },
  "wall_time_sec": 1391.4,
  "device": "cpu",
  "robustness": {
    "clean": {
      "metrics": {
        "rmse_temp": 0.2278374582529068,
        "rmse_o2": 0.5747400522232056,
        "mae_temp": 0.16399335861206055,
        "mae_o2": 0.38314390182495117
      }
    },
    "noise_sigma_0.1": {
      "metrics": {
        "rmse_temp": 1.4006202220916748,
        "rmse_o2": 0.722922146320343,
        "mae_temp": 1.107060432434082,
        "mae_o2": 0.5292896628379822
      },
      "degradation": {
        "rmse_temp": 6.147453684007227,
        "rmse_o2": 1.257824547852443,
        "mae_temp": 6.750641866253391,
        "mae_o2": 1.3814383063828621
      }
    },
    "noise_sigma_0.25": {
      "metrics": {
        "rmse_temp": 3.3251914978027344,
        "rmse_o2": 1.1944236755371094,
        "mae_temp": 2.6267099380493164,
        "mae_o2": 0.9059829115867615
      },
      "degradation": {
        "rmse_temp": 14.594577745471803,
        "rmse_o2": 2.078198084363266,
        "mae_temp": 16.01717264821077,
        "mae_o2": 2.364602195862907
      }
    },
    "noise_sigma_0.5": {
      "metrics": {
        "rmse_temp": 5.777098655700684,
        "rmse_o2": 1.8915424346923828,
        "mae_temp": 4.571349620819092,
        "mae_o2": 1.3957189321517944
      },
      "degradation": {
        "rmse_temp": 25.35622851483851,
        "rmse_o2": 3.2911268796659137,
        "mae_temp": 27.875211895824307,
        "mae_o2": 3.6428060723499742
      }
    },
    "noise_sigma_1.0": {
      "metrics": {
        "rmse_temp": 9.00483226776123,
        "rmse_o2": 2.863633394241333,
        "mae_temp": 7.034073352813721,
        "mae_o2": 2.0411698818206787
      },
      "degradation": {
        "rmse_temp": 39.523054447726416,
        "rmse_o2": 4.982484486968057,
        "mae_temp": 42.89242815895604,
        "mae_o2": 5.327423644480287
      }
    },
    "noise_sigma_2.0": {
      "metrics": {
        "rmse_temp": 12.448145866394043,
        "rmse_o2": 3.968334436416626,
        "mae_temp": 9.440476417541504,
        "mae_o2": 2.722404956817627
      },
      "degradation": {
        "rmse_temp": 54.63608118633507,
        "rmse_o2": 6.904572634300223,
        "mae_temp": 57.56621181150213,
        "mae_o2": 7.105437262215452
      }
    },
    "dropout_fuel_flow": {
      "metrics": {
        "rmse_temp": 3.6971514225006104,
        "rmse_o2": 2.3892743587493896,
        "mae_temp": 1.0621141195297241,
        "mae_o2": 1.1483793258666992
      },
      "degradation": {
        "rmse_temp": 16.227144784931085,
        "rmse_o2": 4.157139126649021,
        "mae_temp": 6.476567883716806,
        "mae_o2": 2.997253304559614
      }
    },
    "dropout_air_fuel_ratio": {
      "metrics": {
        "rmse_temp": 0.22361916303634644,
        "rmse_o2": 0.5736697912216187,
        "mae_temp": 0.16210322082042694,
        "mae_o2": 0.3829062283039093
      },
      "degradation": {
        "rmse_temp": 0.9814855061634425,
        "rmse_o2": 0.9981378346655206,
        "mae_temp": 0.9884743028154885,
        "mae_o2": 0.9993796755738253
      }
    },
    "dropout_current_temp": {
      "metrics": {
        "rmse_temp": 9.593464851379395,
        "rmse_o2": 2.818232774734497,
        "mae_temp": 5.854299068450928,
        "mae_o2": 1.369597315788269
      },
      "degradation": {
        "rmse_temp": 42.10661813445243,
        "rmse_o2": 4.903491176285746,
        "mae_temp": 35.69839119094903,
        "mae_o2": 3.5746290343256035
      }
    },
    "dropout_inflow_temp": {
      "metrics": {
        "rmse_temp": 1.4660491943359375,
        "rmse_o2": 1.4539378881454468,
        "mae_temp": 0.5707679390907288,
        "mae_o2": 1.0981892347335815
      },
      "degradation": {
        "rmse_temp": 6.434627587482022,
        "rmse_o2": 2.529731280291558,
        "mae_temp": 3.4804332560864624,
        "mae_o2": 2.8662578981494966
      }
    },
    "dropout_inflow_rate": {
      "metrics": {
        "rmse_temp": 0.5039328336715698,
        "rmse_o2": 1.0625778436660767,
        "mae_temp": 0.2708719074726105,
        "mae_o2": 0.7920788526535034
      },
      "degradation": {
        "rmse_temp": 2.2118085302382036,
        "rmse_o2": 1.8487972772313679,
        "mae_temp": 1.6517248610864768,
        "mae_o2": 2.0673142620325047
      }
    },
    "spike_frac_0.05": {
      "metrics": {
        "rmse_temp": 3.909942388534546,
        "rmse_o2": 1.4333915710449219,
        "mae_temp": 0.9693734645843506,
        "mae_o2": 0.6611373424530029
      },
      "degradation": {
        "rmse_temp": 17.161104317598145,
        "rmse_o2": 2.493982393432103,
        "mae_temp": 5.911053184034613,
        "mae_o2": 1.7255588286905843
      }
    },
    "spike_frac_0.1": {
      "metrics": {
        "rmse_temp": 5.311187744140625,
        "rmse_o2": 1.8942428827285767,
        "mae_temp": 1.677653193473816,
        "mae_o2": 0.8975018858909607
      },
      "degradation": {
        "rmse_temp": 23.311301771305043,
        "rmse_o2": 3.295825435170699,
        "mae_temp": 10.230006920234125,
        "mae_o2": 2.342466842395437
      }
    },
    "spike_frac_0.2": {
      "metrics": {
        "rmse_temp": 7.512156963348389,
        "rmse_o2": 2.5973143577575684,
        "mae_temp": 3.0913662910461426,
        "mae_o2": 1.331385612487793
      },
      "degradation": {
        "rmse_temp": 32.971562362715865,
        "rmse_o2": 4.519111462148244,
        "mae_temp": 18.850557834839016,
        "mae_o2": 3.474897045591162
      }
    },
    "temporal_shuffle": {
      "metrics": {
        "rmse_temp": 3.093390941619873,
        "rmse_o2": 0.7985560894012451,
        "mae_temp": 0.816647469997406,
        "mae_o2": 0.4465831220149994
      },
      "degradation": {
        "rmse_temp": 13.577183336491188,
        "rmse_o2": 1.3894213328482605,
        "mae_temp": 4.979759405557704,
        "mae_o2": 1.165575440161989
      }
    },
    "extrap_shift_1.0sigma": {
      "metrics": {
        "rmse_temp": 9.500024795532227,
        "rmse_o2": 1.591098427772522,
        "mae_temp": 9.392462730407715,
        "mae_o2": 1.2149690389633179
      },
      "degradation": {
        "rmse_temp": 41.696500954583584,
        "rmse_o2": 2.7683792379143335,
        "mae_temp": 57.273433570113895,
        "mae_o2": 3.1710514852939164
      }
    },
    "extrap_shift_2.0sigma": {
      "metrics": {
        "rmse_temp": 13.869108200073242,
        "rmse_o2": 2.563546895980835,
        "mae_temp": 13.273686408996582,
        "mae_o2": 1.8790886402130127
      },
      "degradation": {
        "rmse_temp": 60.8728183083841,