{
  "experiment": "A2_baseline",
  "description": "Real + all edge cases (BASELINE)",
  "config": {
    "use_real": true,
    "use_edge": true,
    "scenarios": null,
    "confidence_filter": null,
    "edge_fraction": 1.0,
    "seq_len": 30,
    "stride": 30,
    "hidden_size": 128,
    "epochs": 200,
    "learning_rate": 0.001,
    "batch_size": 64,
    "patience": 20,
    "min_delta": 0.0001,
    "early_stopping": true,
    "test_size": 0.2,
    "val_size": 0.1,
    "seed": 456,
    "experiment": "A2_baseline",
    "description": "Real + all edge cases (BASELINE)",
    "device": "cpu"
  },
  "data_summary": {
    "real_rows": 470676,
    "real_sequences": 15689,
    "edge_rows": 150000,
    "edge_sequences": 4998,
    "total_sequences": 20687
  },
  "test_metrics": {
    "test_rmse_temp": 0.24017588794231415,
    "test_mae_temp": 0.1801692098379135,
    "test_mape_temp": 0.057433661073446274,
    "test_r2_temp": 0.9996728897094727,
    "test_max_ae_temp": 11.849822998046875,
    "test_rmse_o2": 0.7242928743362427,
    "test_mae_o2": 0.4535883963108063,
    "test_mape_o2": 9.371994018554688,
    "test_r2_o2": 0.9637900590896606,
    "test_max_ae_o2": 10.143017768859863
  },
  "training": {
    "best_val_loss": 0.018359101236318096,
    "best_epoch": 81,
    "final_train_loss": 0.01782456337758358,
    "final_val_loss": 0.018682286171524815,
    "epochs_run": 101
  },
  "wall_time_sec": 1905.5,
  "device": "cpu",
  "robustness": {
    "clean": {
      "metrics": {
        "rmse_temp": 0.24017588794231415,
        "rmse_o2": 0.7242928743362427,
        "mae_temp": 0.1801692098379135,
        "mae_o2": 0.4535883963108063
      }
    },
    "noise_sigma_0.1": {
      "metrics": {
        "rmse_temp": 1.490646481513977,
        "rmse_o2": 0.8939939737319946,
        "mae_temp": 1.1761749982833862,
        "mae_o2": 0.6228981614112854
      },
      "degradation": {
        "rmse_temp": 6.2064784865998,
        "rmse_o2": 1.2342990044617927,
        "mae_temp": 6.528168710633266,
        "mae_o2": 1.3732674082439826
      }
    },
    "noise_sigma_0.25": {
      "metrics": {
        "rmse_temp": 3.523135185241699,
        "rmse_o2": 1.440946340560913,
        "mae_temp": 2.7777493000030518,
        "mae_o2": 0.9576271772384644
      },
      "degradation": {
        "rmse_temp": 14.668979535897009,
        "rmse_o2": 1.9894525979997066,
        "mae_temp": 15.41744731245706,
        "mae_o2": 2.111225033592531
      }
    },
    "noise_sigma_0.5": {
      "metrics": {
        "rmse_temp": 6.449202537536621,
        "rmse_o2": 2.1666433811187744,
        "mae_temp": 5.054460525512695,
        "mae_o2": 1.3932126760482788
      },
      "degradation": {
        "rmse_temp": 26.851998311693976,
        "rmse_o2": 2.991391269870399,
        "mae_temp": 28.053963993403002,
        "mae_o2": 3.071535090799868
      }
    },
    "noise_sigma_1.0": {
      "metrics": {
        "rmse_temp": 11.068246841430664,
        "rmse_o2": 2.872744083404541,
        "mae_temp": 8.642525672912598,
        "mae_o2": 1.9391698837280273
      },
      "degradation": {
        "rmse_temp": 46.08392181353798,
        "rmse_o2": 3.9662741208619297,
        "mae_temp": 47.968938092628115,
        "mae_o2": 4.275175245883663
      }
    },
    "noise_sigma_2.0": {
      "metrics": {
        "rmse_temp": 16.875465393066406,
        "rmse_o2": 3.7726690769195557,
        "mae_temp": 13.206999778747559,
        "mae_o2": 2.645010471343994
      },
      "degradation": {
        "rmse_temp": 70.26294578379819,
        "rmse_o2": 5.208761829083172,
        "mae_temp": 73.30331187348291,
        "mae_o2": 5.831301005177366
      }
    },
    "dropout_fuel_flow": {
      "metrics": {
        "rmse_temp": 1.5296679735183716,
        "rmse_o2": 3.6910157203674316,
        "mae_temp": 0.6571719646453857,
        "mae_o2": 1.9238427877426147
      },
      "degradation": {
        "rmse_temp": 6.368948967457424,
        "rmse_o2": 5.096026553830115,
        "mae_temp": 3.647526484889402,
        "mae_o2": 4.241384487323538
      }
    },
    "dropout_air_fuel_ratio": {
      "metrics": {
        "rmse_temp": 0.2351747453212738,
        "rmse_o2": 0.7243348956108093,
        "mae_temp": 0.1797681599855423,
        "mae_o2": 0.4537075161933899
      },
      "degradation": {
        "rmse_temp": 0.97917716610153,
        "rmse_o2": 1.0000580169653128,
        "mae_temp": 0.9977740377907411,
        "mae_o2": 1.0002626166885054
      }
    },
    "dropout_current_temp": {
      "metrics": {
        "rmse_temp": 13.059754371643066,
        "rmse_o2": 4.054764270782471,
        "mae_temp": 10.062650680541992,
        "mae_o2": 2.3044686317443848
      },
      "degradation": {
        "rmse_temp": 54.375793022069644,
        "rmse_o2": 5.598238522639536,
        "mae_temp": 55.851111794266636,
        "mae_o2": 5.080528184775972
      }
    },
    "dropout_inflow_temp": {
      "metrics": {
        "rmse_temp": 1.7578293085098267,
        "rmse_o2": 1.7137465476989746,
        "mae_temp": 0.8499447107315063,
        "mae_o2": 1.122687816619873
      },
      "degradation": {
        "rmse_temp": 7.318924991054994,
        "rmse_o2": 2.3660961034160226,
        "mae_temp": 4.717480370237213,
        "mae_o2": 2.475124641086693
      }
    },
    "dropout_inflow_rate": {
      "metrics": {
        "rmse_temp": 0.39869365096092224,
        "rmse_o2": 1.2011613845825195,
        "mae_temp": 0.2689271569252014,
        "mae_o2": 0.8355361223220825
      },
      "degradation": {
        "rmse_temp": 1.6600069822857537,
        "rmse_o2": 1.658391828972899,
        "mae_temp": 1.49263660071073,
        "mae_o2": 1.8420579739644825
      }
    },
    "spike_frac_0.05": {
      "metrics": {
        "rmse_temp": 5.432028293609619,
        "rmse_o2": 1.5236191749572754,
        "mae_temp": 1.2849687337875366,
        "mae_o2": 0.7548632025718689
      },
      "degradation": {
        "rmse_temp": 22.616876074230618,
        "rmse_o2": 2.1035954224367486,
        "mae_temp": 7.132010707842584,
        "mae_o2": 1.6642030720173542
      }
    },
    "spike_frac_0.1": {
      "metrics": {
        "rmse_temp": 7.686274528503418,
        "rmse_o2": 2.0141777992248535,
        "mae_temp": 2.3483428955078125,
        "mae_o2": 1.018787145614624
      },
      "degradation": {
        "rmse_temp": 32.00269017158592,
        "rmse_o2": 2.7808886026535724,
        "mae_temp": 13.034096656251439,
        "mae_o2": 2.246060864653456
      }
    },
    "spike_frac_0.2": {
      "metrics": {
        "rmse_temp": 10.611956596374512,
        "rmse_o2": 2.64365553855896,
        "mae_temp": 4.304884433746338,
        "mae_o2": 1.4519445896148682
      },
      "degradation": {
        "rmse_temp": 44.184104771263755,
        "rmse_o2": 3.649981426341743,
        "mae_temp": 23.89356337644574,
        "mae_o2": 3.2010179304057234
      }
    },
    "temporal_shuffle": {
      "metrics": {
        "rmse_temp": 7.2597761154174805,
        "rmse_o2": 0.9384159445762634,
        "mae_temp": 3.1122772693634033,
        "mae_o2": 0.5342880487442017
      },
      "degradation": {
        "rmse_temp": 30.226914856503605,
        "rmse_o2": 1.2956305078056272,
        "mae_temp": 17.27419059096344,
        "mae_o2": 1.1779138379415215
      }
    },
    "extrap_shift_1.0sigma": {
      "metrics": {
        "rmse_temp": 11.844239234924316,
        "rmse_o2": 2.862299919128418,
        "mae_temp": 11.788984298706055,
        "mae_o2": 1.9072129726409912
      },
      "degradation": {
        "rmse_temp": 49.31485561018967,
        "rmse_o2": 3.9518543127343206,
        "mae_temp": 65.43284676283942,
        "mae_o2": 4.2047216995695305
      }
    },
    "extrap_shift_2.0sigma": {
      "metrics": {
        "rmse_temp": 20.118135452270508,
        "rmse_o2": 3.6566641330718994,
        "mae_temp": 19.80879783630371,
        "mae_o2": 2.8916895389556885
      },
      "degradation": {
        "rmse_temp": 83.76417643182614,