{
  "experiment": "C3_tube_rupture",
  "description": "Real + S3 tube rupture only",
  "config": {
    "use_real": true,
    "use_edge": true,
    "scenarios": [
      "S3_tube_rupture"
    ],
    "confidence_filter": null,
    "edge_fraction": 1.0,
    "seq_len": 30,
    "stride": 30,
    "hidden_size": 128,
    "epochs": 200,
    "learning_rate": 0.001,
    "batch_size": 64,
    "patience": 20,
    "min_delta": 0.0001,
    "early_stopping": true,
    "test_size": 0.2,
    "val_size": 0.1,
    "seed": 123,
    "experiment": "C3_tube_rupture",
    "description": "Real + S3 tube rupture only",
    "device": "cpu"
  },
  "data_summary": {
    "real_rows": 470676,
    "real_sequences": 15689,
    "edge_rows": 25000,
    "edge_sequences": 833,
    "total_sequences": 16522
  },
  "test_metrics": {
    "test_rmse_temp": 0.21435639262199402,
    "test_mae_temp": 0.15517961978912354,
    "test_mape_temp": 0.048284295946359634,
    "test_r2_temp": 0.9987569451332092,
    "test_max_ae_temp": 3.223907470703125,
    "test_rmse_o2": 0.5254502296447754,
    "test_mae_o2": 0.3532511591911316,
    "test_mape_o2": 9.110384941101074,
    "test_r2_o2": 0.8251340985298157,
    "test_max_ae_o2": 3.200286626815796
  },
  "training": {
    "best_val_loss": 0.08388831108235396,
    "best_epoch": 80,
    "final_train_loss": 0.06925329447224521,
    "final_val_loss": 0.08721131172317725,
    "epochs_run": 100
  },
  "wall_time_sec": 1512.8,
  "device": "cpu",
  "robustness": {
    "clean": {
      "metrics": {
        "rmse_temp": 0.21435639262199402,
        "rmse_o2": 0.5254502296447754,
        "mae_temp": 0.15517961978912354,
        "mae_o2": 0.3532511591911316
      }
    },
    "noise_sigma_0.1": {
      "metrics": {
        "rmse_temp": 0.8028163909912109,
        "rmse_o2": 0.6166952848434448,
        "mae_temp": 0.6332483291625977,
        "mae_o2": 0.4464515745639801
      },
      "degradation": {
        "rmse_temp": 3.74524119001636,
        "rmse_o2": 1.173651185308939,
        "mae_temp": 4.08074417261191,
        "mae_o2": 1.2638361204143171
      }
    },
    "noise_sigma_0.25": {
      "metrics": {
        "rmse_temp": 1.9216991662979126,
        "rmse_o2": 0.847012460231781,
        "mae_temp": 1.5113004446029663,
        "mae_o2": 0.6489121317863464
      },
      "degradation": {
        "rmse_temp": 8.964972505796577,
        "rmse_o2": 1.611974669426625,
        "mae_temp": 9.739039486349435,
        "mae_o2": 1.8369709904766178
      }
    },
    "noise_sigma_0.5": {
      "metrics": {
        "rmse_temp": 3.5455713272094727,
        "rmse_o2": 1.2049753665924072,
        "mae_temp": 2.7870967388153076,
        "mae_o2": 0.9146366119384766
      },
      "degradation": {
        "rmse_temp": 16.54054392239142,
        "rmse_o2": 2.2932245503194792,
        "mae_temp": 17.960456035417184,
        "mae_o2": 2.5891963497948476
      }
    },
    "noise_sigma_1.0": {
      "metrics": {
        "rmse_temp": 5.676586151123047,
        "rmse_o2": 1.6436712741851807,
        "mae_temp": 4.460745334625244,
        "mae_o2": 1.2288607358932495
      },
      "degradation": {
        "rmse_temp": 26.48200075438572,
        "rmse_o2": 3.128119813167397,
        "mae_temp": 28.745690579001508,
        "mae_o2": 3.4787167824362517
      }
    },
    "noise_sigma_2.0": {
      "metrics": {
        "rmse_temp": 7.804281711578369,
        "rmse_o2": 2.0482430458068848,
        "mae_temp": 6.10751485824585,
        "mae_o2": 1.5234136581420898
      },
      "degradation": {
        "rmse_temp": 36.407972797624005,
        "rmse_o2": 3.8980724153295663,
        "mae_temp": 39.35771247890325,
        "mae_o2": 4.312551051864561
      }
    },
    "dropout_fuel_flow": {
      "metrics": {
        "rmse_temp": 0.6008638143539429,
        "rmse_o2": 0.9964159727096558,
        "mae_temp": 0.37969183921813965,
        "mae_o2": 0.7268944382667542
      },
      "degradation": {
        "rmse_temp": 2.803106578741199,
        "rmse_o2": 1.8963089489622478,
        "mae_temp": 2.4467893382785055,
        "mae_o2": 2.0577269723082705
      }
    },
    "dropout_air_fuel_ratio": {
      "metrics": {
        "rmse_temp": 0.6695056557655334,
        "rmse_o2": 0.9163286089897156,
        "mae_temp": 0.4109606444835663,
        "mae_o2": 0.6509843468666077
      },
      "degradation": {
        "rmse_temp": 3.123329552135964,
        "rmse_o2": 1.7438922990083934,
        "mae_temp": 2.6482900592360537,
        "mae_o2": 1.8428371144123643
      }
    },
    "dropout_current_temp": {
      "metrics": {
        "rmse_temp": 6.533290863037109,
        "rmse_o2": 1.1769614219665527,
        "mae_temp": 4.4955244064331055,
        "mae_o2": 0.7904258966445923
      },
      "degradation": {
        "rmse_temp": 30.478637856899454,
        "rmse_o2": 2.239910376977519,
        "mae_temp": 28.96981196720392,
        "mae_o2": 2.237574813496708
      }
    },
    "dropout_inflow_temp": {
      "metrics": {
        "rmse_temp": 1.2897621393203735,
        "rmse_o2": 1.57585871219635,
        "mae_temp": 0.6002974510192871,
        "mae_o2": 1.1093764305114746
      },
      "degradation": {
        "rmse_temp": 6.0169054141287015,
        "rmse_o2": 2.999063704400113,
        "mae_temp": 3.8684039298139954,
        "mae_o2": 3.1404749896694057
      }
    },
    "dropout_inflow_rate": {
      "metrics": {
        "rmse_temp": 0.8585875034332275,
        "rmse_o2": 1.2259882688522339,
        "mae_temp": 0.4226611256599426,
        "mae_o2": 0.8927335143089294
      },
      "degradation": {
        "rmse_temp": 4.005420565867147,
        "rmse_o2": 2.3332148311763974,
        "mae_temp": 2.723689658695547,
        "mae_o2": 2.5271920306025186
      }
    },
    "spike_frac_0.05": {
      "metrics": {
        "rmse_temp": 2.2188098430633545,
        "rmse_o2": 0.7755000591278076,
        "mae_temp": 0.5967940092086792,
        "mae_o2": 0.47513434290885925
      },
      "degradation": {
        "rmse_temp": 10.351031830322441,
        "rmse_o2": 1.4758772865168897,
        "mae_temp": 3.8458272421318833,
        "mae_o2": 1.3450326504145482
      }
    },
    "spike_frac_0.1": {
      "metrics": {
        "rmse_temp": 3.122462511062622,
        "rmse_o2": 0.9705470204353333,
        "mae_temp": 1.0304701328277588,
        "mae_o2": 0.5941301584243774
      },
      "degradation": {
        "rmse_temp": 14.5666871552971,
        "rmse_o2": 1.8470769745242293,
        "mae_temp": 6.640499146911713,
        "mae_o2": 1.6818916030871813
      }
    },
    "spike_frac_0.2": {
      "metrics": {
        "rmse_temp": 4.378463268280029,
        "rmse_o2": 1.2327513694763184,
        "mae_temp": 1.8528004884719849,
        "mae_o2": 0.7812435626983643
      },
      "degradation": {
        "rmse_temp": 20.42609140190754,
        "rmse_o2": 2.3460858896373606,
        "mae_temp": 11.939715350442215,
        "mae_o2": 2.2115810305824395
      }
    },
    "temporal_shuffle": {
      "metrics": {
        "rmse_temp": 3.1221320629119873,
        "rmse_o2": 0.5279396772384644,
        "mae_temp": 0.8064125776290894,
        "mae_o2": 0.35411766171455383
      },
      "degradation": {
        "rmse_temp": 14.565145572391208,
        "rmse_o2": 1.004737741946315,
        "mae_temp": 5.196639730944942,
        "mae_o2": 1.0024529361075738
      }
    },
    "extrap_shift_1.0sigma": {
      "metrics": {
        "rmse_temp": 5.066850662231445,
        "rmse_o2": 0.8888393640518188,
        "mae_temp": 5.012203693389893,
        "mae_o2": 0.6836428046226501
      },
      "degradation": {
        "rmse_temp": 23.63750667873276,
        "rmse_o2": 1.6915766972881685,
        "mae_temp": 32.29936830752047,
        "mae_o2": 1.93528821303246
      }
    },
    "extrap_shift_2.0sigma": {
      "metrics": {
        "rmse_temp": 7.656989097595215,
        "rmse_o2": 1.0944703817367554,
        "mae_temp": 7.41553258895874,
        "mae_o2": 0.7660717964172363
      },