{
  "experiment": "E2_seq60",
  "description": "Longer sequences (60 timesteps)",
  "config": {
    "use_real": true,
    "use_edge": true,
    "scenarios": null,
    "confidence_filter": null,
    "edge_fraction": 1.0,
    "seq_len": 60,
    "stride": 60,
    "hidden_size": 128,
    "epochs": 200,
    "learning_rate": 0.001,
    "batch_size": 64,
    "patience": 20,
    "min_delta": 0.0001,
    "early_stopping": true,
    "test_size": 0.2,
    "val_size": 0.1,
    "seed": 123,
    "experiment": "E2_seq60",
    "description": "Longer sequences (60 timesteps)",
    "device": "cpu"
  },
  "data_summary": {
    "real_rows": 470676,
    "real_sequences": 7844,
    "edge_rows": 150000,
    "edge_sequences": 2496,
    "total_sequences": 10340
  },
  "test_metrics": {
    "test_rmse_temp": 0.20357516407966614,
    "test_mae_temp": 0.14786560833454132,
    "test_mape_temp": 0.04725782945752144,
    "test_r2_temp": 0.9997656941413879,
    "test_max_ae_temp": 4.967864990234375,
    "test_rmse_o2": 0.7326608896255493,
    "test_mae_o2": 0.48242729902267456,
    "test_mape_o2": 10.384653091430664,
    "test_r2_o2": 0.961266040802002,
    "test_max_ae_o2": 9.732616424560547
  },
  "training": {
    "best_val_loss": 0.0190623133607647,
    "best_epoch": 108,
    "final_train_loss": 0.01820713642698068,
    "final_val_loss": 0.019025416277787265,
    "epochs_run": 128
  },
  "wall_time_sec": 2310.2,
  "device": "cpu",
  "robustness": {
    "clean": {
      "metrics": {
        "rmse_temp": 0.20357516407966614,
        "rmse_o2": 0.7326608896255493,
        "mae_temp": 0.14786560833454132,
        "mae_o2": 0.48242729902267456
      }
    },
    "noise_sigma_0.1": {
      "metrics": {
        "rmse_temp": 1.5229226350784302,
        "rmse_o2": 0.8450100421905518,
        "mae_temp": 1.1931419372558594,
        "mae_o2": 0.5975698828697205
      },
      "degradation": {
        "rmse_temp": 7.48088619730871,
        "rmse_o2": 1.1533440015099239,
        "mae_temp": 8.06909700433121,
        "mae_o2": 1.238673441739942
      }
    },
    "noise_sigma_0.25": {
      "metrics": {
        "rmse_temp": 3.6262423992156982,
        "rmse_o2": 1.241460919380188,
        "mae_temp": 2.8241050243377686,
        "mae_o2": 0.8834123015403748
      },
      "degradation": {
        "rmse_temp": 17.812793695190745,
        "rmse_o2": 1.694455015900573,
        "mae_temp": 19.099133707605077,
        "mae_o2": 1.8311822389198036
      }
    },
    "noise_sigma_0.5": {
      "metrics": {
        "rmse_temp": 6.702174663543701,
        "rmse_o2": 2.0958378314971924,
        "mae_temp": 5.169793128967285,
        "mae_o2": 1.3893481492996216
      },
      "degradation": {
        "rmse_temp": 32.922359138666366,
        "rmse_o2": 2.8605837450506466,
        "mae_temp": 34.96278267270094,
        "mae_o2": 2.8799119621013007
      }
    },
    "noise_sigma_1.0": {
      "metrics": {
        "rmse_temp": 11.525408744812012,
        "rmse_o2": 3.0305063724517822,
        "mae_temp": 8.90622615814209,
        "mae_o2": 2.0668349266052246
      },
      "degradation": {
        "rmse_temp": 56.61500407928795,
        "rmse_o2": 4.136301548729622,
        "mae_temp": 60.231897453747536,
        "mae_o2": 4.284241233430037
      }
    },
    "noise_sigma_2.0": {
      "metrics": {
        "rmse_temp": 17.096046447753906,
        "rmse_o2": 3.9442696571350098,
        "mae_temp": 13.415738105773926,
        "mae_o2": 2.737689256668091
      },
      "degradation": {
        "rmse_temp": 83.97903803758508,
        "rmse_o2": 5.383486020593866,
        "mae_temp": 90.72926596576289,
        "mae_o2": 5.674822428610983
      }
    },
    "dropout_fuel_flow": {
      "metrics": {
        "rmse_temp": 1.434856653213501,
        "rmse_o2": 3.355285167694092,
        "mae_temp": 0.6043963432312012,
        "mae_o2": 1.732914924621582
      },
      "degradation": {
        "rmse_temp": 7.048289312207018,
        "rmse_o2": 4.579588204044741,
        "mae_temp": 4.087470710997065,
        "mae_o2": 3.59207476055399
      }
    },
    "dropout_air_fuel_ratio": {
      "metrics": {
        "rmse_temp": 0.20237354934215546,
        "rmse_o2": 0.7325005531311035,
        "mae_temp": 0.1480044275522232,
        "mae_o2": 0.4823586046695709
      },
      "degradation": {
        "rmse_temp": 0.9940974394251725,
        "rmse_o2": 0.9997811586550939,
        "mae_temp": 1.000938820184392,
        "mae_o2": 0.9998576068285464
      }
    },
    "dropout_current_temp": {
      "metrics": {
        "rmse_temp": 13.338488578796387,
        "rmse_o2": 4.16240119934082,
        "mae_temp": 10.00308895111084,
        "mae_o2": 2.351057767868042
      },
      "degradation": {
        "rmse_temp": 65.52119773105802,
        "rmse_o2": 5.681211128204419,
        "mae_temp": 67.6498684432364,
        "mae_o2": 4.87339288765568
      }
    },
    "dropout_inflow_temp": {
      "metrics": {
        "rmse_temp": 1.7016037702560425,
        "rmse_o2": 1.6590694189071655,
        "mae_temp": 0.6910483837127686,
        "mae_o2": 1.1133201122283936
      },
      "degradation": {
        "rmse_temp": 8.358601983443053,
        "rmse_o2": 2.2644438135016163,
        "mae_temp": 4.673489606516839,
        "mae_o2": 2.307746917481273
      }
    },
    "dropout_inflow_rate": {
      "metrics": {
        "rmse_temp": 0.4463551640510559,
        "rmse_o2": 1.1636135578155518,
        "mae_temp": 0.24871473014354706,
        "mae_o2": 0.8073403835296631
      },
      "degradation": {
        "rmse_temp": 2.192581624919538,
        "rmse_o2": 1.5882020922534232,
        "mae_temp": 1.6820323058546363,
        "mae_o2": 1.6734964732825315
      }
    },
    "spike_frac_0.05": {
      "metrics": {
        "rmse_temp": 5.299413204193115,
        "rmse_o2": 1.4686310291290283,
        "mae_temp": 1.1913107633590698,
        "mae_o2": 0.7199554443359375
      },
      "degradation": {
        "rmse_temp": 26.03172753489354,
        "rmse_o2": 2.0045167551930074,
        "mae_temp": 8.056712962379773,
        "mae_o2": 1.4923604982438998
      }
    },
    "spike_frac_0.1": {
      "metrics": {
        "rmse_temp": 7.497530937194824,
        "rmse_o2": 2.0037481784820557,
        "mae_temp": 2.229126453399658,
        "mae_o2": 0.9789531230926514
      },
      "degradation": {
        "rmse_temp": 36.829300720891354,
        "rmse_o2": 2.7348916898050035,
        "mae_temp": 15.07535442830174,
        "mae_o2": 2.0292241443961894
      }
    },
    "spike_frac_0.2": {
      "metrics": {
        "rmse_temp": 10.549345970153809,
        "rmse_o2": 2.702303647994995,
        "mae_temp": 4.236924648284912,
        "mae_o2": 1.4126108884811401
      },
      "degradation": {
        "rmse_temp": 51.82039772801302,
        "rmse_o2": 3.6883416137800085,
        "mae_temp": 28.65388845997916,
        "mae_o2": 2.9281321586545332
      }
    },
    "temporal_shuffle": {
      "metrics": {
        "rmse_temp": 7.173951625823975,
        "rmse_o2": 0.9453107714653015,
        "mae_temp": 3.1202754974365234,
        "mae_o2": 0.5705849528312683
      },
      "degradation": {
        "rmse_temp": 35.239817480960276,
        "rmse_o2": 1.290243255578217,
        "mae_temp": 21.10210435395496,
        "mae_o2": 1.1827376974462016
      }
    },
    "extrap_shift_1.0sigma": {
      "metrics": {
        "rmse_temp": 11.934723854064941,
        "rmse_o2": 2.736968517303467,
        "mae_temp": 11.886407852172852,
        "mae_o2": 1.8396673202514648
      },
      "degradation": {
        "rmse_temp": 58.62563789654844,
        "rmse_o2": 3.73565527525604,
        "mae_temp": 80.3865617302992,
        "mae_o2": 3.8133565906787514
      }
    },
    "extrap_shift_2.0sigma": {
      "metrics": {
        "rmse_temp": 20.009084701538086,
        "rmse_o2": 3.6457252502441406,
        "mae_temp": 19.70184898376465,
        "mae_o2": 3.0083861351013184
      },
      "degradation": {
        "rmse_temp": 98.28843705958073,