{
  "experiment": "D2_hidden_256",
  "description": "Larger CfC backbone (hidden=256)",
  "config": {
    "use_real": true,
    "use_edge": true,
    "scenarios": null,
    "confidence_filter": null,
    "edge_fraction": 1.0,
    "seq_len": 30,
    "stride": 30,
    "hidden_size": 256,
    "epochs": 200,
    "learning_rate": 0.001,
    "batch_size": 64,
    "patience": 20,
    "min_delta": 0.0001,
    "early_stopping": true,
    "test_size": 0.2,
    "val_size": 0.1,
    "seed": 123,
    "experiment": "D2_hidden_256",
    "description": "Larger CfC backbone (hidden=256)",
    "device": "cpu"
  },
  "data_summary": {
    "real_rows": 470676,
    "real_sequences": 15689,
    "edge_rows": 150000,
    "edge_sequences": 4998,
    "total_sequences": 20687
  },
  "test_metrics": {
    "test_rmse_temp": 0.45730873942375183,
    "test_mae_temp": 0.3479230999946594,
    "test_mape_temp": 0.11181437969207764,
    "test_r2_temp": 0.9988356828689575,
    "test_max_ae_temp": 9.51202392578125,
    "test_rmse_o2": 0.7487841248512268,
    "test_mae_o2": 0.48207423090934753,
    "test_mape_o2": 10.177678108215332,
    "test_r2_o2": 0.9607471227645874,
    "test_max_ae_o2": 9.728157043457031
  },
  "training": {
    "best_val_loss": 0.019480535167862068,
    "best_epoch": 67,
    "final_train_loss": 0.018778835923112497,
    "final_val_loss": 0.020713011705965706,
    "epochs_run": 87
  },
  "wall_time_sec": 2415.0,
  "device": "cpu",
  "robustness": {
    "clean": {
      "metrics": {
        "rmse_temp": 0.45730873942375183,
        "rmse_o2": 0.7487841248512268,
        "mae_temp": 0.3479230999946594,
        "mae_o2": 0.48207423090934753
      }
    },
    "noise_sigma_0.1": {
      "metrics": {
        "rmse_temp": 1.3802026510238647,
        "rmse_o2": 0.8856704831123352,
        "mae_temp": 1.0951931476593018,
        "mae_o2": 0.6148689985275269
      },
      "degradation": {
        "rmse_temp": 3.018098129423545,
        "rmse_o2": 1.182811512314455,
        "mae_temp": 3.1478023381491855,
        "mae_o2": 1.2754653933019517
      }
    },
    "noise_sigma_0.25": {
      "metrics": {
        "rmse_temp": 3.2519381046295166,
        "rmse_o2": 1.468953251838684,
        "mae_temp": 2.558969736099243,
        "mae_o2": 0.9630802273750305
      },
      "degradation": {
        "rmse_temp": 7.111034240734688,
        "rmse_o2": 1.9617847161630797,
        "mae_temp": 7.354986593699938,
        "mae_o2": 1.9977840872314425
      }
    },
    "noise_sigma_0.5": {
      "metrics": {
        "rmse_temp": 6.245280742645264,
        "rmse_o2": 2.2448666095733643,
        "mae_temp": 4.923997402191162,
        "mae_o2": 1.461592674255371
      },
      "degradation": {
        "rmse_temp": 13.656596089798878,
        "rmse_o2": 2.9980157632473694,
        "mae_temp": 14.152545209751077,
        "mae_o2": 3.0318830183026706
      }
    },
    "noise_sigma_1.0": {
      "metrics": {
        "rmse_temp": 11.156765937805176,
        "rmse_o2": 3.0299997329711914,
        "mae_temp": 8.865473747253418,
        "mae_o2": 2.0918331146240234
      },
      "degradation": {
        "rmse_temp": 24.396572765837924,
        "rmse_o2": 4.046559792614742,
        "mae_temp": 25.481130018068654,
        "mae_o2": 4.339234459137447
      }
    },
    "noise_sigma_2.0": {
      "metrics": {
        "rmse_temp": 17.481565475463867,
        "rmse_o2": 3.93289852142334,
        "mae_temp": 14.043747901916504,
        "mae_o2": 2.7915263175964355
      },
      "degradation": {
        "rmse_temp": 38.2270531227812,
        "rmse_o2": 5.252379679129486,
        "mae_temp": 40.36451705026793,
        "mae_o2": 5.790656580690315
      }
    },
    "dropout_fuel_flow": {
      "metrics": {
        "rmse_temp": 1.4956392049789429,
        "rmse_o2": 3.432203531265259,
        "mae_temp": 0.8648051023483276,
        "mae_o2": 1.7657805681228638
      },
      "degradation": {
        "rmse_temp": 3.2705239940605035,
        "rmse_o2": 4.583702321342871,
        "mae_temp": 2.4856213984113222,
        "mae_o2": 3.6628810562888456
      }
    },
    "dropout_air_fuel_ratio": {
      "metrics": {
        "rmse_temp": 0.45476090908050537,
        "rmse_o2": 0.7485323548316956,
        "mae_temp": 0.34758782386779785,
        "mae_o2": 0.4820382297039032
      },
      "degradation": {
        "rmse_temp": 0.9944286427885526,
        "rmse_o2": 0.9996637615419781,
        "mae_temp": 0.9990363499093141,
        "mae_o2": 0.9999253202035371
      }
    },
    "dropout_current_temp": {
      "metrics": {
        "rmse_temp": 13.576139450073242,
        "rmse_o2": 4.103383541107178,
        "mae_temp": 10.478087425231934,
        "mae_o2": 2.4569528102874756
      },
      "degradation": {
        "rmse_temp": 29.68703258805056,
        "rmse_o2": 5.480062149985437,
        "mae_temp": 30.116101590819266,
        "mae_o2": 5.096627558068951
      }
    },
    "dropout_inflow_temp": {
      "metrics": {
        "rmse_temp": 1.6979061365127563,
        "rmse_o2": 1.6968106031417847,
        "mae_temp": 0.9050981998443604,
        "mae_o2": 1.1520107984542847
      },
      "degradation": {
        "rmse_temp": 3.712822411074548,
        "rmse_o2": 2.2660878440484002,
        "mae_temp": 2.6014317527587374,
        "mae_o2": 2.3896958696199557
      }
    },
    "dropout_inflow_rate": {
      "metrics": {
        "rmse_temp": 0.5261383652687073,
        "rmse_o2": 1.2048158645629883,
        "mae_temp": 0.39777636528015137,
        "mae_o2": 0.8352593183517456
      },
      "degradation": {
        "rmse_temp": 1.1505101912805924,
        "rmse_o2": 1.6090296583175676,
        "mae_temp": 1.1432881728354833,
        "mae_o2": 1.732636313656876
      }
    },
    "spike_frac_0.05": {
      "metrics": {
        "rmse_temp": 5.6007280349731445,
        "rmse_o2": 1.5797419548034668,
        "mae_temp": 1.4114216566085815,
        "mae_o2": 0.7660328149795532
      },
      "degradation": {
        "rmse_temp": 12.247148484480181,
        "rmse_o2": 2.1097428516093872,
        "mae_temp": 4.056705796856393,
        "mae_o2": 1.5890349781496684
      }
    },
    "spike_frac_0.1": {
      "metrics": {
        "rmse_temp": 7.984579086303711,
        "rmse_o2": 2.0975656509399414,
        "mae_temp": 2.52244234085083,
        "mae_o2": 1.0335869789123535
      },
      "degradation": {
        "rmse_temp": 17.459931109921417,
        "rmse_o2": 2.8012955688085657,
        "mae_temp": 7.249999614539964,
        "mae_o2": 2.1440411302688283
      }
    },
    "spike_frac_0.2": {
      "metrics": {
        "rmse_temp": 11.264694213867188,
        "rmse_o2": 2.787529945373535,
        "mae_temp": 4.640841960906982,
        "mae_o2": 1.5020346641540527
      },
      "degradation": {
        "rmse_temp": 24.632580230287456,
        "rmse_o2": 3.722741779451293,
        "mae_temp": 13.338700307562846,
        "mae_o2": 3.1157746418445367
      }
    },
    "temporal_shuffle": {
      "metrics": {
        "rmse_temp": 7.106356620788574,
        "rmse_o2": 0.9729812741279602,
        "mae_temp": 3.0908963680267334,
        "mae_o2": 0.5715070366859436
      },
      "degradation": {
        "rmse_temp": 15.53951632269961,
        "rmse_o2": 1.2994149339387748,
        "mae_temp": 8.883849241611662,
        "mae_o2": 1.1855166695135249
      }
    },
    "extrap_shift_1.0sigma": {
      "metrics": {
        "rmse_temp": 11.230984687805176,
        "rmse_o2": 2.6209356784820557,
        "mae_temp": 11.140063285827637,
        "mae_o2": 1.681206226348877
      },
      "degradation": {
        "rmse_temp": 24.558867390020094,
        "rmse_o2": 3.5002554027207773,
        "mae_temp": 32.01875151721353,
        "mae_o2": 3.487442635499474
      }
    },
    "extrap_shift_2.0sigma": {
      "metrics": {
        "rmse_temp": 18.855649948120117,
        "rmse_o2": 3.0022637844085693,
        "mae_temp": 18.401569366455078,
        "mae_o2": 2.057450294494629
      },