{
  "experiment": "E1_seq15",
  "description": "Shorter sequences (15 timesteps)",
  "config": {
    "use_real": true,
    "use_edge": true,
    "scenarios": null,
    "confidence_filter": null,
    "edge_fraction": 1.0,
    "seq_len": 15,
    "stride": 15,
    "hidden_size": 128,
    "epochs": 200,
    "learning_rate": 0.001,
    "batch_size": 64,
    "patience": 20,
    "min_delta": 0.0001,
    "early_stopping": true,
    "test_size": 0.2,
    "val_size": 0.1,
    "seed": 123,
    "experiment": "E1_seq15",
    "description": "Shorter sequences (15 timesteps)",
    "device": "cpu"
  },
  "data_summary": {
    "real_rows": 470676,
    "real_sequences": 31378,
    "edge_rows": 150000,
    "edge_sequences": 9996,
    "total_sequences": 41374
  },
  "test_metrics": {
    "test_rmse_temp": 0.25606948137283325,
    "test_mae_temp": 0.18604815006256104,
    "test_mape_temp": 0.05937429890036583,
    "test_r2_temp": 0.9996272325515747,
    "test_max_ae_temp": 4.552459716796875,
    "test_rmse_o2": 0.7608645558357239,
    "test_mae_o2": 0.44751763343811035,
    "test_mape_o2": 8.92663860321045,
    "test_r2_o2": 0.9586067199707031,
    "test_max_ae_o2": 10.531423568725586
  },
  "training": {
    "best_val_loss": 0.0207997613085004,
    "best_epoch": 69,
    "final_train_loss": 0.01977483940069855,
    "final_val_loss": 0.021040143230213568,
    "epochs_run": 89
  },
  "wall_time_sec": 1711.2,
  "device": "cpu",
  "robustness": {
    "clean": {
      "metrics": {
        "rmse_temp": 0.25606948137283325,
        "rmse_o2": 0.7608645558357239,
        "mae_temp": 0.18604815006256104,
        "mae_o2": 0.44751763343811035
      }
    },
    "noise_sigma_0.1": {
      "metrics": {
        "rmse_temp": 1.3711941242218018,
        "rmse_o2": 0.9533349871635437,
        "mae_temp": 1.0829524993896484,
        "mae_o2": 0.6364284753799438
      },
      "degradation": {
        "rmse_temp": 5.354773699976234,
        "rmse_o2": 1.2529628037626392,
        "mae_temp": 5.8208184226797846,
        "mae_o2": 1.4221304990610142
      }
    },
    "noise_sigma_0.25": {
      "metrics": {
        "rmse_temp": 3.372307062149048,
        "rmse_o2": 1.4580129384994507,
        "mae_temp": 2.647613286972046,
        "mae_o2": 0.973618745803833
      },
      "degradation": {
        "rmse_temp": 13.169500106258349,
        "rmse_o2": 1.9162581924952307,
        "mae_temp": 14.230796092741329,
        "mae_o2": 2.1755986201568973
      }
    },
    "noise_sigma_0.5": {
      "metrics": {
        "rmse_temp": 6.3570966720581055,
        "rmse_o2": 2.2017505168914795,
        "mae_temp": 5.001181125640869,
        "mae_o2": 1.427250623703003
      },
      "degradation": {
        "rmse_temp": 24.825670899853428,
        "rmse_o2": 2.893748302512403,
        "mae_temp": 26.88111181948952,
        "mae_o2": 3.1892611979062613
      }
    },
    "noise_sigma_1.0": {
      "metrics": {
        "rmse_temp": 10.919500350952148,
        "rmse_o2": 2.935299873352051,
        "mae_temp": 8.628127098083496,
        "mae_o2": 1.947208285331726
      },
      "degradation": {
        "rmse_temp": 42.642724515279205,
        "rmse_o2": 3.857848089832434,
        "mae_temp": 46.37577473993791,
        "mae_o2": 4.351131977464338
      }
    },
    "noise_sigma_2.0": {
      "metrics": {
        "rmse_temp": 16.369516372680664,
        "rmse_o2": 3.708742618560791,
        "mae_temp": 13.032125473022461,
        "mae_o2": 2.503673553466797
      },
      "degradation": {
        "rmse_temp": 63.92607305220765,
        "rmse_o2": 4.874379533276006,
        "mae_temp": 70.04705754204083,
        "mae_o2": 5.594580786084363
      }
    },
    "dropout_fuel_flow": {
      "metrics": {
        "rmse_temp": 1.6900237798690796,
        "rmse_o2": 3.5517303943634033,
        "mae_temp": 0.7751275897026062,
        "mae_o2": 1.8213599920272827
      },
      "degradation": {
        "rmse_temp": 6.5998641103522635,
        "rmse_o2": 4.668019251418839,
        "mae_temp": 4.166274103999205,
        "mae_o2": 4.069917822085481
      }
    },
    "dropout_air_fuel_ratio": {
      "metrics": {
        "rmse_temp": 0.2528010904788971,
        "rmse_o2": 0.760770857334137,
        "mae_temp": 0.1852002590894699,
        "mae_o2": 0.4477195739746094
      },
      "degradation": {
        "rmse_temp": 0.9872363122836281,
        "rmse_o2": 0.9998768525871414,
        "mae_temp": 0.9954426261545412,
        "mae_o2": 1.0004512459876667
      }
    },
    "dropout_current_temp": {
      "metrics": {
        "rmse_temp": 13.023856163024902,
        "rmse_o2": 3.9018921852111816,
        "mae_temp": 10.337679862976074,
        "mae_o2": 2.4442601203918457
      },
      "degradation": {
        "rmse_temp": 50.86063397013081,
        "rmse_o2": 5.1282349207677225,
        "mae_temp": 55.5645399295822,
        "mae_o2": 5.461818569278512
      }
    },
    "dropout_inflow_temp": {
      "metrics": {
        "rmse_temp": 1.9382411241531372,
        "rmse_o2": 1.7307175397872925,
        "mae_temp": 0.8587939143180847,
        "mae_o2": 1.1297101974487305
      },
      "degradation": {
        "rmse_temp": 7.569200022438784,
        "rmse_o2": 2.274672313899935,
        "mae_temp": 4.615976638463239,
        "mae_o2": 2.5243925893368497
      }
    },
    "dropout_inflow_rate": {
      "metrics": {
        "rmse_temp": 0.5634503960609436,
        "rmse_o2": 1.254532814025879,
        "mae_temp": 0.3392125368118286,
        "mae_o2": 0.8741931319236755
      },
      "degradation": {
        "rmse_temp": 2.200380900684406,
        "rmse_o2": 1.648825411045618,
        "mae_temp": 1.8232513287434684,
        "mae_o2": 1.9534272319228567
      }
    },
    "spike_frac_0.05": {
      "metrics": {
        "rmse_temp": 4.859353065490723,
        "rmse_o2": 1.548924207687378,
        "mae_temp": 1.1192156076431274,
        "mae_o2": 0.7261906266212463
      },
      "degradation": {
        "rmse_temp": 18.97669741602506,
        "rmse_o2": 2.0357423615114514,
        "mae_temp": 6.015730913028574,
        "mae_o2": 1.6227084082524208
      }
    },
    "spike_frac_0.1": {
      "metrics": {
        "rmse_temp": 6.941475868225098,
        "rmse_o2": 1.9689922332763672,
        "mae_temp": 2.068681478500366,
        "mae_o2": 0.9563811421394348
      },
      "degradation": {
        "rmse_temp": 27.10778274322513,
        "rmse_o2": 2.587835401418655,
        "mae_temp": 11.119065025934125,
        "mae_o2": 2.137080353218524
      }
    },
    "spike_frac_0.2": {
      "metrics": {
        "rmse_temp": 9.977031707763672,
        "rmse_o2": 2.6364569664001465,
        "mae_temp": 3.9639711380004883,
        "mae_o2": 1.3815456628799438
      },
      "degradation": {
        "rmse_temp": 38.9622053134761,
        "rmse_o2": 3.465080540523137,
        "mae_temp": 21.30615723224097,
        "mae_o2": 3.087131231603202
      }
    },
    "temporal_shuffle": {
      "metrics": {
        "rmse_temp": 7.037667751312256,
        "rmse_o2": 0.9499929547309875,
        "mae_temp": 2.924935817718506,
        "mae_o2": 0.5228075385093689
      },
      "degradation": {
        "rmse_temp": 27.48343033141665,
        "rmse_o2": 1.2485703893612543,
        "mae_temp": 15.721391568445906,
        "mae_o2": 1.1682389685805996
      }
    },
    "extrap_shift_1.0sigma": {
      "metrics": {
        "rmse_temp": 10.715253829956055,
        "rmse_o2": 2.590228319168091,
        "mae_temp": 10.556079864501953,
        "mae_o2": 1.5502389669418335
      },
      "degradation": {
        "rmse_temp": 41.84510302637279,
        "rmse_o2": 3.4043224898589437,
        "mae_temp": 56.73842959982316,
        "mae_o2": 3.4640846552390085
      }
    },
    "extrap_shift_2.0sigma": {
      "metrics": {
        "rmse_temp": 17.834489822387695,
        "rmse_o2": 2.968087673187256,
        "mae_temp": 17.34208869934082,
        "mae_o2": 1.9144046306610107
      },
      "degradation": {
        "rmse_temp": 69.6470728443463,