{
  "generated_at": "2026-02-25T08:56:20.248794",
  "n_samples": 500000,
  "perturb_sigma": 0.5,
  "noise_T": 0.5,
  "noise_O2": 0.05,
  "seed": 42,
  "checkpoint": "checkpoints_v2/best_pinn_v2.pth",
  "real_data": "cleaned_furnace_data.csv",
  "theta_eff": 0.44522392749786377,
  "afr_stoich": 14.696516990661621,
  "stats": {
    "outlet_T_mean": 147.37542724609375,
    "outlet_T_std": 0.5004122257232666,
    "excess_O2_mean": 3.315398693084717,
    "excess_O2_std": 0.04999286308884621
  }
}