{
  "experiment": "C6_fuel_contamination",
  "description": "Real + S6 fuel contamination only",
  "config": {
    "use_real": true,
    "use_edge": true,
    "scenarios": [
      "S6_fuel_contamination"
    ],
    "confidence_filter": null,
    "edge_fraction": 1.0,
    "seq_len": 30,
    "stride": 30,
    "hidden_size": 128,
    "epochs": 200,
    "learning_rate": 0.001,
    "batch_size": 64,
    "patience": 20,
    "min_delta": 0.0001,
    "early_stopping": true,
    "test_size": 0.2,
    "val_size": 0.1,
    "seed": 123,
    "experiment": "C6_fuel_contamination",
    "description": "Real + S6 fuel contamination only",
    "device": "cpu"
  },
  "data_summary": {
    "real_rows": 470676,
    "real_sequences": 15689,
    "edge_rows": 25000,
    "edge_sequences": 833,
    "total_sequences": 16522
  },
  "test_metrics": {
    "test_rmse_temp": 0.3043535053730011,
    "test_mae_temp": 0.20503324270248413,
    "test_mape_temp": 0.06470859050750732,
    "test_r2_temp": 0.9987438917160034,
    "test_max_ae_temp": 4.21832275390625,
    "test_rmse_o2": 0.6130478978157043,
    "test_mae_o2": 0.3826592266559601,
    "test_mape_o2": 9.240867614746094,
    "test_r2_o2": 0.8764933347702026,
    "test_max_ae_o2": 5.322552680969238
  },
  "training": {
    "best_val_loss": 0.06012960630827225,
    "best_epoch": 66,
    "final_train_loss": 0.049519825186850365,
    "final_val_loss": 0.06339284118551475,
    "epochs_run": 86
  },
  "wall_time_sec": 1264.8,
  "device": "cpu",
  "robustness": {
    "clean": {
      "metrics": {
        "rmse_temp": 0.3043535053730011,
        "rmse_o2": 0.6130478978157043,
        "mae_temp": 0.20503324270248413,
        "mae_o2": 0.3826592266559601
      }
    },
    "noise_sigma_0.1": {
      "metrics": {
        "rmse_temp": 1.222628116607666,
        "rmse_o2": 0.7227208018302917,
        "mae_temp": 0.9581500291824341,
        "mae_o2": 0.5110945105552673
      },
      "degradation": {
        "rmse_temp": 4.017131707122188,
        "rmse_o2": 1.1788977735758543,
        "mae_temp": 4.673144786442113,
        "mae_o2": 1.335638800667886
      }
    },
    "noise_sigma_0.25": {
      "metrics": {
        "rmse_temp": 2.8548667430877686,
        "rmse_o2": 1.0427542924880981,
        "mae_temp": 2.239243745803833,
        "mae_o2": 0.7921645641326904
      },
      "degradation": {
        "rmse_temp": 9.38010140408595,
        "rmse_o2": 1.7009344558613477,
        "mae_temp": 10.921369219395869,
        "mae_o2": 2.0701567058904526
      }
    },
    "noise_sigma_0.5": {
      "metrics": {
        "rmse_temp": 4.9632673263549805,
        "rmse_o2": 1.4820289611816406,
        "mae_temp": 3.8783488273620605,
        "mae_o2": 1.1135388612747192
      },
      "degradation": {
        "rmse_temp": 16.30757405035384,
        "rmse_o2": 2.4174766220749215,
        "mae_temp": 18.91570740550489,
        "mae_o2": 2.910001337236475
      }
    },
    "noise_sigma_1.0": {
      "metrics": {
        "rmse_temp": 7.9018025398254395,
        "rmse_o2": 2.04626727104187,
        "mae_temp": 6.065765380859375,
        "mae_o2": 1.5011389255523682
      },
      "degradation": {
        "rmse_temp": 25.96258101296178,
        "rmse_o2": 3.3378587192497364,
        "mae_temp": 29.584302042479884,
        "mae_o2": 3.9229131848479035
      }
    },
    "noise_sigma_2.0": {
      "metrics": {
        "rmse_temp": 11.027575492858887,
        "rmse_o2": 2.619140148162842,
        "mae_temp": 8.220343589782715,
        "mae_o2": 1.8932729959487915
      },
      "degradation": {
        "rmse_temp": 36.232786211363056,
        "rmse_o2": 4.272325469991601,
        "mae_temp": 40.09273560439631,
        "mae_o2": 4.947673710873275
      }
    },
    "dropout_fuel_flow": {
      "metrics": {
        "rmse_temp": 0.6583849191665649,
        "rmse_o2": 1.1128588914871216,
        "mae_temp": 0.38602370023727417,
        "mae_o2": 0.7761247158050537
      },
      "degradation": {
        "rmse_temp": 2.163224367531696,
        "rmse_o2": 1.8152886511025463,
        "mae_temp": 1.8827371364233767,
        "mae_o2": 2.0282399109713594
      }
    },
    "dropout_air_fuel_ratio": {
      "metrics": {
        "rmse_temp": 0.9314299821853638,
        "rmse_o2": 0.9873924255371094,
        "mae_temp": 0.5390570759773254,
        "mae_o2": 0.6734328269958496
      },
      "degradation": {
        "rmse_temp": 3.0603556908071345,
        "rmse_o2": 1.6106285154148612,
        "mae_temp": 2.629120375175115,
        "mae_o2": 1.7598760988489563
      }
    },
    "dropout_current_temp": {
      "metrics": {
        "rmse_temp": 8.812764167785645,
        "rmse_o2": 1.9176912307739258,
        "mae_temp": 5.566250801086426,
        "mae_o2": 1.1210657358169556
      },
      "degradation": {
        "rmse_temp": 28.955684794841257,
        "rmse_o2": 3.12812626485904,
        "mae_temp": 27.14804061877614,
        "mae_o2": 2.9296712524454023
      }
    },
    "dropout_inflow_temp": {
      "metrics": {
        "rmse_temp": 0.8556144833564758,
        "rmse_o2": 1.572762370109558,
        "mae_temp": 0.42499902844429016,
        "mae_o2": 1.0975801944732666
      },
      "degradation": {
        "rmse_temp": 2.811252271623669,
        "rmse_o2": 2.5654804065283083,
        "mae_temp": 2.0728298633065565,
        "mae_o2": 2.8682966932875638
      }
    },
    "dropout_inflow_rate": {
      "metrics": {
        "rmse_temp": 0.6089465022087097,
        "rmse_o2": 0.9699973464012146,
        "mae_temp": 0.3367902636528015,
        "mae_o2": 0.7191300988197327
      },
      "degradation": {
        "rmse_temp": 2.0007868858366327,
        "rmse_o2": 1.5822537681922157,
        "mae_temp": 1.6426129695539418,
        "mae_o2": 1.8792963784100407
      }
    },
    "spike_frac_0.05": {
      "metrics": {
        "rmse_temp": 3.267587184906006,
        "rmse_o2": 0.9831246137619019,
        "mae_temp": 0.8620615005493164,
        "mae_o2": 0.5514646172523499
      },
      "degradation": {
        "rmse_temp": 10.736157551073404,
        "rmse_o2": 1.603666886820401,
        "mae_temp": 4.204496252347824,
        "mae_o2": 1.4411376463376349
      }
    },
    "spike_frac_0.1": {
      "metrics": {
        "rmse_temp": 4.746713638305664,
        "rmse_o2": 1.2398688793182373,
        "mae_temp": 1.5350929498672485,
        "mae_o2": 0.7052763104438782
      },
      "degradation": {
        "rmse_temp": 15.5960537812381,
        "rmse_o2": 2.0224665702890463,
        "mae_temp": 7.4870441965099435,
        "mae_o2": 1.843092394784918
      }
    },
    "spike_frac_0.2": {
      "metrics": {
        "rmse_temp": 6.596363067626953,
        "rmse_o2": 1.6121742725372314,
        "mae_temp": 2.7173421382904053,
        "mae_o2": 0.9684271216392517
      },
      "degradation": {
        "rmse_temp": 21.673359929082356,
        "rmse_o2": 2.6297688619134396,
        "mae_temp": 13.253178374754752,
        "mae_o2": 2.5307821010936755
      }
    },
    "temporal_shuffle": {
      "metrics": {
        "rmse_temp": 3.030494213104248,
        "rmse_o2": 0.6393314003944397,
        "mae_temp": 0.8211311101913452,
        "mae_o2": 0.3936013877391815
      },
      "degradation": {
        "rmse_temp": 9.957152323217764,
        "rmse_o2": 1.0428734894490035,
        "mae_temp": 4.004868183169971,
        "mae_o2": 1.0285950535646153
      }
    },
    "extrap_shift_1.0sigma": {
      "metrics": {
        "rmse_temp": 6.912001609802246,
        "rmse_o2": 1.0997428894042969,
        "mae_temp": 6.758944034576416,
        "mae_o2": 0.886192262172699
      },
      "degradation": {
        "rmse_temp": 22.710438643810683,
        "rmse_o2": 1.7938939083270518,
        "mae_temp": 32.965113098191885,
        "mae_o2": 2.315878464285545
      }
    },
    "extrap_shift_2.0sigma": {
      "metrics": {
        "rmse_temp": 10.226953506469727,
        "rmse_o2": 1.2090848684310913,
        "mae_temp": 9.707489013671875,
        "mae_o2": 0.9448179006576538
      },