{
  "experiment": "B2_edge_25pct",
  "description": "Real + 25 % edge cases",
  "config": {
    "use_real": true,
    "use_edge": true,
    "scenarios": null,
    "confidence_filter": null,
    "edge_fraction": 0.25,
    "seq_len": 30,
    "stride": 30,
    "hidden_size": 128,
    "epochs": 200,
    "learning_rate": 0.001,
    "batch_size": 64,
    "patience": 20,
    "min_delta": 0.0001,
    "early_stopping": true,
    "test_size": 0.2,
    "val_size": 0.1,
    "seed": 42,
    "experiment": "B2_edge_25pct",
    "description": "Real + 25 % edge cases",
    "device": "cpu"
  },
  "data_summary": {
    "real_rows": 470676,
    "real_sequences": 15689,
    "edge_rows": 37500,
    "edge_sequences": 1247,
    "total_sequences": 16936
  },
  "test_metrics": {
    "test_rmse_temp": 0.3353026211261749,
    "test_mae_temp": 0.2156803458929062,
    "test_mape_temp": 0.06814701855182648,
    "test_r2_temp": 0.998691737651825,
    "test_max_ae_temp": 15.855377197265625,
    "test_rmse_o2": 0.6037159562110901,
    "test_mae_o2": 0.3897501528263092,
    "test_mape_o2": 9.956302642822266,
    "test_r2_o2": 0.9386623501777649,
    "test_max_ae_o2": 9.788680076599121
  },
  "training": {
    "best_val_loss": 0.03184387705254334,
    "best_epoch": 117,
    "final_train_loss": 0.03348426321820128,
    "final_val_loss": 0.036984413517294104,
    "epochs_run": 137
  },
  "wall_time_sec": 2019.9,
  "device": "cpu",
  "robustness": {
    "clean": {
      "metrics": {
        "rmse_temp": 0.3353026211261749,
        "rmse_o2": 0.6037159562110901,
        "mae_temp": 0.2156803458929062,
        "mae_o2": 0.3897501528263092
      }
    },
    "noise_sigma_0.1": {
      "metrics": {
        "rmse_temp": 1.1521661281585693,
        "rmse_o2": 0.7236818671226501,
        "mae_temp": 0.9009010791778564,
        "mae_o2": 0.5149307250976562
      },
      "degradation": {
        "rmse_temp": 3.436197797347392,
        "rmse_o2": 1.1987125065642854,
        "mae_temp": 4.177019818139523,
        "mae_o2": 1.3211815861099439
      }
    },
    "noise_sigma_0.25": {
      "metrics": {
        "rmse_temp": 2.6659810543060303,
        "rmse_o2": 0.9873113036155701,
        "mae_temp": 2.0759146213531494,
        "mae_o2": 0.744748055934906
      },
      "degradation": {
        "rmse_temp": 7.950969918910408,
        "rmse_o2": 1.635390440583875,
        "mae_temp": 9.624959626056622,
        "mae_o2": 1.9108345449881077
      }
    },
    "noise_sigma_0.5": {
      "metrics": {
        "rmse_temp": 4.880351543426514,
        "rmse_o2": 1.4450582265853882,
        "mae_temp": 3.753765106201172,
        "mae_o2": 1.0439770221710205
      },
      "degradation": {
        "rmse_temp": 14.555065293062619,
        "rmse_o2": 2.3936061515659555,
        "mae_temp": 17.404298433687902,
        "mae_o2": 2.6785801483348366
      }
    },
    "noise_sigma_1.0": {
      "metrics": {
        "rmse_temp": 8.051125526428223,
        "rmse_o2": 2.0590107440948486,
        "mae_temp": 6.116105079650879,
        "mae_o2": 1.464583158493042
      },
      "degradation": {
        "rmse_temp": 24.011519800790854,
        "rmse_o2": 3.410562074617277,
        "mae_temp": 28.35726665000698,
        "mae_o2": 3.7577487728291628
      }
    },
    "noise_sigma_2.0": {
      "metrics": {
        "rmse_temp": 11.874274253845215,
        "rmse_o2": 2.772397756576538,
        "mae_temp": 8.955533981323242,
        "mae_o2": 1.9424514770507812
      },
      "degradation": {
        "rmse_temp": 35.413604027201764,
        "rmse_o2": 4.592222100565395,
        "mae_temp": 41.522253426698505,
        "mae_o2": 4.983837627682543
      }
    },
    "dropout_fuel_flow": {
      "metrics": {
        "rmse_temp": 1.5903173685073853,
        "rmse_o2": 2.213226318359375,
        "mae_temp": 0.6192504167556763,
        "mae_o2": 1.1242595911026
      },
      "degradation": {
        "rmse_temp": 4.7429315141230175,
        "rmse_o2": 3.6660060009835442,
        "mae_temp": 2.8711490339651,
        "mae_o2": 2.8845648499427847
      }
    },
    "dropout_air_fuel_ratio": {
      "metrics": {
        "rmse_temp": 0.32689639925956726,
        "rmse_o2": 0.6036897897720337,
        "mae_temp": 0.21572035551071167,
        "mae_o2": 0.3899182379245758
      },
      "degradation": {
        "rmse_temp": 0.9749294477974141,
        "rmse_o2": 0.9999566576983974,
        "mae_temp": 1.0001855042360945,
        "mae_o2": 1.0004312637135553
      }
    },
    "dropout_current_temp": {
      "metrics": {
        "rmse_temp": 8.884469032287598,
        "rmse_o2": 2.6044631004333496,
        "mae_temp": 5.91318416595459,
        "mae_o2": 1.337792992591858
      },
      "degradation": {
        "rmse_temp": 26.496867225336594,
        "rmse_o2": 4.314053775850005,
        "mae_temp": 27.41642564358052,
        "mae_o2": 3.4324373778707424
      }
    },
    "dropout_inflow_temp": {
      "metrics": {
        "rmse_temp": 1.6878193616867065,
        "rmse_o2": 1.657056450843811,
        "mae_temp": 0.6808547377586365,
        "mae_o2": 0.9636730551719666
      },
      "degradation": {
        "rmse_temp": 5.033719557627846,
        "rmse_o2": 2.744761727424708,
        "mae_temp": 3.1567769188236916,
        "mae_o2": 2.472540544715127
      }
    },
    "dropout_inflow_rate": {
      "metrics": {
        "rmse_temp": 0.6622447371482849,
        "rmse_o2": 1.068074107170105,
        "mae_temp": 0.39167580008506775,
        "mae_o2": 0.7719687223434448
      },
      "degradation": {
        "rmse_temp": 1.975065792578702,
        "rmse_o2": 1.7691666025746906,
        "mae_temp": 1.816001353593666,
        "mae_o2": 1.9806758682336425
      }
    },
    "spike_frac_0.05": {
      "metrics": {
        "rmse_temp": 3.776658773422241,
        "rmse_o2": 1.113749623298645,
        "mae_temp": 1.0065560340881348,
        "mae_o2": 0.590142011642456
      },
      "degradation": {
        "rmse_temp": 11.263433494011007,
        "rmse_o2": 1.8448238974641593,
        "mae_temp": 4.666888074205564,
        "mae_o2": 1.5141546638609036
      }
    },
    "spike_frac_0.1": {
      "metrics": {
        "rmse_temp": 5.213160514831543,
        "rmse_o2": 1.4233512878417969,
        "mae_temp": 1.7598280906677246,
        "mae_o2": 0.7600265741348267
      },
      "degradation": {
        "rmse_temp": 15.547628280751859,
        "rmse_o2": 2.357650602403691,
        "mae_temp": 8.159427245825862,
        "mae_o2": 1.9500353460375162
      }
    },
    "spike_frac_0.2": {
      "metrics": {
        "rmse_temp": 7.293272972106934,
        "rmse_o2": 1.9088884592056274,
        "mae_temp": 3.1426327228546143,
        "mae_o2": 1.060752511024475
      },
      "degradation": {
        "rmse_temp": 21.751315118298653,
        "rmse_o2": 3.161898305928131,
        "mae_temp": 14.570788589216448,
        "mae_o2": 2.7216217962515996
      }
    },
    "temporal_shuffle": {
      "metrics": {
        "rmse_temp": 4.15633487701416,
        "rmse_o2": 0.7020992636680603,
        "mae_temp": 1.2231636047363281,
        "mae_o2": 0.4213709533214569
      },
      "degradation": {
        "rmse_temp": 12.395772102986706,
        "rmse_o2": 1.1629629073818455,
        "mae_temp": 5.671187143513193,
        "mae_o2": 1.0811309508562
      }
    },
    "extrap_shift_1.0sigma": {
      "metrics": {
        "rmse_temp": 9.060493469238281,
        "rmse_o2": 1.4677774906158447,
        "mae_temp": 9.001704216003418,
        "mae_o2": 0.8902336359024048
      },
      "degradation": {
        "rmse_temp": 27.021839074227824,
        "rmse_o2": 2.431238524533273,
        "mae_temp": 41.73632130798381,
        "mae_o2": 2.284113628812698
      }
    },
    "extrap_shift_2.0sigma": {
      "metrics": {
        "rmse_temp": 13.087538719177246,
        "rmse_o2": 1.7175401449203491,
        "mae_temp": 12.612199783325195,
        "mae_o2": 1.1231741905212402
      },
      "degradation": {
        "rmse_temp": 39.03202031412807,