{
  "experiment": "E2_seq60",
  "description": "Longer sequences (60 timesteps)",
  "config": {
    "use_real": true,
    "use_edge": true,
    "scenarios": null,
    "confidence_filter": null,
    "edge_fraction": 1.0,
    "seq_len": 60,
    "stride": 60,
    "hidden_size": 128,
    "epochs": 200,
    "learning_rate": 0.001,
    "batch_size": 64,
    "patience": 20,
    "min_delta": 0.0001,
    "early_stopping": true,
    "test_size": 0.2,
    "val_size": 0.1,
    "seed": 42,
    "experiment": "E2_seq60",
    "description": "Longer sequences (60 timesteps)",
    "device": "cpu"
  },
  "data_summary": {
    "real_rows": 470676,
    "real_sequences": 7844,
    "edge_rows": 150000,
    "edge_sequences": 2496,
    "total_sequences": 10340
  },
  "test_metrics": {
    "test_rmse_temp": 0.24602816998958588,
    "test_mae_temp": 0.17714646458625793,
    "test_mape_temp": 0.05639367178082466,
    "test_r2_temp": 0.9996225833892822,
    "test_max_ae_temp": 2.87353515625,
    "test_rmse_o2": 0.7008527517318726,
    "test_mae_o2": 0.45544224977493286,
    "test_mape_o2": 9.932574272155762,
    "test_r2_o2": 0.9587951898574829,
    "test_max_ae_o2": 9.314669609069824
  },
  "training": {
    "best_val_loss": 0.01777033381821478,
    "best_epoch": 136,
    "final_train_loss": 0.017659760187738217,
    "final_val_loss": 0.018120074315982705,
    "epochs_run": 156
  },
  "wall_time_sec": 2896.5,
  "device": "cpu",
  "robustness": {
    "clean": {
      "metrics": {
        "rmse_temp": 0.24602816998958588,
        "rmse_o2": 0.7008527517318726,
        "mae_temp": 0.17714646458625793,
        "mae_o2": 0.45544224977493286
      }
    },
    "noise_sigma_0.1": {
      "metrics": {
        "rmse_temp": 1.6003185510635376,
        "rmse_o2": 0.8237638473510742,
        "mae_temp": 1.2526236772537231,
        "mae_o2": 0.585871160030365
      },
      "degradation": {
        "rmse_temp": 6.5046151061940485,
        "rmse_o2": 1.175373636352967,
        "mae_temp": 7.071118693671603,
        "mae_o2": 1.2863785920605446
      }
    },
    "noise_sigma_0.25": {
      "metrics": {
        "rmse_temp": 3.7928619384765625,
        "rmse_o2": 1.3060503005981445,
        "mae_temp": 2.946093797683716,
        "mae_o2": 0.9034266471862793
      },
      "degradation": {
        "rmse_temp": 15.416372599272313,
        "rmse_o2": 1.8635159773158803,
        "mae_temp": 16.630835984023683,
        "mae_o2": 1.9836250317855406
      }
    },
    "noise_sigma_0.5": {
      "metrics": {
        "rmse_temp": 6.911861419677734,
        "rmse_o2": 2.122363328933716,
        "mae_temp": 5.353553295135498,
        "mae_o2": 1.4495487213134766
      },
      "degradation": {
        "rmse_temp": 28.093780561674325,
        "rmse_o2": 3.028258537459057,
        "mae_temp": 30.22105638765764,
        "mae_o2": 3.1827278256020475
      }
    },
    "noise_sigma_1.0": {
      "metrics": {
        "rmse_temp": 11.630541801452637,
        "rmse_o2": 3.009239912033081,
        "mae_temp": 8.959089279174805,
        "mae_o2": 2.1636102199554443
      },
      "degradation": {
        "rmse_temp": 47.273211851898694,
        "rmse_o2": 4.293683522818407,
        "mae_temp": 50.574474066415,
        "mae_o2": 4.7505698494697
      }
    },
    "noise_sigma_2.0": {
      "metrics": {
        "rmse_temp": 17.148475646972656,
        "rmse_o2": 3.9764726161956787,
        "mae_temp": 13.229155540466309,
        "mae_o2": 2.926696300506592
      },
      "degradation": {
        "rmse_temp": 69.70126895508972,
        "rmse_o2": 5.673763292459713,
        "mae_temp": 74.6791959487548,
        "mae_o2": 6.426053581881973
      }
    },
    "dropout_fuel_flow": {
      "metrics": {
        "rmse_temp": 1.5088170766830444,
        "rmse_o2": 3.117534637451172,
        "mae_temp": 0.7190046310424805,
        "mae_o2": 1.6269898414611816
      },
      "degradation": {
        "rmse_temp": 6.132700482009484,
        "rmse_o2": 4.4482020363727655,
        "mae_temp": 4.058814454591475,
        "mae_o2": 3.572329625249295
      }
    },
    "dropout_air_fuel_ratio": {
      "metrics": {
        "rmse_temp": 0.24516506493091583,
        "rmse_o2": 0.7008713483810425,
        "mae_temp": 0.17681701481342316,
        "mae_o2": 0.4554678201675415
      },
      "degradation": {
        "rmse_temp": 0.9964918445773645,
        "rmse_o2": 1.0000265343171215,
        "mae_temp": 0.9981402407685401,
        "mae_o2": 1.000056144094276
      }
    },
    "dropout_current_temp": {
      "metrics": {
        "rmse_temp": 12.787075996398926,
        "rmse_o2": 3.9714717864990234,
        "mae_temp": 10.049975395202637,
        "mae_o2": 2.3487589359283447
      },
      "degradation": {
        "rmse_temp": 51.97403206689783,
        "rmse_o2": 5.666627942438902,
        "mae_temp": 56.73257673346905,
        "mae_o2": 5.157094971072704
      }
    },
    "dropout_inflow_temp": {
      "metrics": {
        "rmse_temp": 1.5507123470306396,
        "rmse_o2": 1.5908846855163574,
        "mae_temp": 0.774371325969696,
        "mae_o2": 1.1862022876739502
      },
      "degradation": {
        "rmse_temp": 6.302986959161139,
        "rmse_o2": 2.2699271445894063,
        "mae_temp": 4.37136201266174,
        "mae_o2": 2.604506473126152
      }
    },
    "dropout_inflow_rate": {
      "metrics": {
        "rmse_temp": 0.39578235149383545,
        "rmse_o2": 1.2444628477096558,
        "mae_temp": 0.25570470094680786,
        "mae_o2": 0.8970026969909668
      },
      "degradation": {
        "rmse_temp": 1.6086871333091186,
        "rmse_o2": 1.7756409525887884,
        "mae_temp": 1.443464883953682,
        "mae_o2": 1.9695201695368427
      }
    },
    "spike_frac_0.05": {
      "metrics": {
        "rmse_temp": 5.298079013824463,
        "rmse_o2": 1.4662871360778809,
        "mae_temp": 1.2051255702972412,
        "mae_o2": 0.7298718094825745
      },
      "degradation": {
        "rmse_temp": 21.534440605109264,
        "rmse_o2": 2.0921472198754283,
        "mae_temp": 6.8029896792573545,
        "mae_o2": 1.6025562183641444
      }
    },
    "spike_frac_0.1": {
      "metrics": {
        "rmse_temp": 7.570140361785889,
        "rmse_o2": 1.9185142517089844,
        "mae_temp": 2.2344346046447754,
        "mae_o2": 0.9595758318901062
      },
      "degradation": {
        "rmse_temp": 30.76940482915564,
        "rmse_o2": 2.73739989886343,
        "mae_temp": 12.613486867285246,
        "mae_o2": 2.1069100031108277
      }
    },
    "spike_frac_0.2": {
      "metrics": {
        "rmse_temp": 10.67995548248291,
        "rmse_o2": 2.6093673706054688,
        "mae_temp": 4.22639274597168,
        "mae_o2": 1.4159605503082275
      },
      "degradation": {
        "rmse_temp": 43.409482267558964,
        "rmse_o2": 3.7231320903820073,
        "mae_temp": 23.858182864912454,
        "mae_o2": 3.108979351406148
      }
    },
    "temporal_shuffle": {
      "metrics": {
        "rmse_temp": 6.8620147705078125,
        "rmse_o2": 0.8982880115509033,
        "mae_temp": 2.9211456775665283,
        "mae_o2": 0.5297837257385254
      },
      "degradation": {
        "rmse_temp": 27.89117510729879,
        "rmse_o2": 1.2817071907489124,
        "mae_temp": 16.490002690085497,
        "mae_o2": 1.1632292041424133
      }
    },
    "extrap_shift_1.0sigma": {
      "metrics": {
        "rmse_temp": 12.150385856628418,
        "rmse_o2": 2.561339855194092,
        "mae_temp": 12.10466194152832,
        "mae_o2": 1.6710290908813477
      },
      "degradation": {
        "rmse_temp": 49.38615711015016,
        "rmse_o2": 3.6546048351308915,
        "mae_temp": 68.33137748359746,
        "mae_o2": 3.6690251984903126
      }
    },
    "extrap_shift_2.0sigma": {
      "metrics": {
        "rmse_temp": 20.103872299194336,
        "rmse_o2": 2.9000558853149414,
        "mae_temp": 19.84206771850586,
        "mae_o2": 2.216078042984009
      },
      "degradation": {
        "rmse_temp": 81.71370091500218,