{
  "experiment": "C3_tube_rupture",
  "description": "Real + S3 tube rupture only",
  "config": {
    "use_real": true,
    "use_edge": true,
    "scenarios": [
      "S3_tube_rupture"
    ],
    "confidence_filter": null,
    "edge_fraction": 1.0,
    "seq_len": 30,
    "stride": 30,
    "hidden_size": 128,
    "epochs": 200,
    "learning_rate": 0.001,
    "batch_size": 64,
    "patience": 20,
    "min_delta": 0.0001,
    "early_stopping": true,
    "test_size": 0.2,
    "val_size": 0.1,
    "seed": 42,
    "experiment": "C3_tube_rupture",
    "description": "Real + S3 tube rupture only",
    "device": "cpu"
  },
  "data_summary": {
    "real_rows": 470676,
    "real_sequences": 15689,
    "edge_rows": 25000,
    "edge_sequences": 833,
    "total_sequences": 16522
  },
  "test_metrics": {
    "test_rmse_temp": 0.2098860740661621,
    "test_mae_temp": 0.1438150554895401,
    "test_mape_temp": 0.044844165444374084,
    "test_r2_temp": 0.9989261031150818,
    "test_max_ae_temp": 3.01690673828125,
    "test_rmse_o2": 0.5509344935417175,
    "test_mae_o2": 0.34246954321861267,
    "test_mape_o2": 8.628933906555176,
    "test_r2_o2": 0.82997065782547,
    "test_max_ae_o2": 4.316693305969238
  },
  "training": {
    "best_val_loss": 0.07446917289724717,
    "best_epoch": 136,
    "final_train_loss": 0.056498443536856326,
    "final_val_loss": 0.08120710832568315,
    "epochs_run": 156
  },
  "wall_time_sec": 2283.6,
  "device": "cpu",
  "robustness": {
    "clean": {
      "metrics": {
        "rmse_temp": 0.2098860740661621,
        "rmse_o2": 0.5509344935417175,
        "mae_temp": 0.1438150554895401,
        "mae_o2": 0.34246954321861267
      }
    },
    "noise_sigma_0.1": {
      "metrics": {
        "rmse_temp": 0.861691951751709,
        "rmse_o2": 0.6430982947349548,
        "mae_temp": 0.6761989593505859,
        "mae_o2": 0.45442846417427063
      },
      "degradation": {
        "rmse_temp": 4.105522272430895,
        "rmse_o2": 1.1672863149314838,
        "mae_temp": 4.70186488506947,
        "mae_o2": 1.326916431468447
      }
    },
    "noise_sigma_0.25": {
      "metrics": {
        "rmse_temp": 1.9957560300827026,
        "rmse_o2": 0.9068371057510376,
        "mae_temp": 1.5603140592575073,
        "mae_o2": 0.6935756206512451
      },
      "degradation": {
        "rmse_temp": 9.508758687122725,
        "rmse_o2": 1.6459980567224561,
        "mae_temp": 10.84944864740529,
        "mae_o2": 2.025218400833112
      }
    },
    "noise_sigma_0.5": {
      "metrics": {
        "rmse_temp": 3.507786273956299,
        "rmse_o2": 1.2252068519592285,
        "mae_temp": 2.7426109313964844,
        "mae_o2": 0.9448084235191345
      },
      "degradation": {
        "rmse_temp": 16.712810935948728,
        "rmse_o2": 2.2238702900646286,
        "mae_temp": 19.07040206646486,
        "mae_o2": 2.7588100671364626
      }
    },
    "noise_sigma_1.0": {
      "metrics": {
        "rmse_temp": 5.484066486358643,
        "rmse_o2": 1.5677162408828735,
        "mae_temp": 4.289370536804199,
        "mae_o2": 1.1964505910873413
      },
      "degradation": {
        "rmse_temp": 26.128777293866136,
        "rmse_o2": 2.8455583363544905,
        "mae_temp": 29.825601514412877,
        "mae_o2": 3.4935970651369623
      }
    },
    "noise_sigma_2.0": {
      "metrics": {
        "rmse_temp": 7.378307819366455,
        "rmse_o2": 1.9373408555984497,
        "mae_temp": 5.75526762008667,
        "mae_o2": 1.4659606218338013
      },
      "degradation": {
        "rmse_temp": 35.15387027078605,
        "rmse_o2": 3.5164631699571585,
        "mae_temp": 40.01853352902443,
        "mae_o2": 4.280557646254742
      }
    },
    "dropout_fuel_flow": {
      "metrics": {
        "rmse_temp": 0.5415634512901306,
        "rmse_o2": 1.1670581102371216,
        "mae_temp": 0.3084588646888733,
        "mae_o2": 0.8258103132247925
      },
      "degradation": {
        "rmse_temp": 2.580273387358774,
        "rmse_o2": 2.118324635538091,
        "mae_temp": 2.144830133666416,
        "mae_o2": 2.411339430255972
      }
    },
    "dropout_air_fuel_ratio": {
      "metrics": {
        "rmse_temp": 0.5672883987426758,
        "rmse_o2": 0.9162762761116028,
        "mae_temp": 0.28702759742736816,
        "mae_o2": 0.6517531275749207
      },
      "degradation": {
        "rmse_temp": 2.7028396298643913,
        "rmse_o2": 1.663131074297531,
        "mae_temp": 1.9958104973803952,
        "mae_o2": 1.9030980724580209
      }
    },
    "dropout_current_temp": {
      "metrics": {
        "rmse_temp": 6.274718761444092,
        "rmse_o2": 1.355348825454712,
        "mae_temp": 4.351220607757568,
        "mae_o2": 0.9589009284973145
      },
      "degradation": {
        "rmse_temp": 29.895831771411956,
        "rmse_o2": 2.4600907028742482,
        "mae_temp": 30.255668246597725,
        "mae_o2": 2.7999597263024576
      }
    },
    "dropout_inflow_temp": {
      "metrics": {
        "rmse_temp": 1.4873439073562622,
        "rmse_o2": 1.481618881225586,
        "mae_temp": 0.6639187335968018,
        "mae_o2": 1.0832269191741943
      },
      "degradation": {
        "rmse_temp": 7.0864344572351605,
        "rmse_o2": 2.6892832062499927,
        "mae_temp": 4.6164758712977,
        "mae_o2": 3.162987601740471
      }
    },
    "dropout_inflow_rate": {
      "metrics": {
        "rmse_temp": 0.8246030807495117,
        "rmse_o2": 1.220611572265625,
        "mae_temp": 0.3946808874607086,
        "mae_o2": 0.896865963935852
      },
      "degradation": {
        "rmse_temp": 3.9288127352821567,
        "rmse_o2": 2.2155294078953847,
        "mae_temp": 2.7443641843841196,
        "mae_o2": 2.6188196343151744
      }
    },
    "spike_frac_0.05": {
      "metrics": {
        "rmse_temp": 2.134922981262207,
        "rmse_o2": 0.7878493070602417,
        "mae_temp": 0.5889649987220764,
        "mae_o2": 0.4814041256904602
      },
      "degradation": {
        "rmse_temp": 10.171818167360728,
        "rmse_o2": 1.4300235623213609,
        "mae_temp": 4.095294451038283,
        "mae_o2": 1.4056844914327455
      }
    },
    "spike_frac_0.1": {
      "metrics": {
        "rmse_temp": 3.0293309688568115,
        "rmse_o2": 0.9728631377220154,
        "mae_temp": 1.0422439575195312,
        "mae_o2": 0.6075342297554016
      },
      "degradation": {
        "rmse_temp": 14.43321564965706,
        "rmse_o2": 1.7658417636331003,
        "mae_temp": 7.247112995032257,
        "mae_o2": 1.773980319667688
      }
    },
    "spike_frac_0.2": {
      "metrics": {
        "rmse_temp": 4.222370147705078,
        "rmse_o2": 1.2407786846160889,
        "mae_temp": 1.824547529220581,
        "mae_o2": 0.8132630586624146
      },
      "degradation": {
        "rmse_temp": 20.117438312625097,
        "rmse_o2": 2.2521346896246484,
        "mae_temp": 12.686763030545738,
        "mae_o2": 2.3747018523725325
      }
    },
    "temporal_shuffle": {
      "metrics": {
        "rmse_temp": 3.446596145629883,
        "rmse_o2": 0.5578913688659668,
        "mae_temp": 0.9141497611999512,
        "mae_o2": 0.3452015221118927
      },
      "degradation": {
        "rmse_temp": 16.42127121089233,
        "rmse_o2": 1.0126274092579075,
        "mae_temp": 6.35642602290995,
        "mae_o2": 1.0079772900901032
      }
    },
    "extrap_shift_1.0sigma": {
      "metrics": {
        "rmse_temp": 5.416672229766846,
        "rmse_o2": 0.9986202716827393,
        "mae_temp": 5.345673084259033,
        "mae_o2": 0.8033519983291626
      },
      "degradation": {
        "rmse_temp": 25.807678064716935,
        "rmse_o2": 1.8125934814192612,
        "mae_temp": 37.17046915611581,
        "mae_o2": 2.3457618764549504
      }
    },
    "extrap_shift_2.0sigma": {
      "metrics": {
        "rmse_temp": 8.20083999633789,
        "rmse_o2": 1.0639108419418335,
        "mae_temp": 7.871776580810547,
        "mae_o2": 0.8728139400482178
      },