{
  "experiment": "B1_edge_10pct",
  "description": "Real + 10 % edge cases",
  "config": {
    "use_real": true,
    "use_edge": true,
    "scenarios": null,
    "confidence_filter": null,
    "edge_fraction": 0.1,
    "seq_len": 30,
    "stride": 30,
    "hidden_size": 128,
    "epochs": 200,
    "learning_rate": 0.001,
    "batch_size": 64,
    "patience": 20,
    "min_delta": 0.0001,
    "early_stopping": true,
    "test_size": 0.2,
    "val_size": 0.1,
    "seed": 123,
    "experiment": "B1_edge_10pct",
    "description": "Real + 10 % edge cases",
    "device": "cpu"
  },
  "data_summary": {
    "real_rows": 470676,
    "real_sequences": 15689,
    "edge_rows": 15000,
    "edge_sequences": 496,
    "total_sequences": 16185
  },
  "test_metrics": {
    "test_rmse_temp": 0.20402871072292328,
    "test_mae_temp": 0.1298820525407791,
    "test_mape_temp": 0.04057804122567177,
    "test_r2_temp": 0.9990295767784119,
    "test_max_ae_temp": 3.000518798828125,
    "test_rmse_o2": 0.5137677788734436,
    "test_mae_o2": 0.32924768328666687,
    "test_mape_o2": 8.965248107910156,
    "test_r2_o2": 0.8728811740875244,
    "test_max_ae_o2": 7.163292407989502
  },
  "training": {
    "best_val_loss": 0.04824017102901752,
    "best_epoch": 97,
    "final_train_loss": 0.04127373457358682,
    "final_val_loss": 0.050187177382982694,
    "epochs_run": 117
  },
  "wall_time_sec": 1721.7,
  "device": "cpu",
  "robustness": {
    "clean": {
      "metrics": {
        "rmse_temp": 0.20402871072292328,
        "rmse_o2": 0.5137677788734436,
        "mae_temp": 0.1298820525407791,
        "mae_o2": 0.32924768328666687
      }
    },
    "noise_sigma_0.1": {
      "metrics": {
        "rmse_temp": 1.0204275846481323,
        "rmse_o2": 0.6425480246543884,
        "mae_temp": 0.7960193753242493,
        "mae_o2": 0.4635356366634369
      },
      "degradation": {
        "rmse_temp": 5.001392113063448,
        "rmse_o2": 1.250658470765383,
        "mae_temp": 6.128786539420624,
        "mae_o2": 1.407863016791068
      }
    },
    "noise_sigma_0.25": {
      "metrics": {
        "rmse_temp": 2.4237983226776123,
        "rmse_o2": 0.9588480591773987,
        "mae_temp": 1.8701261281967163,
        "mae_o2": 0.7322241067886353
      },
      "degradation": {
        "rmse_temp": 11.87969239274956,
        "rmse_o2": 1.8663063325611777,
        "mae_temp": 14.39864932539122,
        "mae_o2": 2.223930930900759
      }
    },
    "noise_sigma_0.5": {
      "metrics": {
        "rmse_temp": 4.3824687004089355,
        "rmse_o2": 1.337646722793579,
        "mae_temp": 3.327235460281372,
        "mae_o2": 1.0150998830795288
      },
      "degradation": {
        "rmse_temp": 21.47966668456015,
        "rmse_o2": 2.6036018173943942,
        "mae_temp": 25.61736125348588,
        "mae_o2": 3.08308891636364
      }
    },
    "noise_sigma_1.0": {
      "metrics": {
        "rmse_temp": 7.155925750732422,
        "rmse_o2": 1.8504668474197388,
        "mae_temp": 5.348418235778809,
        "mae_o2": 1.3590443134307861
      },
      "degradation": {
        "rmse_temp": 35.07313125381834,
        "rmse_o2": 3.6017572987494884,
        "mae_temp": 41.17903999168448,
        "mae_o2": 4.127726275442017
      }
    },
    "noise_sigma_2.0": {
      "metrics": {
        "rmse_temp": 10.569441795349121,
        "rmse_o2": 2.375277042388916,
        "mae_temp": 7.769808292388916,
        "mae_o2": 1.7203339338302612
      },
      "degradation": {
        "rmse_temp": 51.80369840057814,
        "rmse_o2": 4.623250308918298,
        "mae_temp": 59.82203191583707,
        "mae_o2": 5.225044916511725
      }
    },
    "dropout_fuel_flow": {
      "metrics": {
        "rmse_temp": 0.9282059669494629,
        "rmse_o2": 1.5151346921920776,
        "mae_temp": 0.4014025032520294,
        "mae_o2": 0.8972135782241821
      },
      "degradation": {
        "rmse_temp": 4.549388974035094,
        "rmse_o2": 2.9490652284858463,
        "mae_temp": 3.0905155516078784,
        "mae_o2": 2.725041431629461
      }
    },
    "dropout_air_fuel_ratio": {
      "metrics": {
        "rmse_temp": 0.20351457595825195,
        "rmse_o2": 0.5135793685913086,
        "mae_temp": 0.12970514595508575,
        "mae_o2": 0.32918450236320496
      },
      "degradation": {
        "rmse_temp": 0.9974800861954691,
        "rmse_o2": 0.9996332773484781,
        "mae_temp": 0.9986379443330877,
        "mae_o2": 0.9998081051844276
      }
    },
    "dropout_current_temp": {
      "metrics": {
        "rmse_temp": 6.404033660888672,
        "rmse_o2": 1.6351884603500366,
        "mae_temp": 4.328649520874023,
        "mae_o2": 0.9899394512176514
      },
      "degradation": {
        "rmse_temp": 31.387904369917475,
        "rmse_o2": 3.18273844252275,
        "mae_temp": 33.32754169029594,
        "mae_o2": 3.0066709698173892
      }
    },
    "dropout_inflow_temp": {
      "metrics": {
        "rmse_temp": 1.0661752223968506,
        "rmse_o2": 1.45646071434021,
        "mae_temp": 0.4851642847061157,
        "mae_o2": 0.9807462096214294
      },
      "degradation": {
        "rmse_temp": 5.225613682599536,
        "rmse_o2": 2.834861924455134,
        "mae_temp": 3.735422063443204,
        "mae_o2": 2.9787490069217
      }
    },
    "dropout_inflow_rate": {
      "metrics": {
        "rmse_temp": 0.464517742395401,
        "rmse_o2": 1.0203301906585693,
        "mae_temp": 0.25801539421081543,
        "mae_o2": 0.7554270029067993
      },
      "degradation": {
        "rmse_temp": 2.276727332881249,
        "rmse_o2": 1.9859754399076615,
        "mae_temp": 1.9865361623370268,
        "mae_o2": 2.294403396755475
      }
    },
    "spike_frac_0.05": {
      "metrics": {
        "rmse_temp": 3.3756163120269775,
        "rmse_o2": 0.9990664720535278,
        "mae_temp": 0.8675031065940857,
        "mae_o2": 0.5339492559432983
      },
      "degradation": {
        "rmse_temp": 16.544810287073563,
        "rmse_o2": 1.9445876388827175,
        "mae_temp": 6.6791607433345375,
        "mae_o2": 1.6217251724088928
      }
    },
    "spike_frac_0.1": {
      "metrics": {
        "rmse_temp": 4.798439979553223,
        "rmse_o2": 1.3368743658065796,
        "mae_temp": 1.5959926843643188,
        "mae_o2": 0.7296371459960938
      },
      "degradation": {
        "rmse_temp": 23.518454645677974,
        "rmse_o2": 2.602098498154147,
        "mae_temp": 12.288015573693096,
        "mae_o2": 2.216073743367296
      }
    },
    "spike_frac_0.2": {
      "metrics": {
        "rmse_temp": 6.719865798950195,
        "rmse_o2": 1.752360224723816,
        "mae_temp": 2.8968749046325684,
        "mae_o2": 1.013752818107605
      },
      "degradation": {
        "rmse_temp": 32.93588326437038,
        "rmse_o2": 3.410802110958139,
        "mae_temp": 22.30388916685033,
        "mae_o2": 3.078997574069362
      }
    },
    "temporal_shuffle": {
      "metrics": {
        "rmse_temp": 2.521080732345581,
        "rmse_o2": 0.5389905571937561,
        "mae_temp": 0.6253483295440674,
        "mae_o2": 0.33682313561439514
      },
      "degradation": {
        "rmse_temp": 12.356499844618828,
        "rmse_o2": 1.049093733312002,
        "mae_temp": 4.8147401223716155,
        "mae_o2": 1.023008369419968
      }
    },
    "extrap_shift_1.0sigma": {
      "metrics": {
        "rmse_temp": 5.330953121185303,
        "rmse_o2": 1.1444016695022583,
        "mae_temp": 5.167386054992676,
        "mae_o2": 0.7907149791717529
      },
      "degradation": {
        "rmse_temp": 26.128445855960376,
        "rmse_o2": 2.2274687447539576,
        "mae_temp": 39.785220158653324,
        "mae_o2": 2.4015809960409022
      }
    },
    "extrap_shift_2.0sigma": {
      "metrics": {
        "rmse_temp": 7.358094692230225,
        "rmse_o2": 1.1678664684295654,
        "mae_temp": 5.935459136962891,
        "mae_o2": 0.7791932225227356
      },
      "degradation": {
        "rmse_temp": 36.06401602087622,