{
  "experiment": "C5_fuel_trip",
  "description": "Real + S5 fuel trip only",
  "config": {
    "use_real": true,
    "use_edge": true,
    "scenarios": [
      "S5_fuel_trip"
    ],
    "confidence_filter": null,
    "edge_fraction": 1.0,
    "seq_len": 30,
    "stride": 30,
    "hidden_size": 128,
    "epochs": 200,
    "learning_rate": 0.001,
    "batch_size": 64,
    "patience": 20,
    "min_delta": 0.0001,
    "early_stopping": true,
    "test_size": 0.2,
    "val_size": 0.1,
    "seed": 456,
    "experiment": "C5_fuel_trip",
    "description": "Real + S5 fuel trip only",
    "device": "cpu"
  },
  "data_summary": {
    "real_rows": 470676,
    "real_sequences": 15689,
    "edge_rows": 25000,
    "edge_sequences": 833,
    "total_sequences": 16522
  },
  "test_metrics": {
    "test_rmse_temp": 0.2815839648246765,
    "test_mae_temp": 0.16707947850227356,
    "test_mape_temp": 0.053487397730350494,
    "test_r2_temp": 0.9991183876991272,
    "test_max_ae_temp": 4.662628173828125,
    "test_rmse_o2": 0.5894442796707153,
    "test_mae_o2": 0.37419041991233826,
    "test_mape_o2": 9.382261276245117,
    "test_r2_o2": 0.9628175497055054,
    "test_max_ae_o2": 7.38845157623291
  },
  "training": {
    "best_val_loss": 0.015051959369045038,
    "best_epoch": 96,
    "final_train_loss": 0.012640229799753227,
    "final_val_loss": 0.016204800026921127,
    "epochs_run": 116
  },
  "wall_time_sec": 1677.6,
  "device": "cpu",
  "robustness": {
    "clean": {
      "metrics": {
        "rmse_temp": 0.2815839648246765,
        "rmse_o2": 0.5894442796707153,
        "mae_temp": 0.16707947850227356,
        "mae_o2": 0.37419041991233826
      }
    },
    "noise_sigma_0.1": {
      "metrics": {
        "rmse_temp": 1.3121297359466553,
        "rmse_o2": 0.7392395734786987,
        "mae_temp": 1.0413039922714233,
        "mae_o2": 0.5357570648193359
      },
      "degradation": {
        "rmse_temp": 4.659816963525003,
        "rmse_o2": 1.2541296929570076,
        "mae_temp": 6.232387134589085,
        "mae_o2": 1.4317765402568243
      }
    },
    "noise_sigma_0.25": {
      "metrics": {
        "rmse_temp": 3.09734845161438,
        "rmse_o2": 1.1491643190383911,
        "mae_temp": 2.4538042545318604,
        "mae_o2": 0.8760843873023987
      },
      "degradation": {
        "rmse_temp": 10.999733076217218,
        "rmse_o2": 1.9495724340226959,
        "mae_temp": 14.686449087153871,
        "mae_o2": 2.3412795750025865
      }
    },
    "noise_sigma_0.5": {
      "metrics": {
        "rmse_temp": 5.487658977508545,
        "rmse_o2": 1.7306441068649292,
        "mae_temp": 4.4032745361328125,
        "mae_o2": 1.303957462310791
      },
      "degradation": {
        "rmse_temp": 19.48853508375501,
        "rmse_o2": 2.936060568492969,
        "mae_temp": 26.35437083958156,
        "mae_o2": 3.4847430423693626
      }
    },
    "noise_sigma_1.0": {
      "metrics": {
        "rmse_temp": 8.653502464294434,
        "rmse_o2": 2.601677417755127,
        "mae_temp": 6.961114406585693,
        "mae_o2": 1.8768236637115479
      },
      "degradation": {
        "rmse_temp": 30.731517221452545,
        "rmse_o2": 4.413780076394188,
        "mae_temp": 41.66349134547346,
        "mae_o2": 5.0156913802101935
      }
    },
    "noise_sigma_2.0": {
      "metrics": {
        "rmse_temp": 12.060518264770508,
        "rmse_o2": 3.6847081184387207,
        "mae_temp": 9.557100296020508,
        "mae_o2": 2.5388660430908203
      },
      "degradation": {
        "rmse_temp": 42.830983903077666,
        "rmse_o2": 6.2511559540405255,
        "mae_temp": 57.200922469305276,
        "mae_o2": 6.784957358570542
      }
    },
    "dropout_fuel_flow": {
      "metrics": {
        "rmse_temp": 3.3922946453094482,
        "rmse_o2": 2.171267509460449,
        "mae_temp": 0.9976038932800293,
        "mae_o2": 1.1607898473739624
      },
      "degradation": {
        "rmse_temp": 12.047186875224245,
        "rmse_o2": 3.683583986383576,
        "mae_temp": 5.970834373094205,
        "mae_o2": 3.1021367346761606
      }
    },
    "dropout_air_fuel_ratio": {
      "metrics": {
        "rmse_temp": 0.28139743208885193,
        "rmse_o2": 0.5885825157165527,
        "mae_temp": 0.16766394674777985,
        "mae_o2": 0.3739269971847534
      },
      "degradation": {
        "rmse_temp": 0.99933755909737,
        "rmse_o2": 0.9985380060781249,
        "mae_temp": 1.0034981450190386,
        "mae_o2": 0.9992960195837014
      }
    },
    "dropout_current_temp": {
      "metrics": {
        "rmse_temp": 10.136284828186035,
        "rmse_o2": 3.08432674407959,
        "mae_temp": 5.891933917999268,
        "mae_o2": 1.4387389421463013
      },
      "degradation": {
        "rmse_temp": 35.99737944771543,
        "rmse_o2": 5.232601028552868,
        "mae_temp": 35.26425848832831,
        "mae_o2": 3.844937939574603
      }
    },
    "dropout_inflow_temp": {
      "metrics": {
        "rmse_temp": 1.917630672454834,
        "rmse_o2": 1.3827112913131714,
        "mae_temp": 0.72172611951828,
        "mae_o2": 1.013163447380066
      },
      "degradation": {
        "rmse_temp": 6.810155804322218,
        "rmse_o2": 2.3457879548608114,
        "mae_temp": 4.319657482701917,
        "mae_o2": 2.7076146086728254
      }
    },
    "dropout_inflow_rate": {
      "metrics": {
        "rmse_temp": 0.3618009090423584,
        "rmse_o2": 1.1022182703018188,
        "mae_temp": 0.2277257740497589,
        "mae_o2": 0.8315854072570801
      },
      "degradation": {
        "rmse_temp": 1.2848775293991888,
        "rmse_o2": 1.8699278427429262,
        "mae_temp": 1.3629787218102916,
        "mae_o2": 2.2223588927046714
      }
    },
    "spike_frac_0.05": {
      "metrics": {
        "rmse_temp": 3.5815417766571045,
        "rmse_o2": 1.3342963457107544,
        "mae_temp": 0.9349139332771301,
        "mae_o2": 0.6386908888816833
      },
      "degradation": {
        "rmse_temp": 12.71926751541797,
        "rmse_o2": 2.263651360661503,
        "mae_temp": 5.595623960870863,
        "mae_o2": 1.7068606113200593
      }
    },
    "spike_frac_0.1": {
      "metrics": {
        "rmse_temp": 5.026522636413574,
        "rmse_o2": 1.7517962455749512,
        "mae_temp": 1.6749911308288574,
        "mae_o2": 0.8664324283599854
      },
      "degradation": {
        "rmse_temp": 17.850883801367218,
        "rmse_o2": 2.9719454509823513,
        "mae_temp": 10.025115866076066,
        "mae_o2": 2.315485331139597
      }
    },
    "spike_frac_0.2": {
      "metrics": {
        "rmse_temp": 7.160862922668457,
        "rmse_o2": 2.4251012802124023,
        "mae_temp": 3.1337828636169434,
        "mae_o2": 1.2849332094192505
      },
      "degradation": {
        "rmse_temp": 25.430648819534333,
        "rmse_o2": 4.114216328585207,
        "mae_temp": 18.756240393545998,
        "mae_o2": 3.4339019414774765
      }
    },
    "temporal_shuffle": {
      "metrics": {
        "rmse_temp": 3.046381711959839,
        "rmse_o2": 0.8371630311012268,
        "mae_temp": 0.7946723103523254,
        "mae_o2": 0.44339993596076965
      },
      "degradation": {
        "rmse_temp": 10.818732926985444,
        "rmse_o2": 1.4202581312162297,
        "mae_temp": 4.756253236339326,
        "mae_o2": 1.1849580116579284
      }
    },
    "extrap_shift_1.0sigma": {
      "metrics": {
        "rmse_temp": 10.393506050109863,
        "rmse_o2": 1.5087511539459229,
        "mae_temp": 10.34078598022461,
        "mae_o2": 1.0935686826705933
      },
      "degradation": {
        "rmse_temp": 36.910859098745924,
        "rmse_o2": 2.55961624530272,
        "mae_temp": 61.89141882007907,
        "mae_o2": 2.9224924650042725
      }
    },
    "extrap_shift_2.0sigma": {
      "metrics": {
        "rmse_temp": 15.13478946685791,
        "rmse_o2": 2.4209094047546387,
        "mae_temp": 14.807929992675781,
        "mae_o2": 1.8808075189590454
      },