{
  "experiment": "C1_flame_out",
  "description": "Real + S1 flame-out only",
  "config": {
    "use_real": true,
    "use_edge": true,
    "scenarios": [
      "S1_flame_out"
    ],
    "confidence_filter": null,
    "edge_fraction": 1.0,
    "seq_len": 30,
    "stride": 30,
    "hidden_size": 128,
    "epochs": 200,
    "learning_rate": 0.001,
    "batch_size": 64,
    "patience": 20,
    "min_delta": 0.0001,
    "early_stopping": true,
    "test_size": 0.2,
    "val_size": 0.1,
    "seed": 456,
    "experiment": "C1_flame_out",
    "description": "Real + S1 flame-out only",
    "device": "cpu"
  },
  "data_summary": {
    "real_rows": 470676,
    "real_sequences": 15689,
    "edge_rows": 25000,
    "edge_sequences": 833,
    "total_sequences": 16522
  },
  "test_metrics": {
    "test_rmse_temp": 0.2641254961490631,
    "test_mae_temp": 0.19249176979064941,
    "test_mape_temp": 0.05981595441699028,
    "test_r2_temp": 0.9981153607368469,
    "test_max_ae_temp": 3.836029052734375,
    "test_rmse_o2": 0.48463791608810425,
    "test_mae_o2": 0.31176701188087463,
    "test_mape_o2": 8.518418312072754,
    "test_r2_o2": 0.7052456736564636,
    "test_max_ae_o2": 4.209115982055664
  },
  "training": {
    "best_val_loss": 0.1289239411170666,
    "best_epoch": 124,
    "final_train_loss": 0.09580572944692367,
    "final_val_loss": 0.13644615159584925,
    "epochs_run": 144
  },
  "wall_time_sec": 2177.8,
  "device": "cpu",
  "robustness": {
    "clean": {
      "metrics": {
        "rmse_temp": 0.2641254961490631,
        "rmse_o2": 0.48463791608810425,
        "mae_temp": 0.19249176979064941,
        "mae_o2": 0.31176701188087463
      }
    },
    "noise_sigma_0.1": {
      "metrics": {
        "rmse_temp": 0.899054229259491,
        "rmse_o2": 0.6108898520469666,
        "mae_temp": 0.7016348242759705,
        "mae_o2": 0.4365251958370209
      },
      "degradation": {
        "rmse_temp": 3.4038903565451193,
        "rmse_o2": 1.2605077559303273,
        "mae_temp": 3.645012070069572,
        "mae_o2": 1.4001648000007647
      }
    },
    "noise_sigma_0.25": {
      "metrics": {
        "rmse_temp": 2.073066473007202,
        "rmse_o2": 0.8729186654090881,
        "mae_temp": 1.6129059791564941,
        "mae_o2": 0.6676898002624512
      },
      "degradation": {
        "rmse_temp": 7.848793483523592,
        "rmse_o2": 1.8011769950958538,
        "mae_temp": 8.379090601695136,
        "mae_o2": 2.141630688360235
      }
    },
    "noise_sigma_0.5": {
      "metrics": {
        "rmse_temp": 3.640087842941284,
        "rmse_o2": 1.1177735328674316,
        "mae_temp": 2.8381588459014893,
        "mae_o2": 0.8754554390907288
      },
      "degradation": {
        "rmse_temp": 13.781660218394618,
        "rmse_o2": 2.306409580764678,
        "mae_temp": 14.744312699645391,
        "mae_o2": 2.8080438459770014
      }
    },
    "noise_sigma_1.0": {
      "metrics": {
        "rmse_temp": 5.703711032867432,
        "rmse_o2": 1.3184478282928467,
        "mae_temp": 4.4359564781188965,
        "mae_o2": 1.0455437898635864
      },
      "degradation": {
        "rmse_temp": 21.594700685951416,
        "rmse_o2": 2.720480145125832,
        "mae_temp": 23.044915026462498,
        "mae_o2": 3.3536062188102376
      }
    },
    "noise_sigma_2.0": {
      "metrics": {
        "rmse_temp": 7.782989501953125,
        "rmse_o2": 1.4459617137908936,
        "mae_temp": 5.991739749908447,
        "mae_o2": 1.153713583946228
      },
      "degradation": {
        "rmse_temp": 29.467013277509114,
        "rmse_o2": 2.983591802850247,
        "mae_temp": 31.127251603665734,
        "mae_o2": 3.700563369376164
      }
    },
    "dropout_fuel_flow": {
      "metrics": {
        "rmse_temp": 0.6604903936386108,
        "rmse_o2": 1.1250883340835571,
        "mae_temp": 0.43508949875831604,
        "mae_o2": 0.7911645174026489
      },
      "degradation": {
        "rmse_temp": 2.5006688232242955,
        "rmse_o2": 2.321502913278091,
        "mae_temp": 2.260301826054753,
        "mae_o2": 2.537678738457906
      }
    },
    "dropout_air_fuel_ratio": {
      "metrics": {
        "rmse_temp": 0.7350987792015076,
        "rmse_o2": 0.8168967962265015,
        "mae_temp": 0.4651223123073578,
        "mae_o2": 0.5966081619262695
      },
      "degradation": {
        "rmse_temp": 2.7831420666282205,
        "rmse_o2": 1.685581687087798,
        "mae_temp": 2.416323112480167,
        "mae_o2": 1.9136346668846156
      }
    },
    "dropout_current_temp": {
      "metrics": {
        "rmse_temp": 5.704789638519287,
        "rmse_o2": 1.059955358505249,
        "mae_temp": 4.014798641204834,
        "mae_o2": 0.7809942960739136
      },
      "degradation": {
        "rmse_temp": 21.598784372182326,
        "rmse_o2": 2.1871077836026256,
        "mae_temp": 20.856988564089036,
        "mae_o2": 2.5050575151046752
      }
    },
    "dropout_inflow_temp": {
      "metrics": {
        "rmse_temp": 1.207666277885437,
        "rmse_o2": 1.2297589778900146,
        "mae_temp": 0.5961196422576904,
        "mae_o2": 0.9317622184753418
      },
      "degradation": {
        "rmse_temp": 4.5723199596144735,
        "rmse_o2": 2.537479914523345,
        "mae_temp": 3.096857818420078,
        "mae_o2": 2.9886491609682095
      }
    },
    "dropout_inflow_rate": {
      "metrics": {
        "rmse_temp": 0.6273850798606873,
        "rmse_o2": 1.069736361503601,
        "mae_temp": 0.37834683060646057,
        "mae_o2": 0.8115966320037842
      },
      "degradation": {
        "rmse_temp": 2.3753294892311843,
        "rmse_o2": 2.2072898673267023,
        "mae_temp": 1.9655221156621074,
        "mae_o2": 2.6032152250729244
      }
    },
    "spike_frac_0.05": {
      "metrics": {
        "rmse_temp": 2.120760202407837,
        "rmse_o2": 0.6580561399459839,
        "mae_temp": 0.6154602766036987,
        "mae_o2": 0.4301430583000183
      },
      "degradation": {
        "rmse_temp": 8.029365711862042,
        "rmse_o2": 1.3578304917982382,
        "mae_temp": 3.1973329419385683,
        "mae_o2": 1.3796939442213176
      }
    },
    "spike_frac_0.1": {
      "metrics": {
        "rmse_temp": 3.0346195697784424,
        "rmse_o2": 0.7960922718048096,
        "mae_temp": 1.0360909700393677,
        "mae_o2": 0.537860095500946
      },
      "degradation": {
        "rmse_temp": 11.489309491219318,
        "rmse_o2": 1.6426537119313727,
        "mae_temp": 5.382520879548261,
        "mae_o2": 1.7251988664742406
      }
    },
    "spike_frac_0.2": {
      "metrics": {
        "rmse_temp": 4.312133312225342,
        "rmse_o2": 0.984752893447876,
        "mae_temp": 1.8581604957580566,
        "mae_o2": 0.704103946685791
      },
      "degradation": {
        "rmse_temp": 16.326077471111407,
        "rmse_o2": 2.031935308315526,
        "mae_temp": 9.653194512050872,
        "mae_o2": 2.2584299167444546
      }
    },
    "temporal_shuffle": {
      "metrics": {
        "rmse_temp": 3.2879743576049805,
        "rmse_o2": 0.4831005334854126,
        "mae_temp": 0.8684611320495605,
        "mae_o2": 0.31140950322151184
      },
      "degradation": {
        "rmse_temp": 12.448530738393252,
        "rmse_o2": 0.9968277706888865,
        "mae_temp": 4.511679294102201,
        "mae_o2": 0.9988532825932867
      }
    },
    "extrap_shift_1.0sigma": {
      "metrics": {
        "rmse_temp": 5.682048320770264,
        "rmse_o2": 0.8127827644348145,
        "mae_temp": 5.572932243347168,
        "mae_o2": 0.6365726590156555
      },
      "degradation": {
        "rmse_temp": 21.512683946132622,
        "rmse_o2": 1.677092809814442,
        "mae_temp": 28.95153517165014,
        "mae_o2": 2.041821728268314
      }
    },
    "extrap_shift_2.0sigma": {
      "metrics": {
        "rmse_temp": 8.314906120300293,
        "rmse_o2": 0.8107920289039612,
        "mae_temp": 8.067915916442871,
        "mae_o2": 0.6338719129562378
      },