{
  "experiment": "C6_fuel_contamination",
  "description": "Real + S6 fuel contamination only",
  "config": {
    "use_real": true,
    "use_edge": true,
    "scenarios": [
      "S6_fuel_contamination"
    ],
    "confidence_filter": null,
    "edge_fraction": 1.0,
    "seq_len": 30,
    "stride": 30,
    "hidden_size": 128,
    "epochs": 200,
    "learning_rate": 0.001,
    "batch_size": 64,
    "patience": 20,
    "min_delta": 0.0001,
    "early_stopping": true,
    "test_size": 0.2,
    "val_size": 0.1,
    "seed": 42,
    "experiment": "C6_fuel_contamination",
    "description": "Real + S6 fuel contamination only",
    "device": "cpu"
  },
  "data_summary": {
    "real_rows": 470676,
    "real_sequences": 15689,
    "edge_rows": 25000,
    "edge_sequences": 833,
    "total_sequences": 16522
  },
  "test_metrics": {
    "test_rmse_temp": 0.29553845524787903,
    "test_mae_temp": 0.17524513602256775,
    "test_mape_temp": 0.055712927132844925,
    "test_r2_temp": 0.9989433288574219,
    "test_max_ae_temp": 4.166351318359375,
    "test_rmse_o2": 0.6428303122520447,
    "test_mae_o2": 0.3856262266635895,
    "test_mape_o2": 9.081029891967773,
    "test_r2_o2": 0.8823909759521484,
    "test_max_ae_o2": 5.313429355621338
  },
  "training": {
    "best_val_loss": 0.058902034822564855,
    "best_epoch": 81,
    "final_train_loss": 0.047973579938572965,
    "final_val_loss": 0.06261600439365093,
    "epochs_run": 101
  },
  "wall_time_sec": 1519.2,
  "device": "cpu",
  "robustness": {
    "clean": {
      "metrics": {
        "rmse_temp": 0.29553845524787903,
        "rmse_o2": 0.6428303122520447,
        "mae_temp": 0.17524513602256775,
        "mae_o2": 0.3856262266635895
      }
    },
    "noise_sigma_0.1": {
      "metrics": {
        "rmse_temp": 1.3196159601211548,
        "rmse_o2": 0.756859302520752,
        "mae_temp": 1.0355466604232788,
        "mae_o2": 0.5255113244056702
      },
      "degradation": {
        "rmse_temp": 4.465124374472162,
        "rmse_o2": 1.1773858327701232,
        "mae_temp": 5.909132110176929,
        "mae_o2": 1.3627478840128602
      }
    },
    "noise_sigma_0.25": {
      "metrics": {
        "rmse_temp": 3.2355129718780518,
        "rmse_o2": 1.1557360887527466,
        "mae_temp": 2.508493661880493,
        "mae_o2": 0.8671468496322632
      },
      "degradation": {
        "rmse_temp": 10.947857764108253,
        "rmse_o2": 1.7978867311092182,
        "mae_temp": 14.314198492547343,
        "mae_o2": 2.2486718736294358
      }
    },
    "noise_sigma_0.5": {
      "metrics": {
        "rmse_temp": 5.799760818481445,
        "rmse_o2": 1.6803302764892578,
        "mae_temp": 4.4604620933532715,
        "mae_o2": 1.2602708339691162
      },
      "degradation": {
        "rmse_temp": 19.62438632095093,
        "rmse_o2": 2.6139561941354503,
        "mae_temp": 25.452701253738997,
        "mae_o2": 3.268114943511206
      }
    },
    "noise_sigma_1.0": {
      "metrics": {
        "rmse_temp": 9.075263023376465,
        "rmse_o2": 2.251840114593506,
        "mae_temp": 6.931291103363037,
        "mae_o2": 1.6628645658493042
      },
      "degradation": {
        "rmse_temp": 30.70755383005811,
        "rmse_o2": 3.503008603786237,
        "mae_temp": 39.55197422695051,
        "mae_o2": 4.312114817076342
      }
    },
    "noise_sigma_2.0": {
      "metrics": {
        "rmse_temp": 12.127728462219238,
        "rmse_o2": 2.7739992141723633,
        "mae_temp": 9.18591594696045,
        "mae_o2": 2.0223379135131836
      },
      "degradation": {
        "rmse_temp": 41.03604200017647,
        "rmse_o2": 4.3152899937996665,
        "mae_temp": 52.41752299349126,
        "mae_o2": 5.244295573489144
      }
    },
    "dropout_fuel_flow": {
      "metrics": {
        "rmse_temp": 1.0499911308288574,
        "rmse_o2": 1.3418787717819214,
        "mae_temp": 0.5153642892837524,
        "mae_o2": 0.9203702211380005
      },
      "degradation": {
        "rmse_temp": 3.5528071294417205,
        "rmse_o2": 2.0874541013488948,
        "mae_temp": 2.9408193629829746,
        "mae_o2": 2.3866899020353927
      }
    },
    "dropout_air_fuel_ratio": {
      "metrics": {
        "rmse_temp": 0.8054739236831665,
        "rmse_o2": 0.9718999862670898,
        "mae_temp": 0.4410107433795929,
        "mae_o2": 0.664269208908081
      },
      "degradation": {
        "rmse_temp": 2.725445401031097,
        "rmse_o2": 1.51190752480574,
        "mae_temp": 2.51653628391033,
        "mae_o2": 1.7225726959893022
      }
    },
    "dropout_current_temp": {
      "metrics": {
        "rmse_temp": 9.054728507995605,
        "rmse_o2": 2.1966922283172607,
        "mae_temp": 5.739369869232178,
        "mae_o2": 1.4185739755630493
      },
      "degradation": {
        "rmse_temp": 30.63807212635347,
        "rmse_o2": 3.417219422372181,
        "mae_temp": 32.75052306440661,
        "mae_o2": 3.6786242155686604
      }
    },
    "dropout_inflow_temp": {
      "metrics": {
        "rmse_temp": 1.3223958015441895,
        "rmse_o2": 1.6666404008865356,
        "mae_temp": 0.5610177516937256,
        "mae_o2": 1.1231715679168701
      },
      "degradation": {
        "rmse_temp": 4.474530397186543,
        "rmse_o2": 2.5926599432558644,
        "mae_temp": 3.2013313717390637,
        "mae_o2": 2.9125912353899532
      }
    },
    "dropout_inflow_rate": {
      "metrics": {
        "rmse_temp": 0.4161326289176941,
        "rmse_o2": 1.0764812231063843,
        "mae_temp": 0.26211029291152954,
        "mae_o2": 0.8096503019332886
      },
      "degradation": {
        "rmse_temp": 1.4080490086092798,
        "rmse_o2": 1.6745962388349716,
        "mae_temp": 1.4956779906163868,
        "mae_o2": 2.099572710441209
      }
    },
    "spike_frac_0.05": {
      "metrics": {
        "rmse_temp": 3.536449909210205,
        "rmse_o2": 1.0177253484725952,
        "mae_temp": 0.909996747970581,
        "mae_o2": 0.5625969767570496
      },
      "degradation": {
        "rmse_temp": 11.966124361867067,
        "rmse_o2": 1.583194396834167,
        "mae_temp": 5.192707590203208,
        "mae_o2": 1.4589178273080603
      }
    },
    "spike_frac_0.1": {
      "metrics": {
        "rmse_temp": 4.852783203125,
        "rmse_o2": 1.2804235219955444,
        "mae_temp": 1.5936402082443237,
        "mae_o2": 0.718689501285553
      },
      "degradation": {
        "rmse_temp": 16.42014132832491,
        "rmse_o2": 1.9918530560729197,
        "mae_temp": 9.093777119378068,
        "mae_o2": 1.863694561191035
      }
    },
    "spike_frac_0.2": {
      "metrics": {
        "rmse_temp": 6.8242974281311035,
        "rmse_o2": 1.6859723329544067,
        "mae_temp": 2.893510103225708,
        "mae_o2": 1.001607060432434
      },
      "degradation": {
        "rmse_temp": 23.09106414732835,
        "rmse_o2": 2.622733092731571,
        "mae_temp": 16.511214912424656,
        "mae_o2": 2.5973520242600374
      }
    },
    "temporal_shuffle": {
      "metrics": {
        "rmse_temp": 3.3914613723754883,
        "rmse_o2": 0.672782301902771,
        "mae_temp": 0.9217932224273682,
        "mae_o2": 0.3970998525619507
      },
      "degradation": {
        "rmse_temp": 11.475533258543104,
        "rmse_o2": 1.0465939285684813,
        "mae_temp": 5.26002172356248,
        "mae_o2": 1.0297532302136974
      }
    },
    "extrap_shift_1.0sigma": {
      "metrics": {
        "rmse_temp": 6.802739143371582,
        "rmse_o2": 1.0219614505767822,
        "mae_temp": 6.677293300628662,
        "mae_o2": 0.7796999216079712
      },
      "degradation": {
        "rmse_temp": 23.018118361841857,
        "rmse_o2": 1.5897841640300334,
        "mae_temp": 38.10258847794082,
        "mae_o2": 2.021905844822535
      }
    },
    "extrap_shift_2.0sigma": {
      "metrics": {
        "rmse_temp": 9.458011627197266,
        "rmse_o2": 0.9884900450706482,
        "mae_temp": 8.970524787902832,
        "mae_o2": 0.7368906140327454
      },