{
  "experiment": "C4_positive_pressure",
  "description": "Real + S4 positive pressure only",
  "config": {
    "use_real": true,
    "use_edge": true,
    "scenarios": [
      "S4_positive_pressure"
    ],
    "confidence_filter": null,
    "edge_fraction": 1.0,
    "seq_len": 30,
    "stride": 30,
    "hidden_size": 128,
    "epochs": 200,
    "learning_rate": 0.001,
    "batch_size": 64,
    "patience": 20,
    "min_delta": 0.0001,
    "early_stopping": true,
    "test_size": 0.2,
    "val_size": 0.1,
    "seed": 42,
    "experiment": "C4_positive_pressure",
    "description": "Real + S4 positive pressure only",
    "device": "cpu"
  },
  "data_summary": {
    "real_rows": 470676,
    "real_sequences": 15689,
    "edge_rows": 25000,
    "edge_sequences": 833,
    "total_sequences": 16522
  },
  "test_metrics": {
    "test_rmse_temp": 0.383823037147522,
    "test_mae_temp": 0.28013163805007935,
    "test_mape_temp": 0.08763954043388367,
    "test_r2_temp": 0.9976322650909424,
    "test_max_ae_temp": 4.852630615234375,
    "test_rmse_o2": 0.48060399293899536,
    "test_mae_o2": 0.2959955334663391,
    "test_mape_o2": 7.967397689819336,
    "test_r2_o2": 0.6821798086166382,
    "test_max_ae_o2": 4.302376747131348
  },
  "training": {
    "best_val_loss": 0.14679433434055403,
    "best_epoch": 145,
    "final_train_loss": 0.09145310877457909,
    "final_val_loss": 0.1529374775978235,
    "epochs_run": 165
  },
  "wall_time_sec": 2397.0,
  "device": "cpu",
  "robustness": {
    "clean": {
      "metrics": {
        "rmse_temp": 0.383823037147522,
        "rmse_o2": 0.48060399293899536,
        "mae_temp": 0.28013163805007935,
        "mae_o2": 0.2959955334663391
      }
    },
    "noise_sigma_0.1": {
      "metrics": {
        "rmse_temp": 1.0448863506317139,
        "rmse_o2": 0.6050886511802673,
        "mae_temp": 0.8090153932571411,
        "mae_o2": 0.42897745966911316
      },
      "degradation": {
        "rmse_temp": 2.7223127574547146,
        "rmse_o2": 1.2590171119470355,
        "mae_temp": 2.8879829457624946,
        "mae_o2": 1.4492700435221157
      }
    },
    "noise_sigma_0.25": {
      "metrics": {
        "rmse_temp": 2.357372283935547,
        "rmse_o2": 0.8849974870681763,
        "mae_temp": 1.807115077972412,
        "mae_o2": 0.6745646595954895
      },
      "degradation": {
        "rmse_temp": 6.141820724089298,
        "rmse_o2": 1.8414276620055297,
        "mae_temp": 6.450949598379005,
        "mae_o2": 2.2789690496198034
      }
    },
    "noise_sigma_0.5": {
      "metrics": {
        "rmse_temp": 4.060816764831543,
        "rmse_o2": 1.0551127195358276,
        "mae_temp": 3.1161396503448486,
        "mae_o2": 0.8289552330970764
      },
      "degradation": {
        "rmse_temp": 10.579919316491607,
        "rmse_o2": 2.1953890001695355,
        "mae_temp": 11.123840463131744,
        "mae_o2": 2.8005666956840956
      }
    },
    "noise_sigma_1.0": {
      "metrics": {
        "rmse_temp": 6.330819606781006,
        "rmse_o2": 1.1515077352523804,
        "mae_temp": 4.864570617675781,
        "mae_o2": 0.9181473851203918
      },
      "degradation": {
        "rmse_temp": 16.49411055112818,
        "rmse_o2": 2.3959595678984402,
        "mae_temp": 17.365302439727063,
        "mae_o2": 3.1018960805528657
      }
    },
    "noise_sigma_2.0": {
      "metrics": {
        "rmse_temp": 8.836752891540527,
        "rmse_o2": 1.197270154953003,
        "mae_temp": 6.674539566040039,
        "mae_o2": 0.9662052392959595
      },
      "degradation": {
        "rmse_temp": 23.02298725270138,
        "rmse_o2": 2.4911781269885878,
        "mae_temp": 23.826439642804026,
        "mae_o2": 3.264256145965923
      }
    },
    "dropout_fuel_flow": {
      "metrics": {
        "rmse_temp": 1.155922770500183,
        "rmse_o2": 1.1184335947036743,
        "mae_temp": 0.7481169104576111,
        "mae_o2": 0.7777408361434937
      },
      "degradation": {
        "rmse_temp": 3.0116034177904374,
        "rmse_o2": 2.3271417032226793,
        "mae_temp": 2.6705905682951445,
        "mae_o2": 2.6275424734810704
      }
    },
    "dropout_air_fuel_ratio": {
      "metrics": {
        "rmse_temp": 0.8098616600036621,
        "rmse_o2": 0.834418535232544,
        "mae_temp": 0.5347718596458435,
        "mae_o2": 0.5804961919784546
      },
      "degradation": {
        "rmse_temp": 2.1099871076586596,
        "rmse_o2": 1.7361872716243942,
        "mae_temp": 1.909002008370943,
        "mae_o2": 1.9611653769919781
      }
    },
    "dropout_current_temp": {
      "metrics": {
        "rmse_temp": 8.144838333129883,
        "rmse_o2": 1.1799973249435425,
        "mae_temp": 5.357156276702881,
        "mae_o2": 0.8994502425193787
      },
      "degradation": {
        "rmse_temp": 21.220295669744864,
        "rmse_o2": 2.4552382882372834,
        "mae_temp": 19.123710245628086,
        "mae_o2": 3.0387291050851784
      }
    },
    "dropout_inflow_temp": {
      "metrics": {
        "rmse_temp": 1.5434082746505737,
        "rmse_o2": 1.0429737567901611,
        "mae_temp": 0.7323262691497803,
        "mae_o2": 0.775473952293396
      },
      "degradation": {
        "rmse_temp": 4.021145489652739,
        "rmse_o2": 2.1701312767131946,
        "mae_temp": 2.6142219216911933,
        "mae_o2": 2.619883966531487
      }
    },
    "dropout_inflow_rate": {
      "metrics": {
        "rmse_temp": 1.0457121133804321,
        "rmse_o2": 1.0597734451293945,
        "mae_temp": 0.6013615131378174,
        "mae_o2": 0.7822981476783752
      },
      "degradation": {
        "rmse_temp": 2.72446417273936,
        "rmse_o2": 2.205086642432276,
        "mae_temp": 2.146710444145947,
        "mae_o2": 2.642939028562534
      }
    },
    "spike_frac_0.05": {
      "metrics": {
        "rmse_temp": 2.5313849449157715,
        "rmse_o2": 0.6386867761611938,
        "mae_temp": 0.7738262414932251,
        "mae_o2": 0.41567009687423706
      },
      "degradation": {
        "rmse_temp": 6.595187625340051,
        "rmse_o2": 1.328925238959187,
        "mae_temp": 2.7623664605669696,
        "mae_o2": 1.404312058382825
      }
    },
    "spike_frac_0.1": {
      "metrics": {
        "rmse_temp": 3.5134310722351074,
        "rmse_o2": 0.7538497447967529,
        "mae_temp": 1.252941370010376,
        "mae_o2": 0.51735919713974
      },
      "degradation": {
        "rmse_temp": 9.153778518210006,
        "rmse_o2": 1.568546570299597,
        "mae_temp": 4.472687836089356,
        "mae_o2": 1.7478615000742048
      }
    },
    "spike_frac_0.2": {
      "metrics": {
        "rmse_temp": 4.910376071929932,
        "rmse_o2": 0.8844090700149536,
        "mae_temp": 2.1325771808624268,
        "mae_o2": 0.6443169713020325
      },
      "degradation": {
        "rmse_temp": 12.793333376815092,
        "rmse_o2": 1.8402033337397066,
        "mae_temp": 7.612768039007377,
        "mae_o2": 2.1767793714877284
      }
    },
    "temporal_shuffle": {
      "metrics": {
        "rmse_temp": 3.5709362030029297,
        "rmse_o2": 0.4808822572231293,
        "mae_temp": 1.0078994035720825,
        "mae_o2": 0.2966100871562958
      },
      "degradation": {
        "rmse_temp": 9.303600506997302,
        "rmse_o2": 1.0005789887063408,
        "mae_temp": 3.597949201981604,
        "mae_o2": 1.00207622622801
      }
    },
    "extrap_shift_1.0sigma": {
      "metrics": {
        "rmse_temp": 6.348761558532715,
        "rmse_o2": 0.9134264588356018,
        "mae_temp": 6.180656433105469,
        "mae_o2": 0.6945176124572754
      },
      "degradation": {
        "rmse_temp": 16.540855925989078,
        "rmse_o2": 1.9005802537132603,
        "mae_temp": 22.06340017902779,
        "mae_o2": 2.34637869134014
      }
    },
    "extrap_shift_2.0sigma": {
      "metrics": {
        "rmse_temp": 8.528785705566406,
        "rmse_o2": 0.814252495765686,
        "mae_temp": 8.145562171936035,
        "mae_o2": 0.6304425001144409
      },