{
  "experiment": "B4_edge_200pct",
  "description": "Real + 200 % edge cases (2\u00d7 oversampled)",
  "config": {
    "use_real": true,
    "use_edge": true,
    "scenarios": null,
    "confidence_filter": null,
    "edge_fraction": 2.0,
    "seq_len": 30,
    "stride": 30,
    "hidden_size": 128,
    "epochs": 200,
    "learning_rate": 0.001,
    "batch_size": 64,
    "patience": 20,
    "min_delta": 0.0001,
    "early_stopping": true,
    "test_size": 0.2,
    "val_size": 0.1,
    "seed": 123,
    "experiment": "B4_edge_200pct",
    "description": "Real + 200 % edge cases (2\u00d7 oversampled)",
    "device": "cpu"
  },
  "data_summary": {
    "real_rows": 470676,
    "real_sequences": 15689,
    "edge_rows": 300000,
    "edge_sequences": 9996,
    "total_sequences": 25685
  },
  "test_metrics": {
    "test_rmse_temp": 0.2553069591522217,
    "test_mae_temp": 0.19113652408123016,
    "test_mape_temp": 0.06149321421980858,
    "test_r2_temp": 0.9997135996818542,
    "test_max_ae_temp": 10.117950439453125,
    "test_rmse_o2": 0.8248282670974731,
    "test_mae_o2": 0.50416499376297,
    "test_mape_o2": 9.275928497314453,
    "test_r2_o2": 0.9647092223167419,
    "test_max_ae_o2": 10.343996047973633
  },
  "training": {
    "best_val_loss": 0.018024728724324122,
    "best_epoch": 93,
    "final_train_loss": 0.015656483877357675,
    "final_val_loss": 0.0182731587258054,
    "epochs_run": 113
  },
  "wall_time_sec": 2509.3,
  "device": "cpu",
  "robustness": {
    "clean": {
      "metrics": {
        "rmse_temp": 0.2553069591522217,
        "rmse_o2": 0.8248282670974731,
        "mae_temp": 0.19113652408123016,
        "mae_o2": 0.50416499376297
      }
    },
    "noise_sigma_0.1": {
      "metrics": {
        "rmse_temp": 1.511908769607544,
        "rmse_o2": 1.092056393623352,
        "mae_temp": 1.1968854665756226,
        "mae_o2": 0.7139414548873901
      },
      "degradation": {
        "rmse_temp": 5.92192541334566,
        "rmse_o2": 1.3239803207354186,
        "mae_temp": 6.26194010971427,
        "mae_o2": 1.4160869233674824
      }
    },
    "noise_sigma_0.25": {
      "metrics": {
        "rmse_temp": 3.709514617919922,
        "rmse_o2": 1.9432512521743774,
        "mae_temp": 2.9443604946136475,
        "mae_o2": 1.2356141805648804
      },
      "degradation": {
        "rmse_temp": 14.529625946107476,
        "rmse_o2": 2.3559464796382104,
        "mae_temp": 15.40448906229109,
        "mae_o2": 2.4508131184248714
      }
    },
    "noise_sigma_0.5": {
      "metrics": {
        "rmse_temp": 7.024083137512207,
        "rmse_o2": 2.83091139793396,
        "mae_temp": 5.58662748336792,
        "mae_o2": 1.8582193851470947
      },
      "degradation": {
        "rmse_temp": 27.512305817422853,
        "rmse_o2": 3.4321221893810536,
        "mae_temp": 29.22846645988857,
        "mae_o2": 3.6857366301412133
      }
    },
    "noise_sigma_1.0": {
      "metrics": {
        "rmse_temp": 12.49294376373291,
        "rmse_o2": 3.6935784816741943,
        "mae_temp": 9.995284080505371,
        "mae_o2": 2.5338799953460693
      },
      "degradation": {
        "rmse_temp": 48.933032633412246,
        "rmse_o2": 4.477996971020041,
        "mae_temp": 52.29395129241507,
        "mae_o2": 5.025894353421446
      }
    },
    "noise_sigma_2.0": {
      "metrics": {
        "rmse_temp": 19.598268508911133,
        "rmse_o2": 4.636771202087402,
        "mae_temp": 15.958077430725098,
        "mae_o2": 3.2350049018859863
      },
      "degradation": {
        "rmse_temp": 76.76354994000009,
        "rmse_o2": 5.62149890716519,
        "mae_temp": 83.49046581983019,
        "mae_o2": 6.416559939516356
      }
    },
    "dropout_fuel_flow": {
      "metrics": {
        "rmse_temp": 1.5289870500564575,
        "rmse_o2": 4.606884956359863,
        "mae_temp": 0.667373538017273,
        "mae_o2": 2.5457797050476074
      },
      "degradation": {
        "rmse_temp": 5.988818538803831,
        "rmse_o2": 5.585265612405897,
        "mae_temp": 3.4916065426283946,
        "mae_o2": 5.04949716172577
      }
    },
    "dropout_air_fuel_ratio": {
      "metrics": {
        "rmse_temp": 0.24782513082027435,
        "rmse_o2": 0.8248721957206726,
        "mae_temp": 0.188926100730896,
        "mae_o2": 0.5042508840560913
      },
      "degradation": {
        "rmse_temp": 0.970694773237707,
        "rmse_o2": 1.0000532579022225,
        "mae_temp": 0.9884353691113752,
        "mae_o2": 1.0001703614772621
      }
    },
    "dropout_current_temp": {
      "metrics": {
        "rmse_temp": 15.271894454956055,
        "rmse_o2": 4.83383321762085,
        "mae_temp": 12.830717086791992,
        "mae_o2": 3.1660706996917725
      },
      "degradation": {
        "rmse_temp": 59.81777584781969,
        "rmse_o2": 5.860411688642597,
        "mae_temp": 67.12854672055839,
        "mae_o2": 6.279830489739002
      }
    },
    "dropout_inflow_temp": {
      "metrics": {
        "rmse_temp": 1.8343735933303833,
        "rmse_o2": 2.1482813358306885,
        "mae_temp": 0.8349040150642395,
        "mae_o2": 1.4060863256454468
      },
      "degradation": {
        "rmse_temp": 7.184972941676356,
        "rmse_o2": 2.6045195364004394,
        "mae_temp": 4.368102951947676,
        "mae_o2": 2.788940809140171
      }
    },
    "dropout_inflow_rate": {
      "metrics": {
        "rmse_temp": 0.3942817151546478,
        "rmse_o2": 1.4431354999542236,
        "mae_temp": 0.27594250440597534,
        "mae_o2": 1.0196853876113892
      },
      "degradation": {
        "rmse_temp": 1.5443437831225166,
        "rmse_o2": 1.749619354138457,
        "mae_temp": 1.4436932225925794,
        "mae_o2": 2.0225231823429373
      }
    },
    "spike_frac_0.05": {
      "metrics": {
        "rmse_temp": 6.211238861083984,
        "rmse_o2": 1.8471769094467163,
        "mae_temp": 1.4075796604156494,
        "mae_o2": 0.8785962462425232
      },
      "degradation": {
        "rmse_temp": 24.32851372993972,
        "rmse_o2": 2.239468484690557,
        "mae_temp": 7.364263147411058,
        "mae_o2": 1.7426760229521008
      }
    },
    "spike_frac_0.1": {
      "metrics": {
        "rmse_temp": 8.667147636413574,
        "rmse_o2": 2.3438100814819336,
        "mae_temp": 2.5796148777008057,
        "mae_o2": 1.165543556213379
      },
      "degradation": {
        "rmse_temp": 33.94794903042953,
        "rmse_o2": 2.8415734219799194,
        "mae_temp": 13.496190171400773,
        "mae_o2": 2.311829600690904
      }
    },
    "spike_frac_0.2": {
      "metrics": {
        "rmse_temp": 12.019396781921387,
        "rmse_o2": 3.0894923210144043,
        "mae_temp": 4.764218807220459,
        "mae_o2": 1.6773778200149536
      },
      "degradation": {
        "rmse_temp": 47.07821839966008,
        "rmse_o2": 3.745618869108552,
        "mae_temp": 24.92573740221276,
        "mae_o2": 3.3270414264492993
      }
    },
    "temporal_shuffle": {
      "metrics": {
        "rmse_temp": 8.986696243286133,
        "rmse_o2": 1.1319931745529175,
        "mae_temp": 4.646646022796631,
        "mae_o2": 0.6494905352592468
      },
      "degradation": {
        "rmse_temp": 35.199574164086904,
        "rmse_o2": 1.3723986188498867,
        "mae_temp": 24.31061276819011,
        "mae_o2": 1.288249964384875
      }
    },
    "extrap_shift_1.0sigma": {
      "metrics": {
        "rmse_temp": 12.75556468963623,
        "rmse_o2": 3.285616636276245,
        "mae_temp": 12.612324714660645,
        "mae_o2": 2.031750440597534
      },
      "degradation": {
        "rmse_temp": 49.96168037092549,
        "rmse_o2": 3.9833948075496437,
        "mae_temp": 65.98594787305326,
        "mae_o2": 4.029931601226461
      }
    },
    "extrap_shift_2.0sigma": {
      "metrics": {
        "rmse_temp": 20.777481079101562,
        "rmse_o2": 4.148416996002197,
        "mae_temp": 20.08985137939453,
        "mae_o2": 2.595308780670166
      },