{
  "experiment": "D1_hidden_64",
  "description": "Smaller CfC backbone (hidden=64)",
  "config": {
    "use_real": true,
    "use_edge": true,
    "scenarios": null,
    "confidence_filter": null,
    "edge_fraction": 1.0,
    "seq_len": 30,
    "stride": 30,
    "hidden_size": 64,
    "epochs": 200,
    "learning_rate": 0.001,
    "batch_size": 64,
    "patience": 20,
    "min_delta": 0.0001,
    "early_stopping": true,
    "test_size": 0.2,
    "val_size": 0.1,
    "seed": 123,
    "experiment": "D1_hidden_64",
    "description": "Smaller CfC backbone (hidden=64)",
    "device": "cpu"
  },
  "data_summary": {
    "real_rows": 470676,
    "real_sequences": 15689,
    "edge_rows": 150000,
    "edge_sequences": 4998,
    "total_sequences": 20687
  },
  "test_metrics": {
    "test_rmse_temp": 0.233676478266716,
    "test_mae_temp": 0.16064396500587463,
    "test_mape_temp": 0.051337167620658875,
    "test_r2_temp": 0.9996960163116455,
    "test_max_ae_temp": 11.369537353515625,
    "test_rmse_o2": 0.7427812218666077,
    "test_mae_o2": 0.485199898481369,
    "test_mape_o2": 10.467609405517578,
    "test_r2_o2": 0.9613739848136902,
    "test_max_ae_o2": 10.076068878173828
  },
  "training": {
    "best_val_loss": 0.0196917989206585,
    "best_epoch": 54,
    "final_train_loss": 0.019491668157710994,
    "final_val_loss": 0.01967224267057397,
    "epochs_run": 74
  },
  "wall_time_sec": 1062.7,
  "device": "cpu",
  "robustness": {
    "clean": {
      "metrics": {
        "rmse_temp": 0.233676478266716,
        "rmse_o2": 0.7427812218666077,
        "mae_temp": 0.16064396500587463,
        "mae_o2": 0.485199898481369
      }
    },
    "noise_sigma_0.1": {
      "metrics": {
        "rmse_temp": 1.6279114484786987,
        "rmse_o2": 0.8788501024246216,
        "mae_temp": 1.2679967880249023,
        "mae_o2": 0.6168770790100098
      },
      "degradation": {
        "rmse_temp": 6.966518241603319,
        "rmse_o2": 1.1831883690005962,
        "mae_temp": 7.893211475317686,
        "mae_o2": 1.2713874857368648
      }
    },
    "noise_sigma_0.25": {
      "metrics": {
        "rmse_temp": 3.915983200073242,
        "rmse_o2": 1.3930203914642334,
        "mae_temp": 3.0377094745635986,
        "mae_o2": 0.9480481147766113
      },
      "degradation": {
        "rmse_temp": 16.75814026777474,
        "rmse_o2": 1.8754114272888807,
        "mae_temp": 18.909577303153043,
        "mae_o2": 1.9539330443883327
      }
    },
    "noise_sigma_0.5": {
      "metrics": {
        "rmse_temp": 7.2134108543396,
        "rmse_o2": 2.0539207458496094,
        "mae_temp": 5.6224684715271,
        "mae_o2": 1.3765580654144287
      },
      "degradation": {
        "rmse_temp": 30.86922101807048,
        "rmse_o2": 2.7651759163864034,
        "mae_temp": 34.99956236340089,
        "mae_o2": 2.8370947102893647
      }
    },
    "noise_sigma_1.0": {
      "metrics": {
        "rmse_temp": 12.056025505065918,
        "rmse_o2": 2.8184030055999756,
        "mae_temp": 9.435458183288574,
        "mae_o2": 1.9354604482650757
      },
      "degradation": {
        "rmse_temp": 51.59280726280585,
        "rmse_o2": 3.7943918379052914,
        "mae_temp": 58.735217242325454,
        "mae_o2": 3.988995987680312
      }
    },
    "noise_sigma_2.0": {
      "metrics": {
        "rmse_temp": 17.66779136657715,
        "rmse_o2": 3.836257219314575,
        "mae_temp": 13.9966402053833,
        "mae_o2": 2.691128969192505
      },
      "degradation": {
        "rmse_temp": 75.60791525799746,
        "rmse_o2": 5.1647202519122235,
        "mae_temp": 87.12832881628297,
        "mae_o2": 5.546433495999259
      }
    },
    "dropout_fuel_flow": {
      "metrics": {
        "rmse_temp": 1.5618540048599243,
        "rmse_o2": 3.4086122512817383,
        "mae_temp": 0.6783934831619263,
        "mae_o2": 1.724388599395752
      },
      "degradation": {
        "rmse_temp": 6.683830638175057,
        "rmse_o2": 4.588985492546382,
        "mae_temp": 4.2229627682379345,
        "mae_o2": 3.553975598084273
      }
    },
    "dropout_air_fuel_ratio": {
      "metrics": {
        "rmse_temp": 0.2265906184911728,
        "rmse_o2": 0.7429779767990112,
        "mae_temp": 0.16017992794513702,
        "mae_o2": 0.48562127351760864
      },
      "degradation": {
        "rmse_temp": 0.9696766237316556,
        "rmse_o2": 1.000264889481063,
        "mae_temp": 0.9971113943762491,
        "mae_o2": 1.0008684565630752
      }
    },
    "dropout_current_temp": {
      "metrics": {
        "rmse_temp": 13.363866806030273,
        "rmse_o2": 4.343164920806885,
        "mae_temp": 10.57761287689209,
        "mae_o2": 2.6639277935028076
      },
      "degradation": {
        "rmse_temp": 57.18961063242698,
        "rmse_o2": 5.847165750761066,
        "mae_temp": 65.84506848113014,
        "mae_o2": 5.490371704199973
      }
    },
    "dropout_inflow_temp": {
      "metrics": {
        "rmse_temp": 1.4472800493240356,
        "rmse_o2": 1.6321594715118408,
        "mae_temp": 0.6505442261695862,
        "mae_o2": 1.098494529724121
      },
      "degradation": {
        "rmse_temp": 6.193520460677795,
        "rmse_o2": 2.1973623234715434,
        "mae_temp": 4.049602648601186,
        "mae_o2": 2.264004038670057
      }
    },
    "dropout_inflow_rate": {
      "metrics": {
        "rmse_temp": 0.5030606389045715,
        "rmse_o2": 1.2076475620269775,
        "mae_temp": 0.30570361018180847,
        "mae_o2": 0.8452777862548828
      },
      "degradation": {
        "rmse_temp": 2.1528082014758163,
        "rmse_o2": 1.625845574006518,
        "mae_temp": 1.9029884513285582,
        "mae_o2": 1.7421227599192095
      }
    },
    "spike_frac_0.05": {
      "metrics": {
        "rmse_temp": 5.272727966308594,
        "rmse_o2": 1.5309404134750366,
        "mae_temp": 1.2233887910842896,
        "mae_o2": 0.7517576813697815
      },
      "degradation": {
        "rmse_temp": 22.56422214772663,
        "rmse_o2": 2.0610919721796233,
        "mae_temp": 7.615529105245573,
        "mae_o2": 1.5493772437354454
      }
    },
    "spike_frac_0.1": {
      "metrics": {
        "rmse_temp": 7.338356971740723,
        "rmse_o2": 1.947891354560852,
        "mae_temp": 2.233788251876831,
        "mae_o2": 0.970748245716095
      },
      "degradation": {
        "rmse_temp": 31.40391804161305,
        "rmse_o2": 2.6224294546189593,
        "mae_temp": 13.905211140643491,
        "mae_o2": 2.000718155041762
      }
    },
    "spike_frac_0.2": {
      "metrics": {
        "rmse_temp": 10.541842460632324,
        "rmse_o2": 2.581552028656006,
        "mae_temp": 4.294498443603516,
        "mae_o2": 1.3822685480117798
      },
      "degradation": {
        "rmse_temp": 45.112980727995954,
        "rmse_o2": 3.475521395342455,
        "mae_temp": 26.73302071102683,
        "mae_o2": 2.848864050339155
      }
    },
    "temporal_shuffle": {
      "metrics": {
        "rmse_temp": 7.144898891448975,
        "rmse_o2": 0.9562375545501709,
        "mae_temp": 3.050858497619629,
        "mae_o2": 0.5717147588729858
      },
      "degradation": {
        "rmse_temp": 30.576029493622624,
        "rmse_o2": 1.2873744332781434,
        "mae_temp": 18.99142926102491,
        "mae_o2": 1.1783076638358754
      }
    },
    "extrap_shift_1.0sigma": {
      "metrics": {
        "rmse_temp": 11.23475170135498,
        "rmse_o2": 2.527869701385498,
        "mae_temp": 10.972217559814453,
        "mae_o2": 1.4491108655929565
      },
      "degradation": {
        "rmse_temp": 48.078230999920095,
        "rmse_o2": 3.4032493377161135,
        "mae_temp": 68.30146130552248,
        "mae_o2": 2.9866264814327868
      }
    },
    "extrap_shift_2.0sigma": {
      "metrics": {
        "rmse_temp": 16.736696243286133,
        "rmse_o2": 2.8818469047546387,
        "mae_temp": 15.289116859436035,
        "mae_o2": 1.7836116552352905
      },
      "degradation": {
        "rmse_temp": 71.6233673471535,