{
  "experiment": "B3_edge_50pct",
  "description": "Real + 50 % edge cases",
  "config": {
    "use_real": true,
    "use_edge": true,
    "scenarios": null,
    "confidence_filter": null,
    "edge_fraction": 0.5,
    "seq_len": 30,
    "stride": 30,
    "hidden_size": 128,
    "epochs": 200,
    "learning_rate": 0.001,
    "batch_size": 64,
    "patience": 20,
    "min_delta": 0.0001,
    "early_stopping": true,
    "test_size": 0.2,
    "val_size": 0.1,
    "seed": 123,
    "experiment": "B3_edge_50pct",
    "description": "Real + 50 % edge cases",
    "device": "cpu"
  },
  "data_summary": {
    "real_rows": 470676,
    "real_sequences": 15689,
    "edge_rows": 75000,
    "edge_sequences": 2496,
    "total_sequences": 18185
  },
  "test_metrics": {
    "test_rmse_temp": 0.223672017455101,
    "test_mae_temp": 0.13710391521453857,
    "test_mape_temp": 0.04381222650408745,
    "test_r2_temp": 0.9995958209037781,
    "test_max_ae_temp": 14.753814697265625,
    "test_rmse_o2": 0.6320239305496216,
    "test_mae_o2": 0.38696277141571045,
    "test_mape_o2": 8.784404754638672,
    "test_r2_o2": 0.9582135677337646,
    "test_max_ae_o2": 10.819408416748047
  },
  "training": {
    "best_val_loss": 0.024129632282359845,
    "best_epoch": 105,
    "final_train_loss": 0.018618823652024986,
    "final_val_loss": 0.024429147131741047,
    "epochs_run": 125
  },
  "wall_time_sec": 2064.7,
  "device": "cpu",
  "robustness": {
    "clean": {
      "metrics": {
        "rmse_temp": 0.223672017455101,
        "rmse_o2": 0.6320239305496216,
        "mae_temp": 0.13710391521453857,
        "mae_o2": 0.38696277141571045
      }
    },
    "noise_sigma_0.1": {
      "metrics": {
        "rmse_temp": 1.2979474067687988,
        "rmse_o2": 0.7835293412208557,
        "mae_temp": 1.0158194303512573,
        "mae_o2": 0.5556082725524902
      },
      "degradation": {
        "rmse_temp": 5.802904724232406,
        "rmse_o2": 1.2397146743153884,
        "mae_temp": 7.409120510976766,
        "mae_o2": 1.4358184135383028
      }
    },
    "noise_sigma_0.25": {
      "metrics": {
        "rmse_temp": 3.0734148025512695,
        "rmse_o2": 1.1723636388778687,
        "mae_temp": 2.3891050815582275,
        "mae_o2": 0.8424684405326843
      },
      "degradation": {
        "rmse_temp": 13.740721067928016,
        "rmse_o2": 1.854935520967309,
        "mae_temp": 17.425505885953616,
        "mae_o2": 2.1771304703305128
      }
    },
    "noise_sigma_0.5": {
      "metrics": {
        "rmse_temp": 5.596363067626953,
        "rmse_o2": 1.8447519540786743,
        "mae_temp": 4.356138706207275,
        "mae_o2": 1.2475067377090454
      },
      "degradation": {
        "rmse_temp": 25.020398757526046,
        "rmse_o2": 2.9188007999545813,
        "mae_temp": 31.77253325983318,
        "mae_o2": 3.223841748768283
      }
    },
    "noise_sigma_1.0": {
      "metrics": {
        "rmse_temp": 9.50320816040039,
        "rmse_o2": 2.542499542236328,
        "mae_temp": 7.50054407119751,
        "mae_o2": 1.7676477432250977
      },
      "degradation": {
        "rmse_temp": 42.48724658777679,
        "rmse_o2": 4.022789991551927,
        "mae_temp": 54.70700132422001,
        "mae_o2": 4.568004660391814
      }
    },
    "noise_sigma_2.0": {
      "metrics": {
        "rmse_temp": 14.189557075500488,
        "rmse_o2": 3.278254508972168,
        "mae_temp": 11.267926216125488,
        "mae_o2": 2.3560142517089844
      },
      "degradation": {
        "rmse_temp": 63.43912500520474,
        "rmse_o2": 5.186915163356754,
        "mae_temp": 82.18529863639249,
        "mae_o2": 6.088477822012342
      }
    },
    "dropout_fuel_flow": {
      "metrics": {
        "rmse_temp": 1.988236427307129,
        "rmse_o2": 2.893794536590576,
        "mae_temp": 0.7299624681472778,
        "mae_o2": 1.4986040592193604
      },
      "degradation": {
        "rmse_temp": 8.889070925942889,
        "rmse_o2": 4.578615455389593,
        "mae_temp": 5.324154798971578,
        "mae_o2": 3.8727344590196355
      }
    },
    "dropout_air_fuel_ratio": {
      "metrics": {
        "rmse_temp": 0.2125585377216339,
        "rmse_o2": 0.6317154765129089,
        "mae_temp": 0.1361510157585144,
        "mae_o2": 0.38703399896621704
      },
      "degradation": {
        "rmse_temp": 0.9503134998292847,
        "rmse_o2": 0.9995119582949266,
        "mae_temp": 0.9930498012800504,
        "mae_o2": 1.0001840682250802
      }
    },
    "dropout_current_temp": {
      "metrics": {
        "rmse_temp": 11.352762222290039,
        "rmse_o2": 3.1867828369140625,
        "mae_temp": 7.66623592376709,
        "mae_o2": 1.7337089776992798
      },
      "degradation": {
        "rmse_temp": 50.7562919647244,
        "rmse_o2": 5.042186985139578,
        "mae_temp": 55.915514241668845,
        "mae_o2": 4.480299154764872
      }
    },
    "dropout_inflow_temp": {
      "metrics": {
        "rmse_temp": 1.7882405519485474,
        "rmse_o2": 1.4969706535339355,
        "mae_temp": 0.6863245368003845,
        "mae_o2": 1.0056954622268677
      },
      "degradation": {
        "rmse_temp": 7.994922978273361,
        "rmse_o2": 2.368534767713839,
        "mae_temp": 5.00587117243466,
        "mae_o2": 2.598946297979809
      }
    },
    "dropout_inflow_rate": {
      "metrics": {
        "rmse_temp": 0.512393057346344,
        "rmse_o2": 1.217098355293274,
        "mae_temp": 0.25864481925964355,
        "mae_o2": 0.8814510107040405
      },
      "degradation": {
        "rmse_temp": 2.2908232472539827,
        "rmse_o2": 1.9257156200317591,
        "mae_temp": 1.886487478165151,
        "mae_o2": 2.2778703167729435
      }
    },
    "spike_frac_0.05": {
      "metrics": {
        "rmse_temp": 4.367420196533203,
        "rmse_o2": 1.2963066101074219,
        "mae_temp": 1.0292043685913086,
        "mae_o2": 0.642527163028717
      },
      "degradation": {
        "rmse_temp": 19.526001715480128,
        "rmse_o2": 2.0510403917461257,
        "mae_temp": 7.5067467400972605,
        "mae_o2": 1.6604366375556479
      }
    },
    "spike_frac_0.1": {
      "metrics": {
        "rmse_temp": 6.128611087799072,
        "rmse_o2": 1.6745589971542358,
        "mae_temp": 1.877509355545044,
        "mae_o2": 0.8550859093666077
      },
      "degradation": {
        "rmse_temp": 27.399990206773648,
        "rmse_o2": 2.6495183429178124,
        "mae_temp": 13.694060834128184,
        "mae_o2": 2.209736885639567
      }
    },
    "spike_frac_0.2": {
      "metrics": {
        "rmse_temp": 8.666121482849121,
        "rmse_o2": 2.2805070877075195,
        "mae_temp": 3.5565764904022217,
        "mae_o2": 1.2597581148147583
      },
      "degradation": {
        "rmse_temp": 38.74477273219357,
        "rmse_o2": 3.608260664630755,
        "mae_temp": 25.940736155031992,
        "mae_o2": 3.255502099610022
      }
    },
    "temporal_shuffle": {
      "metrics": {
        "rmse_temp": 5.510499954223633,
        "rmse_o2": 0.7896347641944885,
        "mae_temp": 1.8955819606781006,
        "mae_o2": 0.44118303060531616
      },
      "degradation": {
        "rmse_temp": 24.636519207548112,
        "rmse_o2": 1.2493747879258388,
        "mae_temp": 13.825877676154736,
        "mae_o2": 1.1401175079226353
      }
    },
    "extrap_shift_1.0sigma": {
      "metrics": {
        "rmse_temp": 10.395191192626953,
        "rmse_o2": 2.2279088497161865,
        "mae_temp": 10.326528549194336,
        "mae_o2": 1.4411619901657104
      },
      "degradation": {
        "rmse_temp": 46.475152819299986,
        "rmse_o2": 3.5250387556982994,
        "mae_temp": 75.31899094956921,
        "mae_o2": 3.724291060075864
      }
    },
    "extrap_shift_2.0sigma": {
      "metrics": {
        "rmse_temp": 16.15512466430664,
        "rmse_o2": 2.4215445518493652,
        "mae_temp": 15.66222858428955,
        "mae_o2": 1.5927685499191284
      },
      "degradation": {
        "rmse_temp": 72.22684736390663,