{
  "experiment": "B2_edge_25pct",
  "description": "Real + 25 % edge cases",
  "config": {
    "use_real": true,
    "use_edge": true,
    "scenarios": null,
    "confidence_filter": null,
    "edge_fraction": 0.25,
    "seq_len": 30,
    "stride": 30,
    "hidden_size": 128,
    "epochs": 200,
    "learning_rate": 0.001,
    "batch_size": 64,
    "patience": 20,
    "min_delta": 0.0001,
    "early_stopping": true,
    "test_size": 0.2,
    "val_size": 0.1,
    "seed": 456,
    "experiment": "B2_edge_25pct",
    "description": "Real + 25 % edge cases",
    "device": "cpu"
  },
  "data_summary": {
    "real_rows": 470676,
    "real_sequences": 15689,
    "edge_rows": 37500,
    "edge_sequences": 1247,
    "total_sequences": 16936
  },
  "test_metrics": {
    "test_rmse_temp": 0.24193237721920013,
    "test_mae_temp": 0.16977672278881073,
    "test_mape_temp": 0.053301773965358734,
    "test_r2_temp": 0.9992501139640808,
    "test_max_ae_temp": 7.13385009765625,
    "test_rmse_o2": 0.5883467793464661,
    "test_mae_o2": 0.38991573452949524,
    "test_mape_o2": 10.154407501220703,
    "test_r2_o2": 0.9331785440444946,
    "test_max_ae_o2": 9.158159255981445
  },
  "training": {
    "best_val_loss": 0.029239502597462247,
    "best_epoch": 90,
    "final_train_loss": 0.02695594027743868,
    "final_val_loss": 0.03248970093274558,
    "epochs_run": 110
  },
  "wall_time_sec": 1638.3,
  "device": "cpu",
  "robustness": {
    "clean": {
      "metrics": {
        "rmse_temp": 0.24193237721920013,
        "rmse_o2": 0.5883467793464661,
        "mae_temp": 0.16977672278881073,
        "mae_o2": 0.38991573452949524
      }
    },
    "noise_sigma_0.1": {
      "metrics": {
        "rmse_temp": 1.2085025310516357,
        "rmse_o2": 0.697246253490448,
        "mae_temp": 0.9491365551948547,
        "mae_o2": 0.5033555030822754
      },
      "degradation": {
        "rmse_temp": 4.995207937615913,
        "rmse_o2": 1.1850940261200158,
        "mae_temp": 5.590498742136212,
        "mae_o2": 1.2909340621754237
      }
    },
    "noise_sigma_0.25": {
      "metrics": {
        "rmse_temp": 2.942310094833374,
        "rmse_o2": 1.0358492136001587,
        "mae_temp": 2.2919723987579346,
        "mae_o2": 0.7760027050971985
      },
      "degradation": {
        "rmse_temp": 12.161704558325928,
        "rmse_o2": 1.7606099837085487,
        "mae_temp": 13.499921314943586,
        "mae_o2": 1.9901805348624566
      }
    },
    "noise_sigma_0.5": {
      "metrics": {
        "rmse_temp": 5.384129047393799,
        "rmse_o2": 1.5626184940338135,
        "mae_temp": 4.185990333557129,
        "mae_o2": 1.1277830600738525
      },
      "degradation": {
        "rmse_temp": 22.254685831138545,
        "rmse_o2": 2.655948071594045,
        "mae_temp": 24.655855436461575,
        "mae_o2": 2.8923763782826803
      }
    },
    "noise_sigma_1.0": {
      "metrics": {
        "rmse_temp": 8.844165802001953,
        "rmse_o2": 2.173021078109741,
        "mae_temp": 6.891455173492432,
        "mae_o2": 1.5397415161132812
      },
      "degradation": {
        "rmse_temp": 36.55635472877942,
        "rmse_o2": 3.693435834769975,
        "mae_temp": 40.591284012855375,
        "mae_o2": 3.9489083916330316
      }
    },
    "noise_sigma_2.0": {
      "metrics": {
        "rmse_temp": 12.647268295288086,
        "rmse_o2": 2.8058419227600098,
        "mae_temp": 9.778922080993652,
        "mae_o2": 1.9707801342010498
      },
      "degradation": {
        "rmse_temp": 52.276046888214424,
        "rmse_o2": 4.769027419299772,
        "mae_temp": 57.59872095751244,
        "mae_o2": 5.054374470368981
      }
    },
    "dropout_fuel_flow": {
      "metrics": {
        "rmse_temp": 1.1734509468078613,
        "rmse_o2": 2.162442207336426,
        "mae_temp": 0.5165319442749023,
        "mae_o2": 1.0953155755996704
      },
      "degradation": {
        "rmse_temp": 4.85032619567355,
        "rmse_o2": 3.675455162240304,
        "mae_temp": 3.042419100746977,
        "mae_o2": 2.809108426776799
      }
    },
    "dropout_air_fuel_ratio": {
      "metrics": {
        "rmse_temp": 0.24183733761310577,
        "rmse_o2": 0.5884289145469666,
        "mae_temp": 0.1696082055568695,
        "mae_o2": 0.39003893733024597
      },
      "degradation": {
        "rmse_temp": 0.9996071645838116,
        "rmse_o2": 1.0001396033825352,
        "mae_temp": 0.9990074185131325,
        "mae_o2": 1.0003159728880893
      }
    },
    "dropout_current_temp": {
      "metrics": {
        "rmse_temp": 8.74372386932373,
        "rmse_o2": 2.3097472190856934,
        "mae_temp": 5.707275867462158,
        "mae_o2": 1.302211880683899
      },
      "degradation": {
        "rmse_temp": 36.14118940930993,
        "rmse_o2": 3.9258262306651086,
        "mae_temp": 33.61636255967535,
        "mae_o2": 3.3397264212875535
      }
    },
    "dropout_inflow_temp": {
      "metrics": {
        "rmse_temp": 1.4076265096664429,
        "rmse_o2": 1.5692156553268433,
        "mae_temp": 0.5262717008590698,
        "mae_o2": 1.0049128532409668
      },
      "degradation": {
        "rmse_temp": 5.818264284614864,
        "rmse_o2": 2.6671611206403196,
        "mae_temp": 3.0997871334441505,
        "mae_o2": 2.5772564794123487
      }
    },
    "dropout_inflow_rate": {
      "metrics": {
        "rmse_temp": 0.5109843611717224,
        "rmse_o2": 1.0494880676269531,
        "mae_temp": 0.28802967071533203,
        "mae_o2": 0.7638425230979919
      },
      "degradation": {
        "rmse_temp": 2.1120958139007198,
        "rmse_o2": 1.7837916420528748,
        "mae_temp": 1.69652038267707,
        "mae_o2": 1.9589938426560494
      }
    },
    "spike_frac_0.05": {
      "metrics": {
        "rmse_temp": 3.8643665313720703,
        "rmse_o2": 1.1502478122711182,
        "mae_temp": 0.9569314122200012,
        "mae_o2": 0.6044102311134338
      },
      "degradation": {
        "rmse_temp": 15.972920101846492,
        "rmse_o2": 1.9550507500845167,
        "mae_temp": 5.636411143418941,
        "mae_o2": 1.5501047472289506
      }
    },
    "spike_frac_0.1": {
      "metrics": {
        "rmse_temp": 5.470648288726807,
        "rmse_o2": 1.5078972578048706,
        "mae_temp": 1.7480703592300415,
        "mae_o2": 0.8017876148223877
      },
      "degradation": {
        "rmse_temp": 22.612303287418975,
        "rmse_o2": 2.5629395974255837,
        "mae_temp": 10.296289918403641,
        "mae_o2": 2.056309976282161
      }
    },
    "spike_frac_0.2": {
      "metrics": {
        "rmse_temp": 7.735438823699951,
        "rmse_o2": 1.9614468812942505,
        "mae_temp": 3.23287034034729,
        "mae_o2": 1.1010737419128418
      },
      "degradation": {
        "rmse_temp": 31.97355770489265,
        "rmse_o2": 3.3338278548461164,
        "mae_temp": 19.04189389006368,
        "mae_o2": 2.8238761465768727
      }
    },
    "temporal_shuffle": {
      "metrics": {
        "rmse_temp": 4.1331915855407715,
        "rmse_o2": 0.6739687323570251,
        "mae_temp": 1.2049651145935059,
        "mae_o2": 0.41729217767715454
      },
      "degradation": {
        "rmse_temp": 17.08407792726287,
        "rmse_o2": 1.1455297386103953,
        "mae_temp": 7.097351714654018,
        "mae_o2": 1.0702111782708488
      }
    },
    "extrap_shift_1.0sigma": {
      "metrics": {
        "rmse_temp": 7.778918266296387,
        "rmse_o2": 1.5998612642288208,
        "mae_temp": 7.719945430755615,
        "mae_o2": 0.92470383644104
      },
      "degradation": {
        "rmse_temp": 32.15327504201054,
        "rmse_o2": 2.719248783865091,
        "mae_temp": 45.47116532787971,
        "mae_o2": 2.3715478872809905
      }
    },
    "extrap_shift_2.0sigma": {
      "metrics": {
        "rmse_temp": 12.351133346557617,
        "rmse_o2": 1.7426711320877075,
        "mae_temp": 11.991232872009277,
        "mae_o2": 1.03406822681427
      },
      "degradation": {
        "rmse_temp": 51.05200671577335,