{
  "experiment": "E1_seq15",
  "description": "Shorter sequences (15 timesteps)",
  "config": {
    "use_real": true,
    "use_edge": true,
    "scenarios": null,
    "confidence_filter": null,
    "edge_fraction": 1.0,
    "seq_len": 15,
    "stride": 15,
    "hidden_size": 128,
    "epochs": 200,
    "learning_rate": 0.001,
    "batch_size": 64,
    "patience": 20,
    "min_delta": 0.0001,
    "early_stopping": true,
    "test_size": 0.2,
    "val_size": 0.1,
    "seed": 42,
    "experiment": "E1_seq15",
    "description": "Shorter sequences (15 timesteps)",
    "device": "cpu"
  },
  "data_summary": {
    "real_rows": 470676,
    "real_sequences": 31378,
    "edge_rows": 150000,
    "edge_sequences": 9996,
    "total_sequences": 41374
  },
  "test_metrics": {
    "test_rmse_temp": 0.20213723182678223,
    "test_mae_temp": 0.14965705573558807,
    "test_mape_temp": 0.04777219146490097,
    "test_r2_temp": 0.9997670650482178,
    "test_max_ae_temp": 2.686614990234375,
    "test_rmse_o2": 0.7598410248756409,
    "test_mae_o2": 0.44810232520103455,
    "test_mape_o2": 9.19526481628418,
    "test_r2_o2": 0.9581533074378967,
    "test_max_ae_o2": 10.284994125366211
  },
  "training": {
    "best_val_loss": 0.021304718705897147,
    "best_epoch": 55,
    "final_train_loss": 0.01969676462998146,
    "final_val_loss": 0.021600261989694374,
    "epochs_run": 75
  },
  "wall_time_sec": 1449.2,
  "device": "cpu",
  "robustness": {
    "clean": {
      "metrics": {
        "rmse_temp": 0.20213723182678223,
        "rmse_o2": 0.7598410248756409,
        "mae_temp": 0.14965705573558807,
        "mae_o2": 0.44810232520103455
      }
    },
    "noise_sigma_0.1": {
      "metrics": {
        "rmse_temp": 1.340347170829773,
        "rmse_o2": 0.9708457589149475,
        "mae_temp": 1.062619686126709,
        "mae_o2": 0.6452440023422241
      },
      "degradation": {
        "rmse_temp": 6.630877244714417,
        "rmse_o2": 1.2776958957616702,
        "mae_temp": 7.10036476999875,
        "mae_o2": 1.4399479004103468
      }
    },
    "noise_sigma_0.25": {
      "metrics": {
        "rmse_temp": 3.2770395278930664,
        "rmse_o2": 1.5904736518859863,
        "mae_temp": 2.5688538551330566,
        "mae_o2": 1.0562065839767456
      },
      "degradation": {
        "rmse_temp": 16.211954117889896,
        "rmse_o2": 2.0931663332422605,
        "mae_temp": 17.16493647764707,
        "mae_o2": 2.3570656177757927
      }
    },
    "noise_sigma_0.5": {
      "metrics": {
        "rmse_temp": 6.217692852020264,
        "rmse_o2": 2.2648379802703857,
        "mae_temp": 4.8595709800720215,
        "mae_o2": 1.520422339439392
      },
      "degradation": {
        "rmse_temp": 30.759760563795595,
        "rmse_o2": 2.9806734647435755,
        "mae_temp": 32.47137902176721,
        "mae_o2": 3.3930248827815763
      }
    },
    "noise_sigma_1.0": {
      "metrics": {
        "rmse_temp": 10.994754791259766,
        "rmse_o2": 2.9943668842315674,
        "mae_temp": 8.60071086883545,
        "mae_o2": 2.0789449214935303
      },
      "degradation": {
        "rmse_temp": 54.39252675964969,
        "rmse_o2": 3.940780750449266,
        "mae_temp": 57.46946461402435,
        "mae_o2": 4.639442387541377
      }
    },
    "noise_sigma_2.0": {
      "metrics": {
        "rmse_temp": 17.07360076904297,
        "rmse_o2": 3.9709672927856445,
        "mae_temp": 13.502198219299316,
        "mae_o2": 2.809100866317749
      },
      "degradation": {
        "rmse_temp": 84.46539321204258,
        "rmse_o2": 5.226050137837124,
        "mae_temp": 90.22092645705128,
        "mae_o2": 6.268882592960184
      }
    },
    "dropout_fuel_flow": {
      "metrics": {
        "rmse_temp": 1.2154582738876343,
        "rmse_o2": 3.4612910747528076,
        "mae_temp": 0.5697687864303589,
        "mae_o2": 1.7971643209457397
      },
      "degradation": {
        "rmse_temp": 6.013035119275794,
        "rmse_o2": 4.555283225618541,
        "mae_temp": 3.80716287401122,
        "mae_o2": 4.010611460539662
      }
    },
    "dropout_air_fuel_ratio": {
      "metrics": {
        "rmse_temp": 0.20189975202083588,
        "rmse_o2": 0.7597770094871521,
        "mae_temp": 0.1495693325996399,
        "mae_o2": 0.4481668174266815
      },
      "degradation": {
        "rmse_temp": 0.9988251555450712,
        "rmse_o2": 0.9999157516027787,
        "mae_temp": 0.9994138389565597,
        "mae_o2": 1.000143922988166
      }
    },
    "dropout_current_temp": {
      "metrics": {
        "rmse_temp": 12.623920440673828,
        "rmse_o2": 3.784417152404785,
        "mae_temp": 10.019414901733398,
        "mae_o2": 2.2958595752716064
      },
      "degradation": {
        "rmse_temp": 62.45222775926636,
        "rmse_o2": 4.980538071136868,
        "mae_temp": 66.94916489226914,
        "mae_o2": 5.123516317933862
      }
    },
    "dropout_inflow_temp": {
      "metrics": {
        "rmse_temp": 1.702026605606079,
        "rmse_o2": 1.8275936841964722,
        "mae_temp": 0.809712827205658,
        "mae_o2": 1.2133442163467407
      },
      "degradation": {
        "rmse_temp": 8.420153923274261,
        "rmse_o2": 2.405231652891583,
        "mae_temp": 5.41045541238127,
        "mae_o2": 2.7077391660540737
      }
    },
    "dropout_inflow_rate": {
      "metrics": {
        "rmse_temp": 0.3488582670688629,
        "rmse_o2": 1.2959481477737427,
        "mae_temp": 0.23493728041648865,
        "mae_o2": 0.9092420935630798
      },
      "degradation": {
        "rmse_temp": 1.7258486421136436,
        "rmse_o2": 1.7055516948243794,
        "mae_temp": 1.569837648226706,
        "mae_o2": 2.029094790247209
      }
    },
    "spike_frac_0.05": {
      "metrics": {
        "rmse_temp": 5.191590785980225,
        "rmse_o2": 1.5554710626602173,
        "mae_temp": 1.1670721769332886,
        "mae_o2": 0.7401210069656372
      },
      "degradation": {
        "rmse_temp": 25.683496004482055,
        "rmse_o2": 2.047100658871101,
        "mae_temp": 7.798310418422602,
        "mae_o2": 1.6516785683573338
      }
    },
    "spike_frac_0.1": {
      "metrics": {
        "rmse_temp": 7.530681610107422,
        "rmse_o2": 2.0091335773468018,
        "mae_temp": 2.2286930084228516,
        "mae_o2": 0.9969738721847534
      },
      "degradation": {
        "rmse_temp": 37.25529207088727,
        "rmse_o2": 2.6441499097467474,
        "mae_temp": 14.892000898109837,
        "mae_o2": 2.2248799350404522
      }
    },
    "spike_frac_0.2": {
      "metrics": {
        "rmse_temp": 10.468179702758789,
        "rmse_o2": 2.6435821056365967,
        "mae_temp": 4.123786449432373,
        "mae_o2": 1.4289250373840332
      },
      "degradation": {
        "rmse_temp": 51.787489163447646,
        "rmse_o2": 3.4791252631683816,
        "mae_temp": 27.554908314635156,
        "mae_o2": 3.1888364710961206
      }
    },
    "temporal_shuffle": {
      "metrics": {
        "rmse_temp": 7.054321765899658,
        "rmse_o2": 0.9660239815711975,
        "mae_temp": 2.8681533336639404,
        "mae_o2": 0.5295723676681519
      },
      "degradation": {
        "rmse_temp": 34.89867602394362,
        "rmse_o2": 1.2713501244938723,
        "mae_temp": 19.1648387011659,
        "mae_o2": 1.1818112468632405
      }
    },
    "extrap_shift_1.0sigma": {
      "metrics": {
        "rmse_temp": 11.853110313415527,
        "rmse_o2": 2.570298194885254,
        "mae_temp": 11.79940128326416,
        "mae_o2": 1.5861315727233887
      },
      "degradation": {
        "rmse_temp": 58.6389266652906,
        "rmse_o2": 3.382678890371734,
        "mae_temp": 78.84293343383136,
        "mae_o2": 3.53966378552442
      }
    },
    "extrap_shift_2.0sigma": {
      "metrics": {
        "rmse_temp": 18.636741638183594,
        "rmse_o2": 2.7814905643463135,
        "mae_temp": 18.1521053314209,
        "mae_o2": 1.707248568534851
      },
      "degradation": {
        "rmse_temp": 92.19846076725739,