{
  "experiment": "C2_air_leak",
  "description": "Real + S2 air leak only",
  "config": {
    "use_real": true,
    "use_edge": true,
    "scenarios": [
      "S2_air_leak"
    ],
    "confidence_filter": null,
    "edge_fraction": 1.0,
    "seq_len": 30,
    "stride": 30,
    "hidden_size": 128,
    "epochs": 200,
    "learning_rate": 0.001,
    "batch_size": 64,
    "patience": 20,
    "min_delta": 0.0001,
    "early_stopping": true,
    "test_size": 0.2,
    "val_size": 0.1,
    "seed": 456,
    "experiment": "C2_air_leak",
    "description": "Real + S2 air leak only",
    "device": "cpu"
  },
  "data_summary": {
    "real_rows": 470676,
    "real_sequences": 15689,
    "edge_rows": 25000,
    "edge_sequences": 833,
    "total_sequences": 16522
  },
  "test_metrics": {
    "test_rmse_temp": 0.1561041623353958,
    "test_mae_temp": 0.11208476126194,
    "test_mape_temp": 0.0349222756922245,
    "test_r2_temp": 0.9996167421340942,
    "test_max_ae_temp": 3.479400634765625,
    "test_rmse_o2": 0.47354409098625183,
    "test_mae_o2": 0.30516448616981506,
    "test_mape_o2": 8.173701286315918,
    "test_r2_o2": 0.9611226320266724,
    "test_max_ae_o2": 4.090984344482422
  },
  "training": {
    "best_val_loss": 0.01582876327805794,
    "best_epoch": 123,
    "final_train_loss": 0.012219505762492401,
    "final_val_loss": 0.01642683893442154,
    "epochs_run": 143
  },
  "wall_time_sec": 2138.0,
  "device": "cpu",
  "robustness": {
    "clean": {
      "metrics": {
        "rmse_temp": 0.1561041623353958,
        "rmse_o2": 0.47354409098625183,
        "mae_temp": 0.11208476126194,
        "mae_o2": 0.30516448616981506
      }
    },
    "noise_sigma_0.1": {
      "metrics": {
        "rmse_temp": 1.0798852443695068,
        "rmse_o2": 0.6086236238479614,
        "mae_temp": 0.8516333699226379,
        "mae_o2": 0.44054529070854187
      },
      "degradation": {
        "rmse_temp": 6.917722296535128,
        "rmse_o2": 1.2852522825918469,
        "mae_temp": 7.598119140677711,
        "mae_o2": 1.4436322399041919
      }
    },
    "noise_sigma_0.25": {
      "metrics": {
        "rmse_temp": 2.559964179992676,
        "rmse_o2": 0.9869393110275269,
        "mae_temp": 2.016749143600464,
        "mae_o2": 0.7288288474082947
      },
      "degradation": {
        "rmse_temp": 16.399077011748695,
        "rmse_o2": 2.0841550550700045,
        "mae_temp": 17.993071679809876,
        "mae_o2": 2.3883147628217882
      }
    },
    "noise_sigma_0.5": {
      "metrics": {
        "rmse_temp": 4.424654960632324,
        "rmse_o2": 1.5585191249847412,
        "mae_temp": 3.5116798877716064,
        "mae_o2": 1.1129722595214844
      },
      "degradation": {
        "rmse_temp": 28.34424716444,
        "rmse_o2": 3.291180598914894,
        "mae_temp": 31.330573828541027,
        "mae_o2": 3.6471224862717087
      }
    },
    "noise_sigma_1.0": {
      "metrics": {
        "rmse_temp": 6.69124174118042,
        "rmse_o2": 2.266068935394287,
        "mae_temp": 5.321847438812256,
        "mae_o2": 1.5732673406600952
      },
      "degradation": {
        "rmse_temp": 42.8639546894594,
        "rmse_o2": 4.785338849176088,
        "mae_temp": 47.48056184350696,
        "mae_o2": 5.1554732348003895
      }
    },
    "noise_sigma_2.0": {
      "metrics": {
        "rmse_temp": 9.277737617492676,
        "rmse_o2": 3.173849582672119,
        "mae_temp": 7.287564754486084,
        "mae_o2": 2.176124334335327
      },
      "degradation": {
        "rmse_temp": 59.43299319309051,
        "rmse_o2": 6.70233172176625,
        "mae_temp": 65.01833676975214,
        "mae_o2": 7.130988148877776
      }
    },
    "dropout_fuel_flow": {
      "metrics": {
        "rmse_temp": 0.5197064280509949,
        "rmse_o2": 1.5852456092834473,
        "mae_temp": 0.2732706069946289,
        "mae_o2": 0.9142239689826965
      },
      "degradation": {
        "rmse_temp": 3.3292285117573326,
        "rmse_o2": 3.3476198720627073,
        "mae_temp": 2.4380710090999846,
        "mae_o2": 2.9958399827493616
      }
    },
    "dropout_air_fuel_ratio": {
      "metrics": {
        "rmse_temp": 0.7233574986457825,
        "rmse_o2": 1.0266501903533936,
        "mae_temp": 0.317352294921875,
        "mae_o2": 0.7168733477592468
      },
      "degradation": {
        "rmse_temp": 4.633813011927389,
        "rmse_o2": 2.1680139397689153,
        "mae_temp": 2.831359868628605,
        "mae_o2": 2.349137531555123
      }
    },
    "dropout_current_temp": {
      "metrics": {
        "rmse_temp": 7.776339054107666,
        "rmse_o2": 2.548069953918457,
        "mae_temp": 5.112476825714111,
        "mae_o2": 1.378018856048584
      },
      "degradation": {
        "rmse_temp": 49.815065388198306,
        "rmse_o2": 5.380850489785615,
        "mae_temp": 45.61259504105423,
        "mae_o2": 4.515659319812715
      }
    },
    "dropout_inflow_temp": {
      "metrics": {
        "rmse_temp": 1.2538526058197021,
        "rmse_o2": 2.2945384979248047,
        "mae_temp": 0.5364013910293579,
        "mae_o2": 1.226258635520935
      },
      "degradation": {
        "rmse_temp": 8.032153576569929,
        "rmse_o2": 4.845459042992093,
        "mae_temp": 4.785676348774994,
        "mae_o2": 4.018353023026926
      }
    },
    "dropout_inflow_rate": {
      "metrics": {
        "rmse_temp": 0.3871608078479767,
        "rmse_o2": 1.0014406442642212,
        "mae_temp": 0.20473356544971466,
        "mae_o2": 0.74784916639328
      },
      "degradation": {
        "rmse_temp": 2.48014404008105,
        "rmse_o2": 2.1147780393131237,
        "mae_temp": 1.8265959006796306,
        "mae_o2": 2.4506428509414557
      }
    },
    "spike_frac_0.05": {
      "metrics": {
        "rmse_temp": 2.6857738494873047,
        "rmse_o2": 1.069454312324524,
        "mae_temp": 0.6949867010116577,
        "mae_o2": 0.5203499794006348
      },
      "degradation": {
        "rmse_temp": 17.205011124026377,
        "rmse_o2": 2.2584049356358094,
        "mae_temp": 6.20054584750809,
        "mae_o2": 1.7051459228813255
      }
    },
    "spike_frac_0.1": {
      "metrics": {
        "rmse_temp": 3.8542957305908203,
        "rmse_o2": 1.4341580867767334,
        "mae_temp": 1.2788281440734863,
        "mae_o2": 0.712928295135498
      },
      "degradation": {
        "rmse_temp": 24.690537862210984,
        "rmse_o2": 3.0285629449832383,
        "mae_temp": 11.409473773913733,
        "mae_o2": 2.3362099046439315
      }
    },
    "spike_frac_0.2": {
      "metrics": {
        "rmse_temp": 5.480557918548584,
        "rmse_o2": 2.004107713699341,
        "mae_temp": 2.4039804935455322,
        "mae_o2": 1.0817844867706299
      },
      "degradation": {
        "rmse_temp": 35.10833943539183,
        "rmse_o2": 4.232145964540238,
        "mae_temp": 21.447879858774687,
        "mae_o2": 3.544922609928629
      }
    },
    "temporal_shuffle": {
      "metrics": {
        "rmse_temp": 3.069262742996216,
        "rmse_o2": 0.5117906928062439,
        "mae_temp": 0.7886343002319336,
        "mae_o2": 0.3316079080104828
      },
      "degradation": {
        "rmse_temp": 19.66163295762599,
        "rmse_o2": 1.0807667174989677,
        "mae_temp": 7.036052817107849,
        "mae_o2": 1.086653011864404
      }
    },
    "extrap_shift_1.0sigma": {
      "metrics": {
        "rmse_temp": 7.5129852294921875,
        "rmse_o2": 1.0198055505752563,
        "mae_temp": 7.485747337341309,
        "mae_o2": 0.8118243217468262
      },
      "degradation": {
        "rmse_temp": 48.128026294073116,
        "rmse_o2": 2.153559869053173,
        "mae_temp": 66.78648598668339,
        "mae_o2": 2.660284399197978
      }
    },
    "extrap_shift_2.0sigma": {
      "metrics": {
        "rmse_temp": 11.679760932922363,
        "rmse_o2": 1.2006803750991821,
        "mae_temp": 11.461417198181152,
        "mae_o2": 0.9148343801498413
      },
      "degradation": {
        "rmse_temp": 74.82030432877214,