{
  "experiment": "A3_edge_only",
  "description": "Edge cases only \u2014 no real data",
  "config": {
    "use_real": false,
    "use_edge": true,
    "scenarios": null,
    "confidence_filter": null,
    "edge_fraction": 1.0,
    "seq_len": 30,
    "stride": 30,
    "hidden_size": 128,
    "epochs": 200,
    "learning_rate": 0.001,
    "batch_size": 64,
    "patience": 20,
    "min_delta": 0.0001,
    "early_stopping": true,
    "test_size": 0.2,
    "val_size": 0.1,
    "seed": 123,
    "experiment": "A3_edge_only",
    "description": "Edge cases only \u2014 no real data",
    "device": "cpu"
  },
  "data_summary": {
    "edge_rows": 150000,
    "edge_sequences": 4998,
    "total_sequences": 4998
  },
  "test_metrics": {
    "test_rmse_temp": 0.3392222821712494,
    "test_mae_temp": 0.3026394248008728,
    "test_mape_temp": 0.1011403501033783,
    "test_r2_temp": 0.9993835687637329,
    "test_max_ae_temp": 4.513397216796875,
    "test_rmse_o2": 1.1924978494644165,
    "test_mae_o2": 0.7670645117759705,
    "test_mape_o2": 8.37367057800293,
    "test_r2_o2": 0.93760085105896,
    "test_max_ae_o2": 9.792858123779297
  },
  "training": {
    "best_val_loss": 0.03158179810270667,
    "best_epoch": 61,
    "final_train_loss": 0.030362238782265828,
    "final_val_loss": 0.0320878813508898,
    "epochs_run": 81
  },
  "wall_time_sec": 373.9,
  "device": "cpu",
  "robustness": {
    "clean": {
      "metrics": {
        "rmse_temp": 0.3392222821712494,
        "rmse_o2": 1.1924978494644165,
        "mae_temp": 0.3026394248008728,
        "mae_o2": 0.7670645117759705
      }
    },
    "noise_sigma_0.1": {
      "metrics": {
        "rmse_temp": 1.428735613822937,
        "rmse_o2": 1.5924264192581177,
        "mae_temp": 1.1421146392822266,
        "mae_o2": 0.9626942873001099
      },
      "degradation": {
        "rmse_temp": 4.211797658685844,
        "rmse_o2": 1.3353704746497614,
        "mae_temp": 3.7738461868730484,
        "mae_o2": 1.2550369265176946
      }
    },
    "noise_sigma_0.25": {
      "metrics": {
        "rmse_temp": 3.4182276725769043,
        "rmse_o2": 3.2675459384918213,
        "mae_temp": 2.7318201065063477,
        "mae_o2": 1.9576308727264404
      },
      "degradation": {
        "rmse_temp": 10.076660208456714,
        "rmse_o2": 2.740085392992001,
        "mae_temp": 9.026649810426381,
        "mae_o2": 2.55210721220041
      }
    },
    "noise_sigma_0.5": {
      "metrics": {
        "rmse_temp": 6.548186779022217,
        "rmse_o2": 4.5258660316467285,
        "mae_temp": 5.224647045135498,
        "mae_o2": 3.090165615081787
      },
      "degradation": {
        "rmse_temp": 19.303527872961187,
        "rmse_o2": 3.795282342588223,
        "mae_temp": 17.263603539337783,
        "mae_o2": 4.028560267932593
      }
    },
    "noise_sigma_1.0": {
      "metrics": {
        "rmse_temp": 11.850937843322754,
        "rmse_o2": 5.121819972991943,
        "mae_temp": 9.566489219665527,
        "mae_o2": 3.7598419189453125
      },
      "degradation": {
        "rmse_temp": 34.93561144471062,
        "rmse_o2": 4.295034976618442,
        "mae_temp": 31.610188348593297,
        "mae_o2": 4.901598054953968
      }
    },
    "noise_sigma_2.0": {
      "metrics": {
        "rmse_temp": 18.987607955932617,
        "rmse_o2": 5.770911693572998,
        "mae_temp": 15.549691200256348,
        "mae_o2": 4.356931209564209
      },
      "degradation": {
        "rmse_temp": 55.97394084610018,
        "rmse_o2": 4.83934767359528,
        "mae_temp": 51.380256258706396,
        "mae_o2": 5.680006235038414
      }
    },
    "dropout_fuel_flow": {
      "metrics": {
        "rmse_temp": 0.5558876991271973,
        "rmse_o2": 5.406477451324463,
        "mae_temp": 0.40692421793937683,
        "mae_o2": 4.011214733123779
      },
      "degradation": {
        "rmse_temp": 1.6387122201087274,
        "rmse_o2": 4.533741887880687,
        "mae_temp": 1.344584296005453,
        "mae_o2": 5.229305581921248
      }
    },
    "dropout_air_fuel_ratio": {
      "metrics": {
        "rmse_temp": 0.3361748456954956,
        "rmse_o2": 1.192501187324524,
        "mae_temp": 0.3018004894256592,
        "mae_o2": 0.7669325470924377
      },
      "degradation": {
        "rmse_temp": 0.991016402412459,
        "rmse_o2": 1.000002799049163,
        "mae_temp": 0.9972279375835927,
        "mae_o2": 0.9998279614276155
      }
    },
    "dropout_current_temp": {
      "metrics": {
        "rmse_temp": 13.471532821655273,
        "rmse_o2": 3.5162594318389893,
        "mae_temp": 10.904173851013184,
        "mae_o2": 2.257368803024292
      },
      "degradation": {
        "rmse_temp": 39.712995076350694,
        "rmse_o2": 2.9486505434104036,
        "mae_temp": 36.030249060206835,
        "mae_o2": 2.9428669536514565
      }
    },
    "dropout_inflow_temp": {
      "metrics": {
        "rmse_temp": 0.9233452081680298,
        "rmse_o2": 3.069106101989746,
        "mae_temp": 0.6095748543739319,
        "mae_o2": 1.866791844367981
      },
      "degradation": {
        "rmse_temp": 2.721947397611982,
        "rmse_o2": 2.5736785214062783,
        "mae_temp": 2.014195126015102,
        "mae_o2": 2.4336829767366397
      }
    },
    "dropout_inflow_rate": {
      "metrics": {
        "rmse_temp": 0.41663557291030884,
        "rmse_o2": 1.6719560623168945,
        "mae_temp": 0.3572176992893219,
        "mae_o2": 1.0898828506469727
      },
      "degradation": {
        "rmse_temp": 1.2282081537909675,
        "rmse_o2": 1.4020621194980065,
        "mae_temp": 1.1803409272415841,
        "mae_o2": 1.4208490080235714
      }
    },
    "spike_frac_0.05": {
      "metrics": {
        "rmse_temp": 6.35695743560791,
        "rmse_o2": 3.0120339393615723,
        "mae_temp": 1.5386229753494263,
        "mae_o2": 1.602512001991272
      },
      "degradation": {
        "rmse_temp": 18.739799151515438,
        "rmse_o2": 2.5258191792248175,
        "mae_temp": 5.084013678527811,
        "mae_o2": 2.0891489273581505
      }
    },
    "spike_frac_0.1": {
      "metrics": {
        "rmse_temp": 8.615205764770508,
        "rmse_o2": 3.6949503421783447,
        "mae_temp": 2.552360773086548,
        "mae_o2": 2.1101763248443604
      },
      "degradation": {
        "rmse_temp": 25.396933567062373,
        "rmse_o2": 3.098496440759074,
        "mae_temp": 8.433669125448281,
        "mae_o2": 2.7509763422097415
      }
    },
    "spike_frac_0.2": {
      "metrics": {
        "rmse_temp": 13.002957344055176,
        "rmse_o2": 4.756857872009277,
        "mae_temp": 5.28724479675293,
        "mae_o2": 3.0662765502929688
      },
      "degradation": {
        "rmse_temp": 38.33167226170273,
        "rmse_o2": 3.98898654127193,
        "mae_temp": 17.470442921413063,
        "mae_o2": 3.9974167794488036
      }
    },
    "temporal_shuffle": {
      "metrics": {
        "rmse_temp": 14.516857147216797,
        "rmse_o2": 1.7018455266952515,
        "mae_temp": 11.622822761535645,
        "mae_o2": 1.117377758026123
      },
      "degradation": {
        "rmse_temp": 42.79452709975066,
        "rmse_o2": 1.4271267050582916,
        "mae_temp": 38.404853462773715,
        "mae_o2": 1.456693330055224
      }
    },
    "extrap_shift_1.0sigma": {
      "metrics": {
        "rmse_temp": 13.852940559387207,
        "rmse_o2": 5.363582134246826,
        "mae_temp": 13.839190483093262,
        "mae_o2": 4.072927951812744
      },
      "degradation": {
        "rmse_temp": 40.837354405846,
        "rmse_o2": 4.497770907222816,
        "mae_temp": 45.72831346146991,
        "mae_o2": 5.309759334821485
      }
    },
    "extrap_shift_2.0sigma": {
      "metrics": {
        "rmse_temp": 25.692317962646484,
        "rmse_o2": 6.967597484588623,
        "mae_temp": 25.588157653808594,
        "mae_o2": 5.224148750305176
      },
      "degradation": {
        "rmse_temp": 75.73888660319857,
        "rmse_o2": 5.84285958060047,