{
  "experiment": "B1_edge_10pct",
  "description": "Real + 10 % edge cases",
  "config": {
    "use_real": true,
    "use_edge": true,
    "scenarios": null,
    "confidence_filter": null,
    "edge_fraction": 0.1,
    "seq_len": 30,
    "stride": 30,
    "hidden_size": 128,
    "epochs": 200,
    "learning_rate": 0.001,
    "batch_size": 64,
    "patience": 20,
    "min_delta": 0.0001,
    "early_stopping": true,
    "test_size": 0.2,
    "val_size": 0.1,
    "seed": 42,
    "experiment": "B1_edge_10pct",
    "description": "Real + 10 % edge cases",
    "device": "cpu"
  },
  "data_summary": {
    "real_rows": 470676,
    "real_sequences": 15689,
    "edge_rows": 15000,
    "edge_sequences": 497,
    "total_sequences": 16186
  },
  "test_metrics": {
    "test_rmse_temp": 0.25504183769226074,
    "test_mae_temp": 0.15343141555786133,
    "test_mape_temp": 0.04820076748728752,
    "test_r2_temp": 0.9986904859542847,
    "test_max_ae_temp": 7.78851318359375,
    "test_rmse_o2": 0.5389573574066162,
    "test_mae_o2": 0.3317730724811554,
    "test_mape_o2": 8.504387855529785,
    "test_r2_o2": 0.8977872729301453,
    "test_max_ae_o2": 10.4481201171875
  },
  "training": {
    "best_val_loss": 0.05377327844213981,
    "best_epoch": 107,
    "final_train_loss": 0.03885387488883998,
    "final_val_loss": 0.05616332289691155,
    "epochs_run": 127
  },
  "wall_time_sec": 1815.4,
  "device": "cpu",
  "robustness": {
    "clean": {
      "metrics": {
        "rmse_temp": 0.25504183769226074,
        "rmse_o2": 0.5389573574066162,
        "mae_temp": 0.15343141555786133,
        "mae_o2": 0.3317730724811554
      }
    },
    "noise_sigma_0.1": {
      "metrics": {
        "rmse_temp": 1.0167664289474487,
        "rmse_o2": 0.6615822911262512,
        "mae_temp": 0.7942702770233154,
        "mae_o2": 0.46958625316619873
      },
      "degradation": {
        "rmse_temp": 3.9866652395059283,
        "rmse_o2": 1.2275225155282938,
        "mae_temp": 5.176712175504788,
        "mae_o2": 1.4153838635981257
      }
    },
    "noise_sigma_0.25": {
      "metrics": {
        "rmse_temp": 2.3824968338012695,
        "rmse_o2": 1.028321385383606,
        "mae_temp": 1.8612269163131714,
        "mae_o2": 0.7858355045318604
      },
      "degradation": {
        "rmse_temp": 9.341592169187724,
        "rmse_o2": 1.9079828325041108,
        "mae_temp": 12.13067682094919,
        "mae_o2": 2.3685933841918274
      }
    },
    "noise_sigma_0.5": {
      "metrics": {
        "rmse_temp": 4.172048568725586,
        "rmse_o2": 1.434631586074829,
        "mae_temp": 3.25286865234375,
        "mae_o2": 1.0967133045196533
      },
      "degradation": {
        "rmse_temp": 16.358290884649577,
        "rmse_o2": 2.6618647400567386,
        "mae_temp": 21.200799331197224,
        "mae_o2": 3.305612768142738
      }
    },
    "noise_sigma_1.0": {
      "metrics": {
        "rmse_temp": 6.751471042633057,
        "rmse_o2": 1.9888619184494019,
        "mae_temp": 5.231150150299072,
        "mae_o2": 1.484415888786316
      },
      "degradation": {
        "rmse_temp": 26.472013783007377,
        "rmse_o2": 3.6902027426056745,
        "mae_temp": 34.0943875886117,
        "mae_o2": 4.474190378637887
      }
    },
    "noise_sigma_2.0": {
      "metrics": {
        "rmse_temp": 9.773926734924316,
        "rmse_o2": 2.5074093341827393,
        "mae_temp": 7.413214206695557,
        "mae_o2": 1.8869913816452026
      },
      "degradation": {
        "rmse_temp": 38.32283684654813,
        "rmse_o2": 4.652333435520809,
        "mae_temp": 48.316142947269626,
        "mae_o2": 5.687596547644424
      }
    },
    "dropout_fuel_flow": {
      "metrics": {
        "rmse_temp": 1.1538360118865967,
        "rmse_o2": 1.7864885330200195,
        "mae_temp": 0.48645979166030884,
        "mae_o2": 1.0399898290634155
      },
      "degradation": {
        "rmse_temp": 4.52410483835535,
        "rmse_o2": 3.314712209545372,
        "mae_temp": 3.1705357725573315,
        "mae_o2": 3.1346420650894946
      }
    },
    "dropout_air_fuel_ratio": {
      "metrics": {
        "rmse_temp": 0.2490711510181427,
        "rmse_o2": 0.5376055836677551,
        "mae_temp": 0.15281808376312256,
        "mae_o2": 0.3314525783061981
      },
      "degradation": {
        "rmse_temp": 0.9765893834198199,
        "rmse_o2": 0.9974918725567351,
        "mae_temp": 0.996002567058977,
        "mae_o2": 0.999033995819611
      }
    },
    "dropout_current_temp": {
      "metrics": {
        "rmse_temp": 7.377399444580078,
        "rmse_o2": 1.8467663526535034,
        "mae_temp": 4.783329963684082,
        "mae_o2": 1.0152249336242676
      },
      "degradation": {
        "rmse_temp": 28.926232304998585,
        "rmse_o2": 3.426553747294354,
        "mae_temp": 31.175688148951576,
        "mae_o2": 3.0599979860690234
      }
    },
    "dropout_inflow_temp": {
      "metrics": {
        "rmse_temp": 1.2572054862976074,
        "rmse_o2": 1.9743289947509766,
        "mae_temp": 0.5644369721412659,
        "mae_o2": 1.1728578805923462
      },
      "degradation": {
        "rmse_temp": 4.929408828266757,
        "rmse_o2": 3.6632378566110653,
        "mae_temp": 3.678757509269072,
        "mae_o2": 3.535120773428543
      }
    },
    "dropout_inflow_rate": {
      "metrics": {
        "rmse_temp": 0.7371599674224854,
        "rmse_o2": 1.090369462966919,
        "mae_temp": 0.36611634492874146,
        "mae_o2": 0.8107183575630188
      },
      "degradation": {
        "rmse_temp": 2.8903491838541377,
        "rmse_o2": 2.0231089676808884,
        "mae_temp": 2.386188927460383,
        "mae_o2": 2.443593000179565
      }
    },
    "spike_frac_0.05": {
      "metrics": {
        "rmse_temp": 3.135235071182251,
        "rmse_o2": 1.0281462669372559,
        "mae_temp": 0.8454495668411255,
        "mae_o2": 0.5593519806861877
      },
      "degradation": {
        "rmse_temp": 12.29302258622092,
        "rmse_o2": 1.9076579117215227,
        "mae_temp": 5.510276782412228,
        "mae_o2": 1.6859474956876097
      }
    },
    "spike_frac_0.1": {
      "metrics": {
        "rmse_temp": 4.371193885803223,
        "rmse_o2": 1.335352897644043,
        "mae_temp": 1.4592071771621704,
        "mae_o2": 0.7498588562011719
      },
      "degradation": {
        "rmse_temp": 17.139124801467297,
        "rmse_o2": 2.477659650235717,
        "mae_temp": 9.510485006324412,
        "mae_o2": 2.260155866759692
      }
    },
    "spike_frac_0.2": {
      "metrics": {
        "rmse_temp": 6.039087295532227,
        "rmse_o2": 1.7383050918579102,
        "mae_temp": 2.5843913555145264,
        "mae_o2": 1.038352608680725
      },
      "degradation": {
        "rmse_temp": 23.67881030883696,
        "rmse_o2": 3.2253109971860843,
        "mae_temp": 16.84395171691493,
        "mae_o2": 3.1297073054043687
      }
    },
    "temporal_shuffle": {
      "metrics": {
        "rmse_temp": 2.601005792617798,
        "rmse_o2": 0.5836089849472046,
        "mae_temp": 0.6287242770195007,
        "mae_o2": 0.3477274775505066
      },
      "degradation": {
        "rmse_temp": 10.198349479257715,
        "rmse_o2": 1.082848164009571,
        "mae_temp": 4.0977545226544505,
        "mae_o2": 1.0480883061124782
      }
    },
    "extrap_shift_1.0sigma": {
      "metrics": {
        "rmse_temp": 5.027555465698242,
        "rmse_o2": 1.398400902748108,
        "mae_temp": 4.892392635345459,
        "mae_o2": 0.8691816329956055
      },
      "degradation": {
        "rmse_temp": 19.712669541554217,
        "rmse_o2": 2.594641085292922,
        "mae_temp": 31.88651175221976,
        "mae_o2": 2.6198076489314084
      }
    },
    "extrap_shift_2.0sigma": {
      "metrics": {
        "rmse_temp": 6.604238510131836,
        "rmse_o2": 1.3096561431884766,
        "mae_temp": 6.174982070922852,
        "mae_o2": 0.8621477484703064
      },
      "degradation": {
        "rmse_temp": 25.89472601785696,