{
  "experiment": "B3_edge_50pct",
  "description": "Real + 50 % edge cases",
  "config": {
    "use_real": true,
    "use_edge": true,
    "scenarios": null,
    "confidence_filter": null,
    "edge_fraction": 0.5,
    "seq_len": 30,
    "stride": 30,
    "hidden_size": 128,
    "epochs": 200,
    "learning_rate": 0.001,
    "batch_size": 64,
    "patience": 20,
    "min_delta": 0.0001,
    "early_stopping": true,
    "test_size": 0.2,
    "val_size": 0.1,
    "seed": 42,
    "experiment": "B3_edge_50pct",
    "description": "Real + 50 % edge cases",
    "device": "cpu"
  },
  "data_summary": {
    "real_rows": 470676,
    "real_sequences": 15689,
    "edge_rows": 75000,
    "edge_sequences": 2497,
    "total_sequences": 18186
  },
  "test_metrics": {
    "test_rmse_temp": 0.2549084424972534,
    "test_mae_temp": 0.15446723997592926,
    "test_mape_temp": 0.0490906648337841,
    "test_r2_temp": 0.9994530081748962,
    "test_max_ae_temp": 19.772674560546875,
    "test_rmse_o2": 0.653077244758606,
    "test_mae_o2": 0.3905510902404785,
    "test_mape_o2": 9.054506301879883,
    "test_r2_o2": 0.951939582824707,
    "test_max_ae_o2": 14.344728469848633
  },
  "training": {
    "best_val_loss": 0.021855877937170965,
    "best_epoch": 115,
    "final_train_loss": 0.01879699006186504,
    "final_val_loss": 0.022111192377733773,
    "epochs_run": 135
  },
  "wall_time_sec": 2212.9,
  "device": "cpu",
  "robustness": {
    "clean": {
      "metrics": {
        "rmse_temp": 0.2549084424972534,
        "rmse_o2": 0.653077244758606,
        "mae_temp": 0.15446723997592926,
        "mae_o2": 0.3905510902404785
      }
    },
    "noise_sigma_0.1": {
      "metrics": {
        "rmse_temp": 1.3357566595077515,
        "rmse_o2": 0.7833477258682251,
        "mae_temp": 1.0438027381896973,
        "mae_o2": 0.5483705997467041
      },
      "degradation": {
        "rmse_temp": 5.240142878053731,
        "rmse_o2": 1.199471780949542,
        "mae_temp": 6.757437618179452,
        "mae_o2": 1.4040944026274502
      }
    },
    "noise_sigma_0.25": {
      "metrics": {
        "rmse_temp": 3.229518413543701,
        "rmse_o2": 1.1849497556686401,
        "mae_temp": 2.503795862197876,
        "mae_o2": 0.8579877614974976
      },
      "degradation": {
        "rmse_temp": 12.669327001903826,
        "rmse_o2": 1.8144098040142675,
        "mae_temp": 16.209235450753468,
        "mae_o2": 2.1968643359034
      }
    },
    "noise_sigma_0.5": {
      "metrics": {
        "rmse_temp": 5.8414130210876465,
        "rmse_o2": 1.872776985168457,
        "mae_temp": 4.557137489318848,
        "mae_o2": 1.2607613801956177
      },
      "degradation": {
        "rmse_temp": 22.91572991408704,
        "rmse_o2": 2.8676194128623838,
        "mae_temp": 29.50229116561537,
        "mae_o2": 3.228159930162567
      }
    },
    "noise_sigma_1.0": {
      "metrics": {
        "rmse_temp": 9.63337230682373,
        "rmse_o2": 2.4129319190979004,
        "mae_temp": 7.5189595222473145,
        "mae_o2": 1.6601712703704834
      },
      "degradation": {
        "rmse_temp": 37.79149961628881,
        "rmse_o2": 3.694711366018857,
        "mae_temp": 48.6767260386021,
        "mae_o2": 4.2508427497878625
      }
    },
    "noise_sigma_2.0": {
      "metrics": {
        "rmse_temp": 14.121563911437988,
        "rmse_o2": 3.1352572441101074,
        "mae_temp": 10.989517211914062,
        "mae_o2": 2.1563496589660645
      },
      "degradation": {
        "rmse_temp": 55.39857280949079,
        "rmse_o2": 4.800744887794979,
        "mae_temp": 71.14464668124171,
        "mae_o2": 5.521299806481939
      }
    },
    "dropout_fuel_flow": {
      "metrics": {
        "rmse_temp": 1.7887760400772095,
        "rmse_o2": 2.7771317958831787,
        "mae_temp": 0.7448797225952148,
        "mae_o2": 1.367844820022583
      },
      "degradation": {
        "rmse_temp": 7.017327564960832,
        "rmse_o2": 4.252378747187367,
        "mae_temp": 4.822250483088129,
        "mae_o2": 3.502345414476616
      }
    },
    "dropout_air_fuel_ratio": {
      "metrics": {
        "rmse_temp": 0.2302483171224594,
        "rmse_o2": 0.6496259570121765,
        "mae_temp": 0.15319494903087616,
        "mae_o2": 0.39021769165992737
      },
      "degradation": {
        "rmse_temp": 0.9032588911798803,
        "rmse_o2": 0.9947153452763384,
        "mae_temp": 0.9917633606630677,
        "mae_o2": 0.9991463381132905
      }
    },
    "dropout_current_temp": {
      "metrics": {
        "rmse_temp": 10.423965454101562,
        "rmse_o2": 3.0394604206085205,
        "mae_temp": 7.344736099243164,
        "mae_o2": 1.735499382019043
      },
      "degradation": {
        "rmse_temp": 40.892978482711015,
        "rmse_o2": 4.654059600150336,
        "mae_temp": 47.54882718424761,
        "mae_o2": 4.44371920956724
      }
    },
    "dropout_inflow_temp": {
      "metrics": {
        "rmse_temp": 1.7973805665969849,
        "rmse_o2": 1.6785588264465332,
        "mae_temp": 0.7574834823608398,
        "mae_o2": 1.035408616065979
      },
      "degradation": {
        "rmse_temp": 7.05108292604452,
        "rmse_o2": 2.5702301525862707,
        "mae_temp": 4.903845517527723,
        "mae_o2": 2.6511476780885057
      }
    },
    "dropout_inflow_rate": {
      "metrics": {
        "rmse_temp": 0.5040000677108765,
        "rmse_o2": 1.1549723148345947,
        "mae_temp": 0.27591726183891296,
        "mae_o2": 0.8396206498146057
      },
      "degradation": {
        "rmse_temp": 1.9771807586024026,
        "rmse_o2": 1.7685079737566143,
        "mae_temp": 1.786250999771274,
        "mae_o2": 2.149835631741846
      }
    },
    "spike_frac_0.05": {
      "metrics": {
        "rmse_temp": 4.436650276184082,
        "rmse_o2": 1.3796335458755493,
        "mae_temp": 1.048205852508545,
        "mae_o2": 0.6629423499107361
      },
      "degradation": {
        "rmse_temp": 17.404877738531106,
        "rmse_o2": 2.1125120450116084,
        "mae_temp": 6.785942784190923,
        "mae_o2": 1.6974535892411284
      }
    },
    "spike_frac_0.1": {
      "metrics": {
        "rmse_temp": 6.327002048492432,
        "rmse_o2": 1.8170108795166016,
        "mae_temp": 1.9482284784317017,
        "mae_o2": 0.9010186195373535
      },
      "degradation": {
        "rmse_temp": 24.82068458191848,
        "rmse_o2": 2.7822296582821764,
        "mae_temp": 12.612567420349425,
        "mae_o2": 2.307044179501737
      }
    },
    "spike_frac_0.2": {
      "metrics": {
        "rmse_temp": 8.779860496520996,
        "rmse_o2": 2.2804501056671143,
        "mae_temp": 3.548863172531128,
        "mae_o2": 1.227964997291565
      },
      "degradation": {
        "rmse_temp": 34.4431922713411,
        "rmse_o2": 3.4918535655150977,
        "mae_temp": 22.974859737793917,
        "mae_o2": 3.1441853011739282
      }
    },
    "temporal_shuffle": {
      "metrics": {
        "rmse_temp": 5.296966075897217,
        "rmse_o2": 0.7860767841339111,
        "mae_temp": 1.7796013355255127,
        "mae_o2": 0.43904536962509155
      },
      "degradation": {
        "rmse_temp": 20.779876978591208,
        "rmse_o2": 1.203650548909364,
        "mae_temp": 11.520898125730927,
        "mae_o2": 1.124168849086436
      }
    },
    "extrap_shift_1.0sigma": {
      "metrics": {
        "rmse_temp": 9.859888076782227,
        "rmse_o2": 1.9932646751403809,
        "mae_temp": 9.78735637664795,
        "mae_o2": 1.1518532037734985
      },
      "degradation": {
        "rmse_temp": 38.68011581016374,
        "rmse_o2": 3.052111662345765,
        "mae_temp": 63.36202018093364,
        "mae_o2": 2.949302236140871
      }
    },
    "extrap_shift_2.0sigma": {
      "metrics": {
        "rmse_temp": 16.176788330078125,
        "rmse_o2": 2.145714044570923,
        "mae_temp": 15.869547843933105,
        "mae_o2": 1.3148915767669678
      },
      "degradation": {
        "rmse_temp": 63.46117128016435,