{
  "experiment": "B4_edge_200pct",
  "description": "Real + 200 % edge cases (2\u00d7 oversampled)",
  "config": {
    "use_real": true,
    "use_edge": true,
    "scenarios": null,
    "confidence_filter": null,
    "edge_fraction": 2.0,
    "seq_len": 30,
    "stride": 30,
    "hidden_size": 128,
    "epochs": 200,
    "learning_rate": 0.001,
    "batch_size": 64,
    "patience": 20,
    "min_delta": 0.0001,
    "early_stopping": true,
    "test_size": 0.2,
    "val_size": 0.1,
    "seed": 456,
    "experiment": "B4_edge_200pct",
    "description": "Real + 200 % edge cases (2\u00d7 oversampled)",
    "device": "cpu"
  },
  "data_summary": {
    "real_rows": 470676,
    "real_sequences": 15689,
    "edge_rows": 300000,
    "edge_sequences": 9996,
    "total_sequences": 25685
  },
  "test_metrics": {
    "test_rmse_temp": 0.23027074337005615,
    "test_mae_temp": 0.17919157445430756,
    "test_mape_temp": 0.05767113342881203,
    "test_r2_temp": 0.9997696280479431,
    "test_max_ae_temp": 9.395782470703125,
    "test_rmse_o2": 0.8541038036346436,
    "test_mae_o2": 0.5345852971076965,
    "test_mape_o2": 9.675691604614258,
    "test_r2_o2": 0.9626025557518005,
    "test_max_ae_o2": 10.485919952392578
  },
  "training": {
    "best_val_loss": 0.01847669950163946,
    "best_epoch": 65,
    "final_train_loss": 0.017103550637499517,
    "final_val_loss": 0.01856260862564895,
    "epochs_run": 85
  },
  "wall_time_sec": 1879.8,
  "device": "cpu",
  "robustness": {
    "clean": {
      "metrics": {
        "rmse_temp": 0.23027074337005615,
        "rmse_o2": 0.8541038036346436,
        "mae_temp": 0.17919157445430756,
        "mae_o2": 0.5345852971076965
      }
    },
    "noise_sigma_0.1": {
      "metrics": {
        "rmse_temp": 1.5347877740859985,
        "rmse_o2": 1.0819017887115479,
        "mae_temp": 1.2214922904968262,
        "mae_o2": 0.6937805414199829
      },
      "degradation": {
        "rmse_temp": 6.665144480032883,
        "rmse_o2": 1.2667099527100907,
        "mae_temp": 6.816683732014962,
        "mae_o2": 1.2977920365067863
      }
    },
    "noise_sigma_0.25": {
      "metrics": {
        "rmse_temp": 3.7080864906311035,
        "rmse_o2": 1.8539913892745972,
        "mae_temp": 2.9530436992645264,
        "mae_o2": 1.1579773426055908
      },
      "degradation": {
        "rmse_temp": 16.103159421655363,
        "rmse_o2": 2.170686257788487,
        "mae_temp": 16.479813340875182,
        "mae_o2": 2.166122691496895
      }
    },
    "noise_sigma_0.5": {
      "metrics": {
        "rmse_temp": 6.981290340423584,
        "rmse_o2": 2.749270439147949,
        "mae_temp": 5.552725315093994,
        "mae_o2": 1.7932084798812866
      },
      "degradation": {
        "rmse_temp": 30.31774787474549,
        "rmse_o2": 3.218894972072965,
        "mae_temp": 30.98764733779319,
        "mae_o2": 3.3543916931183952
      }
    },
    "noise_sigma_1.0": {
      "metrics": {
        "rmse_temp": 12.278706550598145,
        "rmse_o2": 3.468385934829712,
        "mae_temp": 9.779383659362793,
        "mae_o2": 2.4150185585021973
      },
      "degradation": {
        "rmse_temp": 53.32291185105384,
        "rmse_o2": 4.060848248269093,
        "mae_temp": 54.575019440193934,
        "mae_o2": 4.517555143338842
      }
    },
    "noise_sigma_2.0": {
      "metrics": {
        "rmse_temp": 18.969959259033203,
        "rmse_o2": 4.485861778259277,
        "mae_temp": 15.301785469055176,
        "mae_o2": 3.207504987716675
      },
      "degradation": {
        "rmse_temp": 82.38110921693412,
        "rmse_o2": 5.25212715265951,
        "mae_temp": 85.39344283152671,
        "mae_o2": 5.999987289344579
      }
    },
    "dropout_fuel_flow": {
      "metrics": {
        "rmse_temp": 1.2583131790161133,
        "rmse_o2": 3.990281105041504,
        "mae_temp": 0.6392860412597656,
        "mae_o2": 2.2820355892181396
      },
      "degradation": {
        "rmse_temp": 5.464494362594485,
        "rmse_o2": 4.671892442184241,
        "mae_temp": 3.567612167070827,
        "mae_o2": 4.268796021074267
      }
    },
    "dropout_air_fuel_ratio": {
      "metrics": {
        "rmse_temp": 0.226887047290802,
        "rmse_o2": 0.8541431427001953,
        "mae_temp": 0.17873042821884155,
        "mae_o2": 0.5345310568809509
      },
      "degradation": {
        "rmse_temp": 0.9853055753860299,
        "rmse_o2": 1.0000460588811153,
        "mae_temp": 0.9974265183122012,
        "mae_o2": 0.9998985377505909
      }
    },
    "dropout_current_temp": {
      "metrics": {
        "rmse_temp": 14.945554733276367,
        "rmse_o2": 4.586915016174316,
        "mae_temp": 12.634203910827637,
        "mae_o2": 2.9526937007904053
      },
      "degradation": {
        "rmse_temp": 64.9042710096182,
        "rmse_o2": 5.370442089889629,
        "mae_temp": 70.50668508998038,
        "mae_o2": 5.523335035148865
      }
    },
    "dropout_inflow_temp": {
      "metrics": {
        "rmse_temp": 1.6479010581970215,
        "rmse_o2": 1.9374299049377441,
        "mae_temp": 0.7943029403686523,
        "mae_o2": 1.298532247543335
      },
      "degradation": {
        "rmse_temp": 7.156363131849387,
        "rmse_o2": 2.2683775633511996,
        "mae_temp": 4.432702501708267,
        "mae_o2": 2.4290459437789873
      }
    },
    "dropout_inflow_rate": {
      "metrics": {
        "rmse_temp": 0.30027368664741516,
        "rmse_o2": 1.3393675088882446,
        "mae_temp": 0.21796560287475586,
        "mae_o2": 0.9289372563362122
      },
      "degradation": {
        "rmse_temp": 1.3040027675806862,
        "rmse_o2": 1.5681554199718566,
        "mae_temp": 1.2163831002575145,
        "mae_o2": 1.7376782739108334
      }
    },
    "spike_frac_0.05": {
      "metrics": {
        "rmse_temp": 5.724462509155273,
        "rmse_o2": 1.7490901947021484,
        "mae_temp": 1.2790318727493286,
        "mae_o2": 0.8538841605186462
      },
      "degradation": {
        "rmse_temp": 24.859703952732662,
        "rmse_o2": 2.0478660641234536,
        "mae_temp": 7.137790248477736,
        "mae_o2": 1.5972832869487326
      }
    },
    "spike_frac_0.1": {
      "metrics": {
        "rmse_temp": 8.102462768554688,
        "rmse_o2": 2.2414021492004395,
        "mae_temp": 2.3811686038970947,
        "mae_o2": 1.1209847927093506
      },
      "degradation": {
        "rmse_temp": 35.18667916719946,
        "rmse_o2": 2.6242737002951397,
        "mae_temp": 13.288396014982691,
        "mae_o2": 2.0969240994361265
      }
    },
    "spike_frac_0.2": {
      "metrics": {
        "rmse_temp": 11.638508796691895,
        "rmse_o2": 2.9877171516418457,
        "mae_temp": 4.652002811431885,
        "mae_o2": 1.630886435508728
      },
      "degradation": {
        "rmse_temp": 50.542716049638365,
        "rmse_o2": 3.498072645183874,
        "mae_temp": 25.961057742802016,
        "mae_o2": 3.050750636675615
      }
    },
    "temporal_shuffle": {
      "metrics": {
        "rmse_temp": 9.117522239685059,
        "rmse_o2": 1.1334927082061768,
        "mae_temp": 4.7143449783325195,
        "mae_o2": 0.6687124967575073
      },
      "degradation": {
        "rmse_temp": 39.59479222696025,
        "rmse_o2": 1.3271135234178704,
        "mae_temp": 26.308965656946334,
        "mae_o2": 1.2508995297391985
      }
    },
    "extrap_shift_1.0sigma": {
      "metrics": {
        "rmse_temp": 13.11104679107666,
        "rmse_o2": 3.2207210063934326,
        "mae_temp": 13.003427505493164,
        "mae_o2": 2.024405002593994
      },
      "degradation": {
        "rmse_temp": 56.93752753473583,
        "rmse_o2": 3.7708777231615596,
        "mae_temp": 72.56718149328464,
        "mae_o2": 3.7868699598488234
      }
    },
    "extrap_shift_2.0sigma": {
      "metrics": {
        "rmse_temp": 22.280651092529297,
        "rmse_o2": 4.005880832672119,
        "mae_temp": 21.58711814880371,
        "mae_o2": 2.626695156097412
      },