{
  "experiment": "A1_real_only",
  "description": "Real data only \u2014 no edge cases",
  "config": {
    "use_real": true,
    "use_edge": false,
    "scenarios": null,
    "confidence_filter": null,
    "edge_fraction": 1.0,
    "seq_len": 30,
    "stride": 30,
    "hidden_size": 128,
    "epochs": 200,
    "learning_rate": 0.001,
    "batch_size": 64,
    "patience": 20,
    "min_delta": 0.0001,
    "early_stopping": true,
    "test_size": 0.2,
    "val_size": 0.1,
    "seed": 42,
    "experiment": "A1_real_only",
    "description": "Real data only \u2014 no edge cases",
    "device": "cpu"
  },
  "data_summary": {
    "real_rows": 470676,
    "real_sequences": 15689,
    "total_sequences": 15689
  },
  "test_metrics": {
    "test_rmse_temp": 0.20595233142375946,
    "test_mae_temp": 0.1560208946466446,
    "test_mape_temp": 0.04831584915518761,
    "test_r2_temp": 0.9983014464378357,
    "test_max_ae_temp": 2.07904052734375,
    "test_rmse_o2": 0.46973681449890137,
    "test_mae_o2": 0.3097324073314667,
    "test_mape_o2": 8.48199462890625,
    "test_r2_o2": 0.665604829788208,
    "test_max_ae_o2": 3.350438117980957
  },
  "training": {
    "best_val_loss": 0.18556161791086198,
    "best_epoch": 69,
    "final_train_loss": 0.13058384746161814,
    "final_val_loss": 0.20306689262390137,
    "epochs_run": 89
  },
  "wall_time_sec": 1270.4,
  "device": "cpu",
  "robustness": {
    "clean": {
      "metrics": {
        "rmse_temp": 0.20595233142375946,
        "rmse_o2": 0.46973681449890137,
        "mae_temp": 0.1560208946466446,
        "mae_o2": 0.3097324073314667
      }
    },
    "noise_sigma_0.1": {
      "metrics": {
        "rmse_temp": 0.7240009903907776,
        "rmse_o2": 0.5512693524360657,
        "mae_temp": 0.5695599317550659,
        "mae_o2": 0.3922102749347687
      },
      "degradation": {
        "rmse_temp": 3.5153813767764612,
        "rmse_o2": 1.173570679198607,
        "mae_temp": 3.650536250577223,
        "mae_o2": 1.2662874973720026
      }
    },
    "noise_sigma_0.25": {
      "metrics": {
        "rmse_temp": 1.6666046380996704,
        "rmse_o2": 0.7411019802093506,
        "mae_temp": 1.3184363842010498,
        "mae_o2": 0.5681508183479309
      },
      "degradation": {
        "rmse_temp": 8.092186316019555,
        "rmse_o2": 1.5776961850433886,
        "mae_temp": 8.450383438622362,
        "mae_o2": 1.8343279711764624
      }
    },
    "noise_sigma_0.5": {
      "metrics": {
        "rmse_temp": 2.8734211921691895,
        "rmse_o2": 0.9690648913383484,
        "mae_temp": 2.299002170562744,
        "mae_o2": 0.7576429843902588
      },
      "degradation": {
        "rmse_temp": 13.951875039748641,
        "rmse_o2": 2.0629954081246806,
        "mae_temp": 14.735219765080272,
        "mae_o2": 2.4461211240948746
      }
    },
    "noise_sigma_1.0": {
      "metrics": {
        "rmse_temp": 4.3067402839660645,
        "rmse_o2": 1.1333436965942383,
        "mae_temp": 3.4602603912353516,
        "mae_o2": 0.8972181677818298
      },
      "degradation": {
        "rmse_temp": 20.911345135999866,
        "rmse_o2": 2.4127206163375745,
        "mae_temp": 22.17818580692114,
        "mae_o2": 2.8967526372584347
      }
    },
    "noise_sigma_2.0": {
      "metrics": {
        "rmse_temp": 5.632644176483154,
        "rmse_o2": 1.2222111225128174,
        "mae_temp": 4.496222019195557,
        "mae_o2": 0.9739988446235657
      },
      "degradation": {
        "rmse_temp": 27.349261538067495,
        "rmse_o2": 2.6019061840333486,
        "mae_temp": 28.81807612614054,
        "mae_o2": 3.1446462222508744
      }
    },
    "dropout_fuel_flow": {
      "metrics": {
        "rmse_temp": 0.5680261850357056,
        "rmse_o2": 1.01487135887146,
        "mae_temp": 0.38058775663375854,
        "mae_o2": 0.7333465218544006
      },
      "degradation": {
        "rmse_temp": 2.758046879629428,
        "rmse_o2": 2.160510582833685,
        "mae_temp": 2.4393383815399337,
        "mae_o2": 2.3676777259849158
      }
    },
    "dropout_air_fuel_ratio": {
      "metrics": {
        "rmse_temp": 0.8628068566322327,
        "rmse_o2": 0.8004674911499023,
        "mae_temp": 0.4301656484603882,
        "mae_o2": 0.5662410855293274
      },
      "degradation": {
        "rmse_temp": 4.189352218873187,
        "rmse_o2": 1.7040765518960075,
        "mae_temp": 2.757102819046291,
        "mae_o2": 1.8281622204400219
      }
    },
    "dropout_current_temp": {
      "metrics": {
        "rmse_temp": 4.8765950202941895,
        "rmse_o2": 1.023736834526062,
        "mae_temp": 3.5122454166412354,
        "mae_o2": 0.7482101321220398
      },
      "degradation": {
        "rmse_temp": 23.6782705327103,
        "rmse_o2": 2.17938386544846,
        "mae_temp": 22.511378521420177,
        "mae_o2": 2.415666279703586
      }
    },
    "dropout_inflow_temp": {
      "metrics": {
        "rmse_temp": 1.6977242231369019,
        "rmse_o2": 1.1254041194915771,
        "mae_temp": 0.8316694498062134,
        "mae_o2": 0.8558608889579773
      },
      "degradation": {
        "rmse_temp": 8.243287227682462,
        "rmse_o2": 2.3958184343973943,
        "mae_temp": 5.330500454376797,
        "mae_o2": 2.7632268006171525
      }
    },
    "dropout_inflow_rate": {
      "metrics": {
        "rmse_temp": 0.5964996218681335,
        "rmse_o2": 1.007246494293213,
        "mae_temp": 0.3153863549232483,
        "mae_o2": 0.7516914010047913
      },
      "degradation": {
        "rmse_temp": 2.896299438537548,
        "rmse_o2": 2.144278377175329,
        "mae_temp": 2.021436652042881,
        "mae_o2": 2.4269058813737656
      }
    },
    "spike_frac_0.05": {
      "metrics": {
        "rmse_temp": 1.5491838455200195,
        "rmse_o2": 0.593440592288971,
        "mae_temp": 0.48197534680366516,
        "mae_o2": 0.3988644778728485
      },
      "degradation": {
        "rmse_temp": 7.522050538638863,
        "rmse_o2": 1.2633469934053017,
        "mae_temp": 3.0891717926322673,
        "mae_o2": 1.2877712129296024
      }
    },
    "spike_frac_0.1": {
      "metrics": {
        "rmse_temp": 2.217358112335205,
        "rmse_o2": 0.6920414566993713,
        "mae_temp": 0.8202845454216003,
        "mae_o2": 0.47449007630348206
      },
      "degradation": {
        "rmse_temp": 10.766365677953194,
        "rmse_o2": 1.4732536078476555,
        "mae_temp": 5.257530071721336,
        "mae_o2": 1.5319355194101354
      }
    },
    "spike_frac_0.2": {
      "metrics": {
        "rmse_temp": 3.080857753753662,
        "rmse_o2": 0.8425049185752869,
        "mae_temp": 1.4149662256240845,
        "mae_o2": 0.6052366495132446
      },
      "degradation": {
        "rmse_temp": 14.959081708158038,
        "rmse_o2": 1.7935679992934797,
        "mae_temp": 9.069081604926657,
        "mae_o2": 1.9540630401827401
      }
    },
    "temporal_shuffle": {
      "metrics": {
        "rmse_temp": 0.5116352438926697,
        "rmse_o2": 0.472409725189209,
        "mae_temp": 0.30335915088653564,
        "mae_o2": 0.3125564157962799
      },
      "degradation": {
        "rmse_temp": 2.4842410880018106,
        "rmse_o2": 1.005690230375405,
        "mae_temp": 1.9443495153234576,
        "mae_o2": 1.0091175750356374
      }
    },
    "extrap_shift_1.0sigma": {
      "metrics": {
        "rmse_temp": 4.266621112823486,
        "rmse_o2": 0.8214836120605469,
        "mae_temp": 4.21256160736084,
        "mae_o2": 0.6448258757591248
      },
      "degradation": {
        "rmse_temp": 20.71654680152493,
        "rmse_o2": 1.7488167559037853,
        "mae_temp": 26.999983668222324,
        "mae_o2": 2.0818805539746146
      }
    },
    "extrap_shift_2.0sigma": {
      "metrics": {
        "rmse_temp": 6.964032173156738,
        "rmse_o2": 0.8083886504173279,
        "mae_temp": 6.717527866363525,
        "mae_o2": 0.6319983005523682
      },
      "degradation": {
        "rmse_temp": 33.81380596672061,
        "rmse_o2": 1.7209395249969675,