{
  "experiment": "C5_fuel_trip",
  "description": "Real + S5 fuel trip only",
  "config": {
    "use_real": true,
    "use_edge": true,
    "scenarios": [
      "S5_fuel_trip"
    ],
    "confidence_filter": null,
    "edge_fraction": 1.0,
    "seq_len": 30,
    "stride": 30,
    "hidden_size": 128,
    "epochs": 200,
    "learning_rate": 0.001,
    "batch_size": 64,
    "patience": 20,
    "min_delta": 0.0001,
    "early_stopping": true,
    "test_size": 0.2,
    "val_size": 0.1,
    "seed": 42,
    "experiment": "C5_fuel_trip",
    "description": "Real + S5 fuel trip only",
    "device": "cpu"
  },
  "data_summary": {
    "real_rows": 470676,
    "real_sequences": 15689,
    "edge_rows": 25000,
    "edge_sequences": 833,
    "total_sequences": 16522
  },
  "test_metrics": {
    "test_rmse_temp": 0.17757096886634827,
    "test_mae_temp": 0.12150796502828598,
    "test_mape_temp": 0.038471005856990814,
    "test_r2_temp": 0.999701201915741,
    "test_max_ae_temp": 3.623504638671875,
    "test_rmse_o2": 0.615376889705658,
    "test_mae_o2": 0.4041008949279785,
    "test_mape_o2": 9.9800443649292,
    "test_r2_o2": 0.9656951427459717,
    "test_max_ae_o2": 5.802999496459961
  },
  "training": {
    "best_val_loss": 0.017163835358447753,
    "best_epoch": 61,
    "final_train_loss": 0.015832352402489543,
    "final_val_loss": 0.017950809166695062,
    "epochs_run": 81
  },
  "wall_time_sec": 1209.2,
  "device": "cpu",
  "robustness": {
    "clean": {
      "metrics": {
        "rmse_temp": 0.17757096886634827,
        "rmse_o2": 0.615376889705658,
        "mae_temp": 0.12150796502828598,
        "mae_o2": 0.4041008949279785
      }
    },
    "noise_sigma_0.1": {
      "metrics": {
        "rmse_temp": 1.2167155742645264,
        "rmse_o2": 0.7369309067726135,
        "mae_temp": 0.957431435585022,
        "mae_o2": 0.5344586968421936
      },
      "degradation": {
        "rmse_temp": 6.851996033092028,
        "rmse_o2": 1.1975277575423677,
        "mae_temp": 7.879577568121896,
        "mae_o2": 1.322587263602691
      }
    },
    "noise_sigma_0.25": {
      "metrics": {
        "rmse_temp": 2.919182777404785,
        "rmse_o2": 1.1238551139831543,
        "mae_temp": 2.2973201274871826,
        "mae_o2": 0.8527436852455139
      },
      "degradation": {
        "rmse_temp": 16.43952722700948,
        "rmse_o2": 1.8262874878527002,
        "mae_temp": 18.906745141788743,
        "mae_o2": 2.1102246888057388
      }
    },
    "noise_sigma_0.5": {
      "metrics": {
        "rmse_temp": 5.21309232711792,
        "rmse_o2": 1.6967557668685913,
        "mae_temp": 4.115134239196777,
        "mae_o2": 1.2521491050720215
      },
      "degradation": {
        "rmse_temp": 29.357796268159355,
        "rmse_o2": 2.7572627364673536,
        "mae_temp": 33.86719741573164,
        "mae_o2": 3.0986051275515925
      }
    },
    "noise_sigma_1.0": {
      "metrics": {
        "rmse_temp": 8.407901763916016,
        "rmse_o2": 2.6236472129821777,
        "mae_temp": 6.625509262084961,
        "mae_o2": 1.8234726190567017
      },
      "degradation": {
        "rmse_temp": 47.349529135274146,
        "rmse_o2": 4.263480245800422,
        "mae_temp": 54.52736584422759,
        "mae_o2": 4.512419155571761
      }
    },
    "noise_sigma_2.0": {
      "metrics": {
        "rmse_temp": 12.087750434875488,
        "rmse_o2": 3.82254958152771,
        "mae_temp": 9.289361000061035,
        "mae_o2": 2.506171464920044
      },
      "degradation": {
        "rmse_temp": 68.07278527591711,
        "rmse_o2": 6.211721053346804,
        "mae_temp": 76.45063430943439,
        "mae_o2": 6.201845866653451
      }
    },
    "dropout_fuel_flow": {
      "metrics": {
        "rmse_temp": 3.9590370655059814,
        "rmse_o2": 2.6732003688812256,
        "mae_temp": 1.1114941835403442,
        "mae_o2": 1.261841058731079
      },
      "degradation": {
        "rmse_temp": 22.2955198745681,
        "rmse_o2": 4.344005135064219,
        "mae_temp": 9.14750060443855,
        "mae_o2": 3.122589122095294
      }
    },
    "dropout_air_fuel_ratio": {
      "metrics": {
        "rmse_temp": 0.17597535252571106,
        "rmse_o2": 0.6152673363685608,
        "mae_temp": 0.12122499942779541,
        "mae_o2": 0.4041430354118347
      },
      "degradation": {
        "rmse_temp": 0.9910142049073452,
        "rmse_o2": 0.9998219735922329,
        "mae_temp": 0.9976712176816993,
        "mae_o2": 1.0001042820849573
      }
    },
    "dropout_current_temp": {
      "metrics": {
        "rmse_temp": 10.307830810546875,
        "rmse_o2": 3.4040164947509766,
        "mae_temp": 6.17943000793457,
        "mae_o2": 1.5322729349136353
      },
      "degradation": {
        "rmse_temp": 58.04907680773671,
        "rmse_o2": 5.531596248892541,
        "mae_temp": 50.85617232167499,
        "mae_o2": 3.791807823604862
      }
    },
    "dropout_inflow_temp": {
      "metrics": {
        "rmse_temp": 1.78287935256958,
        "rmse_o2": 1.2906795740127563,
        "mae_temp": 0.6906108856201172,
        "mae_o2": 0.9738337397575378
      },
      "degradation": {
        "rmse_temp": 10.040376329260747,
        "rmse_o2": 2.0973806387661122,
        "mae_temp": 5.683667613553968,
        "mae_o2": 2.4098777111867093
      }
    },
    "dropout_inflow_rate": {
      "metrics": {
        "rmse_temp": 0.3657187223434448,
        "rmse_o2": 0.9810656905174255,
        "mae_temp": 0.22520214319229126,
        "mae_o2": 0.7325617074966431
      },
      "degradation": {
        "rmse_temp": 2.059563703899758,
        "rmse_o2": 1.5942517616914098,
        "mae_temp": 1.8533940811194245,
        "mae_o2": 1.8128188199810964
      }
    },
    "spike_frac_0.05": {
      "metrics": {
        "rmse_temp": 3.9751393795013428,
        "rmse_o2": 1.4635039567947388,
        "mae_temp": 0.9422656297683716,
        "mae_o2": 0.6624566912651062
      },
      "degradation": {
        "rmse_temp": 22.386200880017146,
        "rmse_o2": 2.378223786555829,
        "mae_temp": 7.754764303303248,
        "mae_o2": 1.6393348779471857
      }
    },
    "spike_frac_0.1": {
      "metrics": {
        "rmse_temp": 5.621885776519775,
        "rmse_o2": 1.9542486667633057,
        "mae_temp": 1.766606330871582,
        "mae_o2": 0.903262197971344
      },
      "degradation": {
        "rmse_temp": 31.659937502234282,
        "rmse_o2": 3.175693951877273,
        "mae_temp": 14.539016684711424,
        "mae_o2": 2.2352392912476207
      }
    },
    "spike_frac_0.2": {
      "metrics": {
        "rmse_temp": 7.83414363861084,
        "rmse_o2": 2.6273012161254883,
        "mae_temp": 3.2576565742492676,
        "mae_o2": 1.3106592893600464
      },
      "degradation": {
        "rmse_temp": 44.11838088526361,
        "rmse_o2": 4.269418075453171,
        "mae_temp": 26.81023069961639,
        "mae_o2": 3.243396156283298
      }
    },
    "temporal_shuffle": {
      "metrics": {
        "rmse_temp": 3.309183120727539,
        "rmse_o2": 0.8702535629272461,
        "mae_temp": 0.8695448040962219,
        "mae_o2": 0.4804399609565735
      },
      "degradation": {
        "rmse_temp": 18.635834122289722,
        "rmse_o2": 1.4141797936927705,
        "mae_temp": 7.156278223355971,
        "mae_o2": 1.1889109056345957
      }
    },
    "extrap_shift_1.0sigma": {
      "metrics": {
        "rmse_temp": 8.429128646850586,
        "rmse_o2": 1.7261699438095093,
        "mae_temp": 8.356038093566895,
        "mae_o2": 1.3675543069839478
      },
      "degradation": {
        "rmse_temp": 47.46906941300134,
        "rmse_o2": 2.8050613740713546,
        "mae_temp": 68.76946784206025,
        "mae_o2": 3.384190245922821
      }
    },
    "extrap_shift_2.0sigma": {
      "metrics": {
        "rmse_temp": 13.373187065124512,
        "rmse_o2": 3.1107983589172363,
        "mae_temp": 12.93601131439209,
        "mae_o2": 2.575547695159912
      },
      "degradation": {
        "rmse_temp": 75.31178745321857,