{
  "experiment": "A2_baseline",
  "description": "Real + all edge cases (BASELINE)",
  "config": {
    "use_real": true,
    "use_edge": true,
    "scenarios": null,
    "confidence_filter": null,
    "edge_fraction": 1.0,
    "seq_len": 30,
    "stride": 30,
    "hidden_size": 128,
    "epochs": 200,
    "learning_rate": 0.001,
    "batch_size": 64,
    "patience": 20,
    "min_delta": 0.0001,
    "early_stopping": true,
    "test_size": 0.2,
    "val_size": 0.1,
    "seed": 123,
    "experiment": "A2_baseline",
    "description": "Real + all edge cases (BASELINE)",
    "device": "cpu"
  },
  "data_summary": {
    "real_rows": 470676,
    "real_sequences": 15689,
    "edge_rows": 150000,
    "edge_sequences": 4998,
    "total_sequences": 20687
  },
  "test_metrics": {
    "test_rmse_temp": 0.23524168133735657,
    "test_mae_temp": 0.1652272641658783,
    "test_mape_temp": 0.052745141088962555,
    "test_r2_temp": 0.999691903591156,
    "test_max_ae_temp": 11.419830322265625,
    "test_rmse_o2": 0.7319565415382385,
    "test_mae_o2": 0.45652952790260315,
    "test_mape_o2": 9.58763599395752,
    "test_r2_o2": 0.9624915719032288,
    "test_max_ae_o2": 10.996853828430176
  },
  "training": {
    "best_val_loss": 0.018532668607253017,
    "best_epoch": 128,
    "final_train_loss": 0.01726391985221374,
    "final_val_loss": 0.019337974206516235,
    "epochs_run": 148
  },
  "wall_time_sec": 2689.6,
  "device": "cpu",
  "robustness": {
    "clean": {
      "metrics": {
        "rmse_temp": 0.23524168133735657,
        "rmse_o2": 0.7319565415382385,
        "mae_temp": 0.1652272641658783,
        "mae_o2": 0.45652952790260315
      }
    },
    "noise_sigma_0.1": {
      "metrics": {
        "rmse_temp": 1.4279006719589233,
        "rmse_o2": 0.9110579490661621,
        "mae_temp": 1.1254833936691284,
        "mae_o2": 0.6208693981170654
      },
      "degradation": {
        "rmse_temp": 6.069930566051313,
        "rmse_o2": 1.2446885810345163,
        "mae_temp": 6.811729283002655,
        "mae_o2": 1.3599764312496405
      }
    },
    "noise_sigma_0.25": {
      "metrics": {
        "rmse_temp": 3.3907320499420166,
        "rmse_o2": 1.4002679586410522,
        "mae_temp": 2.6604557037353516,
        "mae_o2": 0.9594103097915649
      },
      "degradation": {
        "rmse_temp": 14.413823395010592,
        "rmse_o2": 1.9130479463962822,
        "mae_temp": 16.1017960151202,
        "mae_o2": 2.1015295860473833
      }
    },
    "noise_sigma_0.5": {
      "metrics": {
        "rmse_temp": 6.381300926208496,
        "rmse_o2": 2.224705934524536,
        "mae_temp": 4.9438910484313965,
        "mae_o2": 1.4548200368881226
      },
      "degradation": {
        "rmse_temp": 27.126574210533583,
        "rmse_o2": 3.0393962049293526,
        "mae_temp": 29.921763053995893,
        "mae_o2": 3.1866942836575873
      }
    },
    "noise_sigma_1.0": {
      "metrics": {
        "rmse_temp": 11.029040336608887,
        "rmse_o2": 2.9948654174804688,
        "mae_temp": 8.543187141418457,
        "mae_o2": 1.9863208532333374
      },
      "degradation": {
        "rmse_temp": 46.88386970331293,
        "rmse_o2": 4.091589114275322,
        "mae_temp": 51.705674511693225,
        "mae_o2": 4.350914304182977
      }
    },
    "noise_sigma_2.0": {
      "metrics": {
        "rmse_temp": 16.517715454101562,
        "rmse_o2": 3.813690185546875,
        "mae_temp": 12.909743309020996,
        "mae_o2": 2.5506973266601562
      },
      "degradation": {
        "rmse_temp": 70.21593860491821,
        "rmse_o2": 5.210268600827365,
        "mae_temp": 78.13325103573939,
        "mae_o2": 5.5871464401845365
      }
    },
    "dropout_fuel_flow": {
      "metrics": {
        "rmse_temp": 1.8934040069580078,
        "rmse_o2": 3.562265157699585,
        "mae_temp": 0.8214506506919861,
        "mae_o2": 1.8314814567565918
      },
      "degradation": {
        "rmse_temp": 8.048760730640696,
        "rmse_o2": 4.866771393576632,
        "mae_temp": 4.971641059597154,
        "mae_o2": 4.011748079408619
      }
    },
    "dropout_air_fuel_ratio": {
      "metrics": {
        "rmse_temp": 0.2225981056690216,
        "rmse_o2": 0.7301696538925171,
        "mae_temp": 0.16349893808364868,
        "mae_o2": 0.4562810957431793
      },
      "degradation": {
        "rmse_temp": 0.9462528256197804,
        "rmse_o2": 0.9975587517232017,
        "mae_temp": 0.9895397040497235,
        "mae_o2": 0.9994558245540761
      }
    },
    "dropout_current_temp": {
      "metrics": {
        "rmse_temp": 13.331958770751953,
        "rmse_o2": 4.326648235321045,
        "mae_temp": 10.317856788635254,
        "mae_o2": 2.519068956375122
      },
      "degradation": {
        "rmse_temp": 56.673454699691554,
        "rmse_o2": 5.911072570276379,
        "mae_temp": 62.446454226081855,
        "mae_o2": 5.517866430126169
      }
    },
    "dropout_inflow_temp": {
      "metrics": {
        "rmse_temp": 1.8499764204025269,
        "rmse_o2": 1.695980191230774,
        "mae_temp": 0.7835627794265747,
        "mae_o2": 1.0982632637023926
      },
      "degradation": {
        "rmse_temp": 7.864152347004795,
        "rmse_o2": 2.3170503916347243,
        "mae_temp": 4.7423334362053255,
        "mae_o2": 2.4056784864454555
      }
    },
    "dropout_inflow_rate": {
      "metrics": {
        "rmse_temp": 0.4305015504360199,
        "rmse_o2": 1.3420436382293701,
        "mae_temp": 0.259907603263855,
        "mae_o2": 0.9423490762710571
      },
      "degradation": {
        "rmse_temp": 1.8300394215370535,
        "rmse_o2": 1.8335018024553849,
        "mae_temp": 1.5730309678366596,
        "mae_o2": 2.0641579978417073
      }
    },
    "spike_frac_0.05": {
      "metrics": {
        "rmse_temp": 5.040850639343262,
        "rmse_o2": 1.4541988372802734,
        "mae_temp": 1.1451832056045532,
        "mae_o2": 0.712245523929596
      },
      "degradation": {
        "rmse_temp": 21.428390626549948,
        "rmse_o2": 1.9867283844806023,
        "mae_temp": 6.930957862104754,
        "mae_o2": 1.5601302443717238
      }
    },
    "spike_frac_0.1": {
      "metrics": {
        "rmse_temp": 7.057708740234375,
        "rmse_o2": 1.9744515419006348,
        "mae_temp": 2.06740665435791,
        "mae_o2": 0.9621777534484863
      },
      "degradation": {
        "rmse_temp": 30.00194820965006,
        "rmse_o2": 2.6974983210768757,
        "mae_temp": 12.512503095629286,
        "mae_o2": 2.1075915020632774
      }
    },
    "spike_frac_0.2": {
      "metrics": {
        "rmse_temp": 10.181225776672363,
        "rmse_o2": 2.589949607849121,
        "mae_temp": 4.006874084472656,
        "mae_o2": 1.360353946685791
      },
      "degradation": {
        "rmse_temp": 43.279854653273034,
        "rmse_o2": 3.5383925969241687,
        "mae_temp": 24.250683473461102,
        "mae_o2": 2.9797720925863342
      }
    },
    "temporal_shuffle": {
      "metrics": {
        "rmse_temp": 7.196768760681152,
        "rmse_o2": 0.9640512466430664,
        "mae_temp": 3.0543220043182373,
        "mae_o2": 0.545491635799408
      },
      "degradation": {
        "rmse_temp": 30.593085033941644,
        "rmse_o2": 1.3170880946252228,
        "mae_temp": 18.485581176553772,
        "mae_o2": 1.1948660545693863
      }
    },
    "extrap_shift_1.0sigma": {
      "metrics": {
        "rmse_temp": 10.875697135925293,
        "rmse_o2": 2.477966785430908,
        "mae_temp": 10.723570823669434,
        "mae_o2": 1.3769832849502563
      },
      "degradation": {
        "rmse_temp": 46.232015831958876,
        "rmse_o2": 3.385401516083664,
        "mae_temp": 64.9019450742924,
        "mae_o2": 3.016197640657374
      }
    },
    "extrap_shift_2.0sigma": {
      "metrics": {
        "rmse_temp": 16.50752830505371,
        "rmse_o2": 2.799879312515259,
        "mae_temp": 15.686287879943848,
        "mae_o2": 1.6820628643035889
      },