{
  "experiment": "D1_hidden_64",
  "description": "Smaller CfC backbone (hidden=64)",
  "config": {
    "use_real": true,
    "use_edge": true,
    "scenarios": null,
    "confidence_filter": null,
    "edge_fraction": 1.0,
    "seq_len": 30,
    "stride": 30,
    "hidden_size": 64,
    "epochs": 200,
    "learning_rate": 0.001,
    "batch_size": 64,
    "patience": 20,
    "min_delta": 0.0001,
    "early_stopping": true,
    "test_size": 0.2,
    "val_size": 0.1,
    "seed": 42,
    "experiment": "D1_hidden_64",
    "description": "Smaller CfC backbone (hidden=64)",
    "device": "cpu"
  },
  "data_summary": {
    "real_rows": 470676,
    "real_sequences": 15689,
    "edge_rows": 150000,
    "edge_sequences": 4998,
    "total_sequences": 20687
  },
  "test_metrics": {
    "test_rmse_temp": 0.2916896343231201,
    "test_mae_temp": 0.2029908001422882,
    "test_mape_temp": 0.06527788937091827,
    "test_r2_temp": 0.99949711561203,
    "test_max_ae_temp": 14.15411376953125,
    "test_rmse_o2": 0.7102376222610474,
    "test_mae_o2": 0.4427509605884552,
    "test_mape_o2": 9.467765808105469,
    "test_r2_o2": 0.9621978998184204,
    "test_max_ae_o2": 10.212825775146484
  },
  "training": {
    "best_val_loss": 0.01972122515805743,
    "best_epoch": 78,
    "final_train_loss": 0.018282516140303788,
    "final_val_loss": 0.019825494057978645,
    "epochs_run": 98
  },
  "wall_time_sec": 1453.2,
  "device": "cpu",
  "robustness": {
    "clean": {
      "metrics": {
        "rmse_temp": 0.2916896343231201,
        "rmse_o2": 0.7102376222610474,
        "mae_temp": 0.2029908001422882,
        "mae_o2": 0.4427509605884552
      }
    },
    "noise_sigma_0.1": {
      "metrics": {
        "rmse_temp": 1.8102598190307617,
        "rmse_o2": 0.8747732639312744,
        "mae_temp": 1.4134756326675415,
        "mae_o2": 0.6110369563102722
      },
      "degradation": {
        "rmse_temp": 6.20611638542301,
        "rmse_o2": 1.2316628076479903,
        "mae_temp": 6.963249722040374,
        "mae_o2": 1.380091768740942
      }
    },
    "noise_sigma_0.25": {
      "metrics": {
        "rmse_temp": 4.219162940979004,
        "rmse_o2": 1.4202064275741577,
        "mae_temp": 3.2809441089630127,
        "mae_o2": 0.9882208704948425
      },
      "degradation": {
        "rmse_temp": 14.464562481864586,
        "rmse_o2": 1.999621511252697,
        "mae_temp": 16.163018750914848,
        "mae_o2": 2.23200164079014
      }
    },
    "noise_sigma_0.5": {
      "metrics": {
        "rmse_temp": 7.475625991821289,
        "rmse_o2": 2.1573197841644287,
        "mae_temp": 5.842155456542969,
        "mae_o2": 1.4721957445144653
      },
      "degradation": {
        "rmse_temp": 25.628699522246787,
        "rmse_o2": 3.0374619937713003,
        "mae_temp": 28.780395231940847,
        "mae_o2": 3.325110221235403
      }
    },
    "noise_sigma_1.0": {
      "metrics": {
        "rmse_temp": 11.844183921813965,
        "rmse_o2": 3.002171754837036,
        "mae_temp": 9.299434661865234,
        "mae_o2": 2.06624698638916
      },
      "degradation": {
        "rmse_temp": 40.60543306346475,
        "rmse_o2": 4.226996234414614,
        "mae_temp": 45.812099146102746,
        "mae_o2": 4.666837952520611
      }
    },
    "noise_sigma_2.0": {
      "metrics": {
        "rmse_temp": 16.805896759033203,
        "rmse_o2": 3.861907720565796,
        "mae_temp": 13.248787879943848,
        "mae_o2": 2.6832211017608643
      },
      "degradation": {
        "rmse_temp": 57.615680440726315,
        "rmse_o2": 5.437486834717909,
        "mae_temp": 65.26792283520727,
        "mae_o2": 6.060339424661272
      }
    },
    "dropout_fuel_flow": {
      "metrics": {
        "rmse_temp": 1.5974607467651367,
        "rmse_o2": 3.379870891571045,
        "mae_temp": 0.732711911201477,
        "mae_o2": 1.7138622999191284
      },
      "degradation": {
        "rmse_temp": 5.476577014716761,
        "rmse_o2": 4.758788869577478,
        "mae_temp": 3.6095818662120456,
        "mae_o2": 3.8709397663220284
      }
    },
    "dropout_air_fuel_ratio": {
      "metrics": {
        "rmse_temp": 0.2836932837963104,
        "rmse_o2": 0.7102780342102051,
        "mae_temp": 0.20426085591316223,
        "mae_o2": 0.4427284002304077
      },
      "degradation": {
        "rmse_temp": 0.9725860997927965,
        "rmse_o2": 1.0000568991952707,
        "mae_temp": 1.0062567159200504,
        "mae_o2": 0.9999490450387335
      }
    },
    "dropout_current_temp": {
      "metrics": {
        "rmse_temp": 12.52464485168457,
        "rmse_o2": 3.95331072807312,
        "mae_temp": 9.758479118347168,
        "mae_o2": 2.228126049041748
      },
      "degradation": {
        "rmse_temp": 42.93825826464013,
        "rmse_o2": 5.566180393947201,
        "mae_temp": 48.07350437313846,
        "mae_o2": 5.032458983443811
      }
    },
    "dropout_inflow_temp": {
      "metrics": {
        "rmse_temp": 1.6290806531906128,
        "rmse_o2": 1.7056477069854736,
        "mae_temp": 0.8176202178001404,
        "mae_o2": 1.119794487953186
      },
      "degradation": {
        "rmse_temp": 5.584979586165183,
        "rmse_o2": 2.401516976185421,
        "mae_temp": 4.027868342934863,
        "mae_o2": 2.529174609728413
      }
    },
    "dropout_inflow_rate": {
      "metrics": {
        "rmse_temp": 0.4469529688358307,
        "rmse_o2": 1.258508563041687,
        "mae_temp": 0.2924032211303711,
        "mae_o2": 0.8714491724967957
      },
      "degradation": {
        "rmse_temp": 1.5322895168112731,
        "rmse_o2": 1.771954235591202,
        "mae_temp": 1.4404752379191985,
        "mae_o2": 1.9682603767557334
      }
    },
    "spike_frac_0.05": {
      "metrics": {
        "rmse_temp": 5.1098103523254395,
        "rmse_o2": 1.517641305923462,
        "mae_temp": 1.3043062686920166,
        "mae_o2": 0.7263035178184509
      },
      "degradation": {
        "rmse_temp": 17.517970304920162,
        "rmse_o2": 2.1368078208699197,
        "mae_temp": 6.425445230905792,
        "mae_o2": 1.640433522387234
      }
    },
    "spike_frac_0.1": {
      "metrics": {
        "rmse_temp": 7.2388997077941895,
        "rmse_o2": 1.9509576559066772,
        "mae_temp": 2.3659956455230713,
        "mae_o2": 0.9650951027870178
      },
      "degradation": {
        "rmse_temp": 24.817130456460703,
        "rmse_o2": 2.7469083511737766,
        "mae_temp": 11.655679192675755,
        "mae_o2": 2.1797696418418178
      }
    },
    "spike_frac_0.2": {
      "metrics": {
        "rmse_temp": 10.168329238891602,
        "rmse_o2": 2.6549291610717773,
        "mae_temp": 4.399350643157959,
        "mae_o2": 1.42448091506958
      },
      "degradation": {
        "rmse_temp": 34.86009800275454,
        "rmse_o2": 3.7380857868663564,
        "mae_temp": 21.672660239154656,
        "mae_o2": 3.217341218585543
      }
    },
    "temporal_shuffle": {
      "metrics": {
        "rmse_temp": 7.243907451629639,
        "rmse_o2": 0.9011379480361938,
        "mae_temp": 3.068676710128784,
        "mae_o2": 0.5218082070350647
      },
      "degradation": {
        "rmse_temp": 24.834298511976524,
        "rmse_o2": 1.2687837419361336,
        "mae_temp": 15.117319149329763,
        "mae_o2": 1.1785591754369893
      }
    },
    "extrap_shift_1.0sigma": {
      "metrics": {
        "rmse_temp": 10.520451545715332,
        "rmse_o2": 2.528167486190796,
        "mae_temp": 10.36894702911377,
        "mae_o2": 1.4879580736160278
      },
      "degradation": {
        "rmse_temp": 36.06727942228235,
        "rmse_o2": 3.559607949438603,
        "mae_temp": 51.080871753032966,
        "mae_o2": 3.3607111131693537
      }
    },
    "extrap_shift_2.0sigma": {
      "metrics": {
        "rmse_temp": 16.81403350830078,
        "rmse_o2": 2.883845806121826,
        "mae_temp": 16.22747230529785,
        "mae_o2": 2.01248836517334
      },
      "degradation": {
        "rmse_temp": 57.64357567014186,