{
  "experiment": "E1_seq15",
  "description": "Shorter sequences (15 timesteps)",
  "config": {
    "use_real": true,
    "use_edge": true,
    "scenarios": null,
    "confidence_filter": null,
    "edge_fraction": 1.0,
    "seq_len": 15,
    "stride": 15,
    "hidden_size": 128,
    "epochs": 200,
    "learning_rate": 0.001,
    "batch_size": 64,
    "patience": 20,
    "min_delta": 0.0001,
    "early_stopping": true,
    "test_size": 0.2,
    "val_size": 0.1,
    "seed": 456,
    "experiment": "E1_seq15",
    "description": "Shorter sequences (15 timesteps)",
    "device": "cpu"
  },
  "data_summary": {
    "real_rows": 470676,
    "real_sequences": 31378,
    "edge_rows": 150000,
    "edge_sequences": 9996,
    "total_sequences": 41374
  },
  "test_metrics": {
    "test_rmse_temp": 0.2607899308204651,
    "test_mae_temp": 0.18425220251083374,
    "test_mape_temp": 0.05890268459916115,
    "test_r2_temp": 0.9996210336685181,
    "test_max_ae_temp": 9.504913330078125,
    "test_rmse_o2": 0.7686970233917236,
    "test_mae_o2": 0.46081361174583435,
    "test_mape_o2": 9.177793502807617,
    "test_r2_o2": 0.9597365856170654,
    "test_max_ae_o2": 9.80126667022705
  },
  "training": {
    "best_val_loss": 0.020523451669858053,
    "best_epoch": 53,
    "final_train_loss": 0.019727560833571155,
    "final_val_loss": 0.020908079912456183,
    "epochs_run": 73
  },
  "wall_time_sec": 1357.4,
  "device": "cpu",
  "robustness": {
    "clean": {
      "metrics": {
        "rmse_temp": 0.2607899308204651,
        "rmse_o2": 0.7686970233917236,
        "mae_temp": 0.18425220251083374,
        "mae_o2": 0.46081361174583435
      }
    },
    "noise_sigma_0.1": {
      "metrics": {
        "rmse_temp": 1.3860598802566528,
        "rmse_o2": 0.9820175766944885,
        "mae_temp": 1.087559461593628,
        "mae_o2": 0.6603754162788391
      },
      "degradation": {
        "rmse_temp": 5.31485198027394,
        "rmse_o2": 1.2775092745403516,
        "mae_temp": 5.9025588121785475,
        "mae_o2": 1.4330640403111068
      }
    },
    "noise_sigma_0.25": {
      "metrics": {
        "rmse_temp": 3.433518648147583,
        "rmse_o2": 1.5833791494369507,
        "mae_temp": 2.664893388748169,
        "mae_o2": 1.053818941116333
      },
      "degradation": {
        "rmse_temp": 13.165840557361514,
        "rmse_o2": 2.0598221422148915,
        "mae_temp": 14.463291903343611,
        "mae_o2": 2.286865913365371
      }
    },
    "noise_sigma_0.5": {
      "metrics": {
        "rmse_temp": 6.597739219665527,
        "rmse_o2": 2.3058807849884033,
        "mae_temp": 5.099013328552246,
        "mae_o2": 1.545615792274475
      },
      "degradation": {
        "rmse_temp": 25.299056596658218,
        "rmse_o2": 2.9997264394418495,
        "mae_temp": 27.674097020644474,
        "mae_o2": 3.354101860009666
      }
    },
    "noise_sigma_1.0": {
      "metrics": {
        "rmse_temp": 11.246293067932129,
        "rmse_o2": 3.1158065795898438,
        "mae_temp": 8.759568214416504,
        "mae_o2": 2.1580233573913574
      },
      "degradation": {
        "rmse_temp": 43.12395433577681,
        "rmse_o2": 4.053361057444926,
        "mae_temp": 47.54118591283301,
        "mae_o2": 4.683072075964704
      }
    },
    "noise_sigma_2.0": {
      "metrics": {
        "rmse_temp": 16.6130428314209,
        "rmse_o2": 3.968053102493286,
        "mae_temp": 13.151712417602539,
        "mae_o2": 2.7985498905181885
      },
      "degradation": {
        "rmse_temp": 63.70277709401967,
        "rmse_o2": 5.162050823333537,
        "mae_temp": 71.37886135623936,
        "mae_o2": 6.073062555412864
      }
    },
    "dropout_fuel_flow": {
      "metrics": {
        "rmse_temp": 1.8234268426895142,
        "rmse_o2": 3.569511651992798,
        "mae_temp": 0.8543117046356201,
        "mae_o2": 1.8792996406555176
      },
      "degradation": {
        "rmse_temp": 6.991937292029925,
        "rmse_o2": 4.643587191534882,
        "mae_temp": 4.636643106534305,
        "mae_o2": 4.07822076595268
      }
    },
    "dropout_air_fuel_ratio": {
      "metrics": {
        "rmse_temp": 0.2502947747707367,
        "rmse_o2": 0.7683479189872742,
        "mae_temp": 0.1844363510608673,
        "mae_o2": 0.46080678701400757
      },
      "degradation": {
        "rmse_temp": 0.9597562834703401,
        "rmse_o2": 0.9995458491527531,
        "mae_temp": 1.0009994374423976,
        "mae_o2": 0.9999851898215399
      }
    },
    "dropout_current_temp": {
      "metrics": {
        "rmse_temp": 13.123223304748535,
        "rmse_o2": 3.949343681335449,
        "mae_temp": 10.33597183227539,
        "mae_o2": 2.4454400539398193
      },
      "degradation": {
        "rmse_temp": 50.321050599852036,
        "rmse_o2": 5.137711687642227,
        "mae_temp": 56.09686989585729,
        "mae_o2": 5.306787802285282
      }
    },
    "dropout_inflow_temp": {
      "metrics": {
        "rmse_temp": 2.2475059032440186,
        "rmse_o2": 1.7666667699813843,
        "mae_temp": 1.1508228778839111,
        "mae_o2": 1.1866611242294312
      },
      "degradation": {
        "rmse_temp": 8.61807009255761,
        "rmse_o2": 2.2982614947386115,
        "mae_temp": 6.245911105546999,
        "mae_o2": 2.575143385486504
      }
    },
    "dropout_inflow_rate": {
      "metrics": {
        "rmse_temp": 0.44352200627326965,
        "rmse_o2": 1.3257195949554443,
        "mae_temp": 0.3018925189971924,
        "mae_o2": 0.9346629977226257
      },
      "degradation": {
        "rmse_temp": 1.700686851205932,
        "rmse_o2": 1.724632143241519,
        "mae_temp": 1.6384744110694773,
        "mae_o2": 2.0282886049775524
      }
    },
    "spike_frac_0.05": {
      "metrics": {
        "rmse_temp": 5.113020896911621,
        "rmse_o2": 1.565953254699707,
        "mae_temp": 1.1627408266067505,
        "mae_o2": 0.7412109971046448
      },
      "degradation": {
        "rmse_temp": 19.60589843643758,
        "rmse_o2": 2.037152749454197,
        "mae_temp": 6.310593907491462,
        "mae_o2": 1.6084832960912316
      }
    },
    "spike_frac_0.1": {
      "metrics": {
        "rmse_temp": 7.193090915679932,
        "rmse_o2": 2.022247791290283,
        "mae_temp": 2.136094331741333,
        "mae_o2": 0.9926713109016418
      },
      "degradation": {
        "rmse_temp": 27.581934981346546,
        "rmse_o2": 2.6307475243855043,
        "mae_temp": 11.593317760289644,
        "mae_o2": 2.1541709827989153
      }
    },
    "spike_frac_0.2": {
      "metrics": {
        "rmse_temp": 10.011531829833984,
        "rmse_o2": 2.6222307682037354,
        "mae_temp": 3.962308168411255,
        "mae_o2": 1.3965507745742798
      },
      "degradation": {
        "rmse_temp": 38.38925758497247,
        "rmse_o2": 3.41126697308344,
        "mae_temp": 21.50480761921029,
        "mae_o2": 3.0306196235899368
      }
    },
    "temporal_shuffle": {
      "metrics": {
        "rmse_temp": 7.128239631652832,
        "rmse_o2": 0.9913358092308044,
        "mae_temp": 2.9536449909210205,
        "mae_o2": 0.5434765815734863
      },
      "degradation": {
        "rmse_temp": 27.33326248151853,
        "rmse_o2": 1.28963138800347,
        "mae_temp": 16.030446044450137,
        "mae_o2": 1.1793848265776607
      }
    },
    "extrap_shift_1.0sigma": {
      "metrics": {
        "rmse_temp": 9.552186965942383,
        "rmse_o2": 2.5152359008789062,
        "mae_temp": 9.467072486877441,
        "mae_o2": 1.4298919439315796
      },
      "degradation": {
        "rmse_temp": 36.62789792493319,
        "rmse_o2": 3.272077065917239,
        "mae_temp": 51.38105465154911,
        "mae_o2": 3.1029724545555495
      }
    },
    "extrap_shift_2.0sigma": {
      "metrics": {
        "rmse_temp": 14.870383262634277,
        "rmse_o2": 2.6785480976104736,
        "mae_temp": 14.271993637084961,
        "mae_o2": 1.5354679822921753
      },
      "degradation": {
        "rmse_temp": 57.02054222665313,