{
  "experiment": "D1_hidden_64",
  "description": "Smaller CfC backbone (hidden=64)",
  "config": {
    "use_real": true,
    "use_edge": true,
    "scenarios": null,
    "confidence_filter": null,
    "edge_fraction": 1.0,
    "seq_len": 30,
    "stride": 30,
    "hidden_size": 64,
    "epochs": 200,
    "learning_rate": 0.001,
    "batch_size": 64,
    "patience": 20,
    "min_delta": 0.0001,
    "early_stopping": true,
    "test_size": 0.2,
    "val_size": 0.1,
    "seed": 456,
    "experiment": "D1_hidden_64",
    "description": "Smaller CfC backbone (hidden=64)",
    "device": "cpu"
  },
  "data_summary": {
    "real_rows": 470676,
    "real_sequences": 15689,
    "edge_rows": 150000,
    "edge_sequences": 4998,
    "total_sequences": 20687
  },
  "test_metrics": {
    "test_rmse_temp": 0.2673207223415375,
    "test_mae_temp": 0.1766565591096878,
    "test_mape_temp": 0.05688140541315079,
    "test_r2_temp": 0.9995947480201721,
    "test_max_ae_temp": 10.726348876953125,
    "test_rmse_o2": 0.7320720553398132,
    "test_mae_o2": 0.4673643112182617,
    "test_mape_o2": 10.022232055664062,
    "test_r2_o2": 0.9630080461502075,
    "test_max_ae_o2": 10.019963264465332
  },
  "training": {
    "best_val_loss": 0.0187809577381069,
    "best_epoch": 72,
    "final_train_loss": 0.021126817947821726,
    "final_val_loss": 0.01918255639347163,
    "epochs_run": 92
  },
  "wall_time_sec": 1363.4,
  "device": "cpu",
  "robustness": {
    "clean": {
      "metrics": {
        "rmse_temp": 0.2673207223415375,
        "rmse_o2": 0.7320720553398132,
        "mae_temp": 0.1766565591096878,
        "mae_o2": 0.4673643112182617
      }
    },
    "noise_sigma_0.1": {
      "metrics": {
        "rmse_temp": 1.6993621587753296,
        "rmse_o2": 0.8834642767906189,
        "mae_temp": 1.3170441389083862,
        "mae_o2": 0.6113840937614441
      },
      "degradation": {
        "rmse_temp": 6.357016185988643,
        "rmse_o2": 1.2067996180793057,
        "mae_temp": 7.455393366348885,
        "mae_o2": 1.3081531453862432
      }
    },
    "noise_sigma_0.25": {
      "metrics": {
        "rmse_temp": 3.960308074951172,
        "rmse_o2": 1.3581254482269287,
        "mae_temp": 3.0305047035217285,
        "mae_o2": 0.9378944039344788
      },
      "degradation": {
        "rmse_temp": 14.8148188448008,
        "rmse_o2": 1.8551800172136252,
        "mae_temp": 17.154781678047165,
        "mae_o2": 2.006773691148353
      }
    },
    "noise_sigma_0.5": {
      "metrics": {
        "rmse_temp": 7.117066860198975,
        "rmse_o2": 2.1700682640075684,
        "mae_temp": 5.451268672943115,
        "mae_o2": 1.4247859716415405
      },
      "degradation": {
        "rmse_temp": 26.623700541651175,
        "rmse_o2": 2.9642823383010652,
        "mae_temp": 30.8580032375609,
        "mae_o2": 3.048555350594919
      }
    },
    "noise_sigma_1.0": {
      "metrics": {
        "rmse_temp": 11.373800277709961,
        "rmse_o2": 3.0231258869171143,
        "mae_temp": 8.792455673217773,
        "mae_o2": 2.03059458732605
      },
      "degradation": {
        "rmse_temp": 42.547394672899436,
        "rmse_o2": 4.129546900289535,
        "mae_temp": 49.77146457244449,
        "mae_o2": 4.344778877173938
      }
    },
    "noise_sigma_2.0": {
      "metrics": {
        "rmse_temp": 16.175155639648438,
        "rmse_o2": 3.9022316932678223,
        "mae_temp": 12.678811073303223,
        "mae_o2": 2.6476500034332275
      },
      "degradation": {
        "rmse_temp": 60.50842410556763,
        "rmse_o2": 5.330392909829736,
        "mae_temp": 71.77096133425096,
        "mae_o2": 5.665066715367491
      }
    },
    "dropout_fuel_flow": {
      "metrics": {
        "rmse_temp": 2.2916247844696045,
        "rmse_o2": 3.68355655670166,
        "mae_temp": 1.0770363807678223,
        "mae_o2": 1.8743938207626343
      },
      "degradation": {
        "rmse_temp": 8.572566931574244,
        "rmse_o2": 5.031685788077004,
        "mae_temp": 6.096781156589151,
        "mae_o2": 4.010562586340235
      }
    },
    "dropout_air_fuel_ratio": {
      "metrics": {
        "rmse_temp": 0.2630675435066223,
        "rmse_o2": 0.7320814728736877,
        "mae_temp": 0.176061749458313,
        "mae_o2": 0.46746692061424255
      },
      "degradation": {
        "rmse_temp": 0.9840896029396435,
        "rmse_o2": 1.0000128642171298,
        "mae_temp": 0.9966329602796945,
        "mae_o2": 1.000219549061659
      }
    },
    "dropout_current_temp": {
      "metrics": {
        "rmse_temp": 12.536455154418945,
        "rmse_o2": 4.306677341461182,
        "mae_temp": 9.998492240905762,
        "mae_o2": 2.7361655235290527
      },
      "degradation": {
        "rmse_temp": 46.89668292307684,
        "rmse_o2": 5.882859904360245,
        "mae_temp": 56.59847724475149,
        "mae_o2": 5.854459696327237
      }
    },
    "dropout_inflow_temp": {
      "metrics": {
        "rmse_temp": 2.478957176208496,
        "rmse_o2": 1.704783320426941,
        "mae_temp": 1.1726082563400269,
        "mae_o2": 1.1421473026275635
      },
      "degradation": {
        "rmse_temp": 9.273344597061582,
        "rmse_o2": 2.3287097328631328,
        "mae_temp": 6.637784989415212,
        "mae_o2": 2.4438051327675603
      }
    },
    "dropout_inflow_rate": {
      "metrics": {
        "rmse_temp": 0.6060096025466919,
        "rmse_o2": 1.1981892585754395,
        "mae_temp": 0.3673957586288452,
        "mae_o2": 0.8482968211174011
      },
      "degradation": {
        "rmse_temp": 2.2669757781532356,
        "rmse_o2": 1.636709460272,
        "mae_temp": 2.0797176197727567,
        "mae_o2": 1.8150654655383855
      }
    },
    "spike_frac_0.05": {
      "metrics": {
        "rmse_temp": 4.854715347290039,
        "rmse_o2": 1.5124852657318115,
        "mae_temp": 1.2351982593536377,
        "mae_o2": 0.7288959622383118
      },
      "degradation": {
        "rmse_temp": 18.16063979165633,
        "rmse_o2": 2.066033329232525,
        "mae_temp": 6.992088295949944,
        "mae_o2": 1.5595884083196787
      }
    },
    "spike_frac_0.1": {
      "metrics": {
        "rmse_temp": 6.713598251342773,
        "rmse_o2": 1.992708683013916,
        "mae_temp": 2.237475872039795,
        "mae_o2": 0.9662906527519226
      },
      "degradation": {
        "rmse_temp": 25.114395145039545,
        "rmse_o2": 2.7220116769638754,
        "mae_temp": 12.665682402715225,
        "mae_o2": 2.0675319650170283
      }
    },
    "spike_frac_0.2": {
      "metrics": {
        "rmse_temp": 9.69034481048584,
        "rmse_o2": 2.653564929962158,
        "mae_temp": 4.227299690246582,
        "mae_o2": 1.3918390274047852
      },
      "degradation": {
        "rmse_temp": 36.24988263388405,
        "rmse_o2": 3.624731897095056,
        "mae_temp": 23.92948052170432,
        "mae_o2": 2.978060142796801
      }
    },
    "temporal_shuffle": {
      "metrics": {
        "rmse_temp": 7.245594501495361,
        "rmse_o2": 0.9516563415527344,
        "mae_temp": 3.1103169918060303,
        "mae_o2": 0.556433379650116
      },
      "degradation": {
        "rmse_temp": 27.10449993561726,
        "rmse_o2": 1.2999490072203268,
        "mae_temp": 17.606575195856745,
        "mae_o2": 1.1905773853371069
      }
    },
    "extrap_shift_1.0sigma": {
      "metrics": {
        "rmse_temp": 11.538155555725098,
        "rmse_o2": 2.8715829849243164,
        "mae_temp": 11.453109741210938,
        "mae_o2": 1.9562153816223145
      },
      "degradation": {
        "rmse_temp": 43.16221898047837,
        "rmse_o2": 3.922541454736153,
        "mae_temp": 64.83263230605317,
        "mae_o2": 4.1856327808238465
      }
    },
    "extrap_shift_2.0sigma": {
      "metrics": {
        "rmse_temp": 17.84149932861328,
        "rmse_o2": 3.4098238945007324,
        "mae_temp": 17.29710578918457,
        "mae_o2": 2.417489767074585
      },
      "degradation": {
        "rmse_temp": 66.74192397931057,