{
  "experiment": "C4_positive_pressure",
  "description": "Real + S4 positive pressure only",
  "config": {
    "use_real": true,
    "use_edge": true,
    "scenarios": [
      "S4_positive_pressure"
    ],
    "confidence_filter": null,
    "edge_fraction": 1.0,
    "seq_len": 30,
    "stride": 30,
    "hidden_size": 128,
    "epochs": 200,
    "learning_rate": 0.001,
    "batch_size": 64,
    "patience": 20,
    "min_delta": 0.0001,
    "early_stopping": true,
    "test_size": 0.2,
    "val_size": 0.1,
    "seed": 123,
    "experiment": "C4_positive_pressure",
    "description": "Real + S4 positive pressure only",
    "device": "cpu"
  },
  "data_summary": {
    "real_rows": 470676,
    "real_sequences": 15689,
    "edge_rows": 25000,
    "edge_sequences": 833,
    "total_sequences": 16522
  },
  "test_metrics": {
    "test_rmse_temp": 0.4102797210216522,
    "test_mae_temp": 0.30986514687538147,
    "test_mape_temp": 0.09628484398126602,
    "test_r2_temp": 0.9969940781593323,
    "test_max_ae_temp": 4.59832763671875,
    "test_rmse_o2": 0.4703710675239563,
    "test_mae_o2": 0.3097534775733948,
    "test_mape_o2": 8.384281158447266,
    "test_r2_o2": 0.6753658056259155,
    "test_max_ae_o2": 2.9055142402648926
  },
  "training": {
    "best_val_loss": 0.15855037678892797,
    "best_epoch": 114,
    "final_train_loss": 0.10058085787771405,
    "final_val_loss": 0.17149236425757408,
    "epochs_run": 134
  },
  "wall_time_sec": 2003.9,
  "device": "cpu",
  "robustness": {
    "clean": {
      "metrics": {
        "rmse_temp": 0.4102797210216522,
        "rmse_o2": 0.4703710675239563,
        "mae_temp": 0.30986514687538147,
        "mae_o2": 0.3097534775733948
      }
    },
    "noise_sigma_0.1": {
      "metrics": {
        "rmse_temp": 1.0648690462112427,
        "rmse_o2": 0.5803611278533936,
        "mae_temp": 0.8278297781944275,
        "mae_o2": 0.4242105185985565
      },
      "degradation": {
        "rmse_temp": 2.5954708255128334,
        "rmse_o2": 1.233836789555164,
        "mae_temp": 2.6715808039145363,
        "mae_o2": 1.3695101082377408
      }
    },
    "noise_sigma_0.25": {
      "metrics": {
        "rmse_temp": 2.4769415855407715,
        "rmse_o2": 0.8251380920410156,
        "mae_temp": 1.9069485664367676,
        "mae_o2": 0.6384848356246948
      },
      "degradation": {
        "rmse_temp": 6.0372020809920866,
        "rmse_o2": 1.754227989371372,
        "mae_temp": 6.154124094516785,
        "mae_o2": 2.061267691412467
      }
    },
    "noise_sigma_0.5": {
      "metrics": {
        "rmse_temp": 4.421730041503906,
        "rmse_o2": 1.0004186630249023,
        "mae_temp": 3.4316372871398926,
        "mae_o2": 0.7894467711448669
      },
      "degradation": {
        "rmse_temp": 10.777354606981788,
        "rmse_o2": 2.1268711706507126,
        "mae_temp": 11.074615269719233,
        "mae_o2": 2.548629243259459
      }
    },
    "noise_sigma_1.0": {
      "metrics": {
        "rmse_temp": 6.967991352081299,
        "rmse_o2": 1.0901204347610474,
        "mae_temp": 5.461751461029053,
        "mae_o2": 0.8704745173454285
      },
      "degradation": {
        "rmse_temp": 16.983513917602494,
        "rmse_o2": 2.3175754420854697,
        "mae_temp": 17.626220683753136,
        "mae_o2": 2.8102170931694324
      }
    },
    "noise_sigma_2.0": {
      "metrics": {
        "rmse_temp": 9.64987850189209,
        "rmse_o2": 1.1418832540512085,
        "mae_temp": 7.503417491912842,
        "mae_o2": 0.9197779893875122
      },
      "degradation": {
        "rmse_temp": 23.520242428415866,
        "rmse_o2": 2.427622217629386,
        "mae_temp": 24.215106369902557,
        "mae_o2": 2.9693871287355433
      }
    },
    "dropout_fuel_flow": {
      "metrics": {
        "rmse_temp": 0.9061113595962524,
        "rmse_o2": 0.9547322988510132,
        "mae_temp": 0.5776427984237671,
        "mae_o2": 0.6835401654243469
      },
      "degradation": {
        "rmse_temp": 2.2085209508769093,
        "rmse_o2": 2.0297428238448956,
        "mae_temp": 1.8641748007112198,
        "mae_o2": 2.206723136021564
      }
    },
    "dropout_air_fuel_ratio": {
      "metrics": {
        "rmse_temp": 0.9071106314659119,
        "rmse_o2": 0.7417784333229065,
        "mae_temp": 0.5934580564498901,
        "mae_o2": 0.5494850277900696
      },
      "degradation": {
        "rmse_temp": 2.2109565376691864,
        "rmse_o2": 1.5770069303531882,
        "mae_temp": 1.9152139646365627,
        "mae_o2": 1.7739430468859592
      }
    },
    "dropout_current_temp": {
      "metrics": {
        "rmse_temp": 7.321300029754639,
        "rmse_o2": 1.1007311344146729,
        "mae_temp": 4.79500150680542,
        "mae_o2": 0.8611764907836914
      },
      "degradation": {
        "rmse_temp": 17.844654889409615,
        "rmse_o2": 2.3401335890171686,
        "mae_temp": 15.474478350202537,
        "mae_o2": 2.780199588169722
      }
    },
    "dropout_inflow_temp": {
      "metrics": {
        "rmse_temp": 1.6398757696151733,
        "rmse_o2": 1.0840398073196411,
        "mae_temp": 0.7816546559333801,
        "mae_o2": 0.8137263059616089
      },
      "degradation": {
        "rmse_temp": 3.996970080635865,
        "rmse_o2": 2.304648143062988,
        "mae_temp": 2.522563972797297,
        "mae_o2": 2.6270126564399905
      }
    },
    "dropout_inflow_rate": {
      "metrics": {
        "rmse_temp": 1.1986790895462036,
        "rmse_o2": 1.1072392463684082,
        "mae_temp": 0.6417837738990784,
        "mae_o2": 0.8205360770225525
      },
      "degradation": {
        "rmse_temp": 2.9216142746741904,
        "rmse_o2": 2.3539697120338205,
        "mae_temp": 2.0711712187404694,
        "mae_o2": 2.6489971426652668
      }
    },
    "spike_frac_0.05": {
      "metrics": {
        "rmse_temp": 2.6305975914001465,
        "rmse_o2": 0.5946542620658875,
        "mae_temp": 0.8266996145248413,
        "mae_o2": 0.40495428442955017
      },
      "degradation": {
        "rmse_temp": 6.41171731532234,
        "rmse_o2": 1.2642237227645838,
        "mae_temp": 2.6679335280560457,
        "mae_o2": 1.3073437870720852
      }
    },
    "spike_frac_0.1": {
      "metrics": {
        "rmse_temp": 3.6880669593811035,
        "rmse_o2": 0.6849084496498108,
        "mae_temp": 1.33132803440094,
        "mae_o2": 0.48167484998703003
      },
      "degradation": {
        "rmse_temp": 8.989152449936633,
        "rmse_o2": 1.456102419851595,
        "mae_temp": 4.296475572763788,
        "mae_o2": 1.5550264480013762
      }
    },
    "spike_frac_0.2": {
      "metrics": {
        "rmse_temp": 5.236156940460205,
        "rmse_o2": 0.8136192560195923,
        "mae_temp": 2.2942090034484863,
        "mae_o2": 0.5981364250183105
      },
      "degradation": {
        "rmse_temp": 12.76240738250836,
        "rmse_o2": 1.7297391616846292,
        "mae_temp": 7.403894973612985,
        "mae_o2": 1.9310079412315384
      }
    },
    "temporal_shuffle": {
      "metrics": {
        "rmse_temp": 3.2807250022888184,
        "rmse_o2": 0.46724751591682434,
        "mae_temp": 0.9398424625396729,
        "mae_o2": 0.3090229630470276
      },
      "degradation": {
        "rmse_temp": 7.996312842661021,
        "rmse_o2": 0.9933593883153264,
        "mae_temp": 3.0330692948750686,
        "mae_o2": 0.9976416260695763
      }
    },
    "extrap_shift_1.0sigma": {
      "metrics": {
        "rmse_temp": 5.219855785369873,
        "rmse_o2": 0.8827608227729797,
        "mae_temp": 4.884230613708496,
        "mae_o2": 0.6823210716247559
      },
      "degradation": {
        "rmse_temp": 12.72267557453662,
        "rmse_o2": 1.8767328258939313,
        "mae_temp": 15.76243944490081,
        "mae_o2": 2.2027874455843124
      }
    },
    "extrap_shift_2.0sigma": {
      "metrics": {
        "rmse_temp": 7.034834861755371,
        "rmse_o2": 0.8208816647529602,
        "mae_temp": 5.99301290512085,
        "mae_o2": 0.633598268032074
      },