{
  "experiment": "C2_air_leak",
  "description": "Real + S2 air leak only",
  "config": {
    "use_real": true,
    "use_edge": true,
    "scenarios": [
      "S2_air_leak"
    ],
    "confidence_filter": null,
    "edge_fraction": 1.0,
    "seq_len": 30,
    "stride": 30,
    "hidden_size": 128,
    "epochs": 200,
    "learning_rate": 0.001,
    "batch_size": 64,
    "patience": 20,
    "min_delta": 0.0001,
    "early_stopping": true,
    "test_size": 0.2,
    "val_size": 0.1,
    "seed": 123,
    "experiment": "C2_air_leak",
    "description": "Real + S2 air leak only",
    "device": "cpu"
  },
  "data_summary": {
    "real_rows": 470676,
    "real_sequences": 15689,
    "edge_rows": 25000,
    "edge_sequences": 833,
    "total_sequences": 16522
  },
  "test_metrics": {
    "test_rmse_temp": 0.1746520698070526,
    "test_mae_temp": 0.13131995499134064,
    "test_mape_temp": 0.0410274937748909,
    "test_r2_temp": 0.9995287656784058,
    "test_max_ae_temp": 2.4610595703125,
    "test_rmse_o2": 0.5026596784591675,
    "test_mae_o2": 0.3567968010902405,
    "test_mape_o2": 9.599477767944336,
    "test_r2_o2": 0.9561225175857544,
    "test_max_ae_o2": 3.170011281967163
  },
  "training": {
    "best_val_loss": 0.019402224821253464,
    "best_epoch": 53,
    "final_train_loss": 0.017096557658939547,
    "final_val_loss": 0.020996969049939744,
    "epochs_run": 73
  },
  "wall_time_sec": 1074.5,
  "device": "cpu",
  "robustness": {
    "clean": {
      "metrics": {
        "rmse_temp": 0.1746520698070526,
        "rmse_o2": 0.5026596784591675,
        "mae_temp": 0.13131995499134064,
        "mae_o2": 0.3567968010902405
      }
    },
    "noise_sigma_0.1": {
      "metrics": {
        "rmse_temp": 1.1140074729919434,
        "rmse_o2": 0.6017937660217285,
        "mae_temp": 0.8774587512016296,
        "mae_o2": 0.4520018398761749
      },
      "degradation": {
        "rmse_temp": 6.378438424592657,
        "rmse_o2": 1.1972190963604692,
        "mae_temp": 6.681838653230502,
        "mae_o2": 1.266832657958319
      }
    },
    "noise_sigma_0.25": {
      "metrics": {
        "rmse_temp": 2.6297576427459717,
        "rmse_o2": 0.9995447397232056,
        "mae_temp": 2.084313154220581,
        "mae_o2": 0.7463703155517578
      },
      "degradation": {
        "rmse_temp": 15.057122687702494,
        "rmse_o2": 1.9885118750466904,
        "mae_temp": 15.872021539742551,
        "mae_o2": 2.091863809516014
      }
    },
    "noise_sigma_0.5": {
      "metrics": {
        "rmse_temp": 4.5948166847229,
        "rmse_o2": 1.6548817157745361,
        "mae_temp": 3.678262710571289,
        "mae_o2": 1.163282871246338
      },
      "degradation": {
        "rmse_temp": 26.30840098144292,
        "rmse_o2": 3.292250774614234,
        "mae_temp": 28.009929723276535,
        "mae_o2": 3.260351179415766
      }
    },
    "noise_sigma_1.0": {
      "metrics": {
        "rmse_temp": 7.26185417175293,
        "rmse_o2": 2.6636626720428467,
        "mae_temp": 5.792457103729248,
        "mae_o2": 1.8162798881530762
      },
      "degradation": {
        "rmse_temp": 41.57897573029329,
        "rmse_o2": 5.299137341208529,
        "mae_temp": 44.10949656593477,
        "mae_o2": 5.090516177844615
      }
    },
    "noise_sigma_2.0": {
      "metrics": {
        "rmse_temp": 10.224152565002441,
        "rmse_o2": 3.7239973545074463,
        "mae_temp": 7.974137783050537,
        "mae_o2": 2.546844959259033
      },
      "degradation": {
        "rmse_temp": 58.540116795052036,
        "rmse_o2": 7.408585796901069,
        "mae_temp": 60.72297072883066,
        "mae_o2": 7.138082380438409
      }
    },
    "dropout_fuel_flow": {
      "metrics": {
        "rmse_temp": 0.528201162815094,
        "rmse_o2": 1.3631563186645508,
        "mae_temp": 0.2788480520248413,
        "mae_o2": 0.8043010234832764
      },
      "degradation": {
        "rmse_temp": 3.0243051994667214,
        "rmse_o2": 2.711887141700155,
        "mae_temp": 2.123424821789109,
        "mae_o2": 2.254227114776889
      }
    },
    "dropout_air_fuel_ratio": {
      "metrics": {
        "rmse_temp": 0.6939651370048523,
        "rmse_o2": 0.76735520362854,
        "mae_temp": 0.34994077682495117,
        "mae_o2": 0.5748201608657837
      },
      "degradation": {
        "rmse_temp": 3.9734149029640036,
        "rmse_o2": 1.5265899305485562,
        "mae_temp": 2.6647951322251564,
        "mae_o2": 1.6110574957772703
      }
    },
    "dropout_current_temp": {
      "metrics": {
        "rmse_temp": 7.771780014038086,
        "rmse_o2": 2.6283228397369385,
        "mae_temp": 5.1255645751953125,
        "mae_o2": 1.458431363105774
      },
      "degradation": {
        "rmse_temp": 44.4986424874551,
        "rmse_o2": 5.228831657621101,
        "mae_temp": 39.03111736166295,
        "mae_o2": 4.08756849458667
      }
    },
    "dropout_inflow_temp": {
      "metrics": {
        "rmse_temp": 1.2666114568710327,
        "rmse_o2": 2.4195051193237305,
        "mae_temp": 0.5191164016723633,
        "mae_o2": 1.3818268775939941
      },
      "degradation": {
        "rmse_temp": 7.252198375148519,
        "rmse_o2": 4.813406014065785,
        "mae_temp": 3.9530656380943348,
        "mae_o2": 3.8728678995205024
      }
    },
    "dropout_inflow_rate": {
      "metrics": {
        "rmse_temp": 0.4035380780696869,
        "rmse_o2": 0.8906779885292053,
        "mae_temp": 0.24066700041294098,
        "mae_o2": 0.6745785474777222
      },
      "degradation": {
        "rmse_temp": 2.3105255982107558,
        "rmse_o2": 1.7719304465785943,
        "mae_temp": 1.8326765374600593,
        "mae_o2": 1.8906518932245382
      }
    },
    "spike_frac_0.05": {
      "metrics": {
        "rmse_temp": 3.015563726425171,
        "rmse_o2": 1.2270283699035645,
        "mae_temp": 0.7580525875091553,
        "mae_o2": 0.5818222165107727
      },
      "degradation": {
        "rmse_temp": 17.266120749422686,
        "rmse_o2": 2.4410718075992235,
        "mae_temp": 5.772562041763889,
        "mae_o2": 1.630682267141793
      }
    },
    "spike_frac_0.1": {
      "metrics": {
        "rmse_temp": 4.35693883895874,
        "rmse_o2": 1.6662054061889648,
        "mae_temp": 1.3920243978500366,
        "mae_o2": 0.7924031019210815
      },
      "degradation": {
        "rmse_temp": 24.946391095004376,
        "rmse_o2": 3.314778323370761,
        "mae_temp": 10.60025034231719,
        "mae_o2": 2.2208806230879525
      }
    },
    "spike_frac_0.2": {
      "metrics": {
        "rmse_temp": 6.029615879058838,
        "rmse_o2": 2.229682445526123,
        "mae_temp": 2.519158124923706,
        "mae_o2": 1.13960862159729
      },
      "degradation": {
        "rmse_temp": 34.52358672714313,
        "rmse_o2": 4.4357694501395075,
        "mae_temp": 19.18336116616718,
        "mae_o2": 3.1939989879815713
      }
    },
    "temporal_shuffle": {
      "metrics": {
        "rmse_temp": 3.009455919265747,
        "rmse_o2": 0.5370360016822815,
        "mae_temp": 0.7939500212669373,
        "mae_o2": 0.3800602853298187
      },
      "degradation": {
        "rmse_temp": 17.23114946527947,
        "rmse_o2": 1.0683888616817043,
        "mae_temp": 6.045920601475161,
        "mae_o2": 1.0652009327675964
      }
    },
    "extrap_shift_1.0sigma": {
      "metrics": {
        "rmse_temp": 7.427918910980225,
        "rmse_o2": 0.9308826327323914,
        "mae_temp": 7.38571834564209,
        "mae_o2": 0.7222880721092224
      },
      "degradation": {
        "rmse_temp": 42.52980751494236,
        "rmse_o2": 1.85191427246737,
        "mae_temp": 56.242163242662635,
        "mae_o2": 2.0243681274668783
      }
    },
    "extrap_shift_2.0sigma": {
      "metrics": {
        "rmse_temp": 11.675651550292969,
        "rmse_o2": 1.0936781167984009,
        "mae_temp": 11.516071319580078,
        "mae_o2": 0.8014540076255798
      },
      "degradation": {
        "rmse_temp": 66.85092002168471,