{
  "experiment": "A1_real_only",
  "description": "Real data only \u2014 no edge cases",
  "config": {
    "use_real": true,
    "use_edge": false,
    "scenarios": null,
    "confidence_filter": null,
    "edge_fraction": 1.0,
    "seq_len": 30,
    "stride": 30,
    "hidden_size": 128,
    "epochs": 200,
    "learning_rate": 0.001,
    "batch_size": 64,
    "patience": 20,
    "min_delta": 0.0001,
    "early_stopping": true,
    "test_size": 0.2,
    "val_size": 0.1,
    "seed": 123,
    "experiment": "A1_real_only",
    "description": "Real data only \u2014 no edge cases",
    "device": "cpu"
  },
  "data_summary": {
    "real_rows": 470676,
    "real_sequences": 15689,
    "total_sequences": 15689
  },
  "test_metrics": {
    "test_rmse_temp": 0.20029036700725555,
    "test_mae_temp": 0.1491512954235077,
    "test_mape_temp": 0.046260710805654526,
    "test_r2_temp": 0.9985361695289612,
    "test_max_ae_temp": 1.6912841796875,
    "test_rmse_o2": 0.4417189061641693,
    "test_mae_o2": 0.2864396870136261,
    "test_mape_o2": 8.086945533752441,
    "test_r2_o2": 0.6922597885131836,
    "test_max_ae_o2": 4.034543514251709
  },
  "training": {
    "best_val_loss": 0.158084137737751,
    "best_epoch": 97,
    "final_train_loss": 0.11533258985822575,
    "final_val_loss": 0.16729110062122346,
    "epochs_run": 117
  },
  "wall_time_sec": 1591.7,
  "device": "cpu",
  "robustness": {
    "clean": {
      "metrics": {
        "rmse_temp": 0.20029036700725555,
        "rmse_o2": 0.4417189061641693,
        "mae_temp": 0.1491512954235077,
        "mae_o2": 0.2864396870136261
      }
    },
    "noise_sigma_0.1": {
      "metrics": {
        "rmse_temp": 0.6981815099716187,
        "rmse_o2": 0.559013843536377,
        "mae_temp": 0.5482607483863831,
        "mae_o2": 0.3949984014034271
      },
      "degradation": {
        "rmse_temp": 3.485846675523476,
        "rmse_o2": 1.2655420352974744,
        "mae_temp": 3.6758698396123473,
        "mae_o2": 1.378993272620902
      }
    },
    "noise_sigma_0.25": {
      "metrics": {
        "rmse_temp": 1.60165536403656,
        "rmse_o2": 0.783509373664856,
        "mae_temp": 1.2599546909332275,
        "mae_o2": 0.6012807488441467
      },
      "degradation": {
        "rmse_temp": 7.996666978889403,
        "rmse_o2": 1.7737736889479137,
        "mae_temp": 8.447494119012838,
        "mae_o2": 2.099153071674539
      }
    },
    "noise_sigma_0.5": {
      "metrics": {
        "rmse_temp": 2.7764534950256348,
        "rmse_o2": 0.9824708104133606,
        "mae_temp": 2.1908843517303467,
        "mae_o2": 0.7724085450172424
      },
      "degradation": {
        "rmse_temp": 13.86214193179374,
        "rmse_o2": 2.224199138191779,
        "mae_temp": 14.6890065252832,
        "mae_o2": 2.6965835393490654
      }
    },
    "noise_sigma_1.0": {
      "metrics": {
        "rmse_temp": 4.311956405639648,
        "rmse_o2": 1.1661466360092163,
        "mae_temp": 3.4056832790374756,
        "mae_o2": 0.9216087460517883
      },
      "degradation": {
        "rmse_temp": 21.528526159640254,
        "rmse_o2": 2.6400197495187268,
        "mae_temp": 22.83374924345918,
        "mae_o2": 3.217461782828812
      }
    },
    "noise_sigma_2.0": {
      "metrics": {
        "rmse_temp": 5.87124490737915,
        "rmse_o2": 1.2698721885681152,
        "mae_temp": 4.6308512687683105,
        "mae_o2": 1.003257155418396
      },
      "degradation": {
        "rmse_temp": 29.313665929657333,
        "rmse_o2": 2.8748422828344014,
        "mae_temp": 31.04801239318263,
        "mae_o2": 3.5025075117145708
      }
    },
    "dropout_fuel_flow": {
      "metrics": {
        "rmse_temp": 0.4371561110019684,
        "rmse_o2": 0.9354645609855652,
        "mae_temp": 0.31929200887680054,
        "mae_o2": 0.6877610683441162
      },
      "degradation": {
        "rmse_temp": 2.182611762782043,
        "rmse_o2": 2.1177824809651464,
        "mae_temp": 2.1407256837440585,
        "mae_o2": 2.4010676576091883
      }
    },
    "dropout_air_fuel_ratio": {
      "metrics": {
        "rmse_temp": 0.7207136750221252,
        "rmse_o2": 0.8752012848854065,
        "mae_temp": 0.39311447739601135,
        "mae_o2": 0.6148979663848877
      },
      "degradation": {
        "rmse_temp": 3.598344172967726,
        "rmse_o2": 1.9813534640967554,
        "mae_temp": 2.6356759173950337,
        "mae_o2": 2.146692634654487
      }
    },
    "dropout_current_temp": {
      "metrics": {
        "rmse_temp": 4.919011116027832,
        "rmse_o2": 1.0001275539398193,
        "mae_temp": 3.6003997325897217,
        "mae_o2": 0.7519674897193909
      },
      "degradation": {
        "rmse_temp": 24.559399383644045,
        "rmse_o2": 2.264171942796833,
        "mae_temp": 24.139245471295208,
        "mae_o2": 2.6252210284101425
      }
    },
    "dropout_inflow_temp": {
      "metrics": {
        "rmse_temp": 1.8873693943023682,
        "rmse_o2": 1.061725378036499,
        "mae_temp": 0.8350025415420532,
        "mae_o2": 0.8016951084136963
      },
      "degradation": {
        "rmse_temp": 9.42316608883141,
        "rmse_o2": 2.4036222204215503,
        "mae_temp": 5.59835929799406,
        "mae_o2": 2.7988269250397524
      }
    },
    "dropout_inflow_rate": {
      "metrics": {
        "rmse_temp": 0.6186500787734985,
        "rmse_o2": 1.0243651866912842,
        "mae_temp": 0.33537736535072327,
        "mae_o2": 0.7766171097755432
      },
      "degradation": {
        "rmse_temp": 3.088766015147837,
        "rmse_o2": 2.319043111798725,
        "mae_temp": 2.2485715889924784,
        "mae_o2": 2.7112762127079097
      }
    },
    "spike_frac_0.05": {
      "metrics": {
        "rmse_temp": 1.5859051942825317,
        "rmse_o2": 0.5985279679298401,
        "mae_temp": 0.4788195788860321,
        "mae_o2": 0.3931829333305359
      },
      "degradation": {
        "rmse_temp": 7.918030297608282,
        "rmse_o2": 1.3549973967095514,
        "mae_temp": 3.210294469963856,
        "mae_o2": 1.372655226061017
      }
    },
    "spike_frac_0.1": {
      "metrics": {
        "rmse_temp": 2.291337490081787,
        "rmse_o2": 0.7144835591316223,
        "mae_temp": 0.8127449154853821,
        "mae_o2": 0.4825659692287445
      },
      "degradation": {
        "rmse_temp": 11.44007834385157,
        "rmse_o2": 1.6175073087455243,
        "mae_temp": 5.4491307848023265,
        "mae_o2": 1.6847035906926842
      }
    },
    "spike_frac_0.2": {
      "metrics": {
        "rmse_temp": 3.171302318572998,
        "rmse_o2": 0.8750991225242615,
        "mae_temp": 1.4184417724609375,
        "mae_o2": 0.6245337724685669
      },
      "degradation": {
        "rmse_temp": 15.833523928078463,
        "rmse_o2": 1.9811221804461818,
        "mae_temp": 9.51008684459188,
        "mae_o2": 2.1803325474198605
      }
    },
    "temporal_shuffle": {
      "metrics": {
        "rmse_temp": 0.4371299147605896,
        "rmse_o2": 0.45024579763412476,
        "mae_temp": 0.2913306653499603,
        "mae_o2": 0.2899506688117981
      },
      "degradation": {
        "rmse_temp": 2.182480971462569,
        "rmse_o2": 1.019303886138816,
        "mae_temp": 1.953256017808906,
        "mae_o2": 1.012257316137917
      }
    },
    "extrap_shift_1.0sigma": {
      "metrics": {
        "rmse_temp": 4.493862628936768,
        "rmse_o2": 0.8679193258285522,
        "mae_temp": 4.429831504821777,
        "mae_o2": 0.6843724846839905
      },
      "degradation": {
        "rmse_temp": 22.436738701337426,
        "rmse_o2": 1.9648679595026917,
        "mae_temp": 29.70025498098083,
        "mae_o2": 2.389237650058717
      }
    },
    "extrap_shift_2.0sigma": {
      "metrics": {
        "rmse_temp": 7.302430629730225,
        "rmse_o2": 0.8152139782905579,
        "mae_temp": 7.039526462554932,
        "mae_o2": 0.6414687633514404
      },
      "degradation": {
        "rmse_temp": 36.45922037511516,
        "rmse_o2": 1.8455492099484085,