{
  "experiment": "D2_hidden_256",
  "description": "Larger CfC backbone (hidden=256)",
  "config": {
    "use_real": true,
    "use_edge": true,
    "scenarios": null,
    "confidence_filter": null,
    "edge_fraction": 1.0,
    "seq_len": 30,
    "stride": 30,
    "hidden_size": 256,
    "epochs": 200,
    "learning_rate": 0.001,
    "batch_size": 64,
    "patience": 20,
    "min_delta": 0.0001,
    "early_stopping": true,
    "test_size": 0.2,
    "val_size": 0.1,
    "seed": 42,
    "experiment": "D2_hidden_256",
    "description": "Larger CfC backbone (hidden=256)",
    "device": "cpu"
  },
  "data_summary": {
    "real_rows": 470676,
    "real_sequences": 15689,
    "edge_rows": 150000,
    "edge_sequences": 4998,
    "total_sequences": 20687
  },
  "test_metrics": {
    "test_rmse_temp": 0.2987632751464844,
    "test_mae_temp": 0.22624090313911438,
    "test_mape_temp": 0.07196304202079773,
    "test_r2_temp": 0.9994723796844482,
    "test_max_ae_temp": 10.529571533203125,
    "test_rmse_o2": 0.7258213758468628,
    "test_mae_o2": 0.44553321599960327,
    "test_mape_o2": 9.54367446899414,
    "test_r2_o2": 0.9605208039283752,
    "test_max_ae_o2": 10.205334663391113
  },
  "training": {
    "best_val_loss": 0.019350867295129734,
    "best_epoch": 105,
    "final_train_loss": 0.01664597641777348,
    "final_val_loss": 0.020534868916553078,
    "epochs_run": 125
  },
  "wall_time_sec": 3388.6,
  "device": "cpu",
  "robustness": {
    "clean": {
      "metrics": {
        "rmse_temp": 0.2987632751464844,
        "rmse_o2": 0.7258213758468628,
        "mae_temp": 0.22624090313911438,
        "mae_o2": 0.44553321599960327
      }
    },
    "noise_sigma_0.1": {
      "metrics": {
        "rmse_temp": 1.3196734189987183,
        "rmse_o2": 0.911589503288269,
        "mae_temp": 1.0466243028640747,
        "mae_o2": 0.6396188139915466
      },
      "degradation": {
        "rmse_temp": 4.417120606110905,
        "rmse_o2": 1.255941935058965,
        "mae_temp": 4.626149773723768,
        "mae_o2": 1.4356254281883132
      }
    },
    "noise_sigma_0.25": {
      "metrics": {
        "rmse_temp": 3.270660877227783,
        "rmse_o2": 1.5083630084991455,
        "mae_temp": 2.575031042098999,
        "mae_o2": 1.0355509519577026
      },
      "degradation": {
        "rmse_temp": 10.947332384223497,
        "rmse_o2": 2.0781463025103672,
        "mae_temp": 11.381810302072678,
        "mae_o2": 2.3242957309800776
      }
    },
    "noise_sigma_0.5": {
      "metrics": {
        "rmse_temp": 6.3392510414123535,
        "rmse_o2": 2.4622530937194824,
        "mae_temp": 4.954253673553467,
        "mae_o2": 1.6433541774749756
      },
      "degradation": {
        "rmse_temp": 21.218307498818934,
        "rmse_o2": 3.3923678409810023,
        "mae_temp": 21.898134266672024,
        "mae_o2": 3.6885110210872334
      }
    },
    "noise_sigma_1.0": {
      "metrics": {
        "rmse_temp": 11.181112289428711,
        "rmse_o2": 3.2889671325683594,
        "mae_temp": 8.79769229888916,
        "mae_o2": 2.255448341369629
      },
      "degradation": {
        "rmse_temp": 37.4246542984461,
        "rmse_o2": 4.531372651750451,
        "mae_temp": 38.88639135019499,
        "mae_o2": 5.062357329092243
      }
    },
    "noise_sigma_2.0": {
      "metrics": {
        "rmse_temp": 16.99464988708496,
        "rmse_o2": 4.085447788238525,
        "mae_temp": 13.509387969970703,
        "mae_o2": 2.8818812370300293
      },
      "degradation": {
        "rmse_temp": 56.8833297156501,
        "rmse_o2": 5.62872343553091,
        "mae_temp": 59.71240294096532,
        "mae_o2": 6.468386942967223
      }
    },
    "dropout_fuel_flow": {
      "metrics": {
        "rmse_temp": 1.4547300338745117,
        "rmse_o2": 3.4103758335113525,
        "mae_temp": 0.6822575330734253,
        "mae_o2": 1.7653230428695679
      },
      "degradation": {
        "rmse_temp": 4.8691728699293915,
        "rmse_o2": 4.698643422470503,
        "mae_temp": 3.0156241581740355,
        "mae_o2": 3.962270330190465
      }
    },
    "dropout_air_fuel_ratio": {
      "metrics": {
        "rmse_temp": 0.29042360186576843,
        "rmse_o2": 0.7251682281494141,
        "mae_temp": 0.22412347793579102,
        "mae_o2": 0.44546109437942505
      },
      "degradation": {
        "rmse_temp": 0.9720860160050563,
        "rmse_o2": 0.9991001261203052,
        "mae_temp": 0.9906408382660081,
        "mae_o2": 0.999838122910732
      }
    },
    "dropout_current_temp": {
      "metrics": {
        "rmse_temp": 12.351560592651367,
        "rmse_o2": 3.6943001747131348,
        "mae_temp": 9.69042682647705,
        "mae_o2": 2.1648285388946533
      },
      "degradation": {
        "rmse_temp": 41.34229880361087,
        "rmse_o2": 5.089820026866466,
        "mae_temp": 42.832337972583396,
        "mae_o2": 4.8589610407332255
      }
    },
    "dropout_inflow_temp": {
      "metrics": {
        "rmse_temp": 1.806682825088501,
        "rmse_o2": 1.822610855102539,
        "mae_temp": 0.7999826073646545,
        "mae_o2": 1.1654592752456665
      },
      "degradation": {
        "rmse_temp": 6.047205180096784,
        "rmse_o2": 2.511101099738184,
        "mae_temp": 3.535976900130872,
        "mae_o2": 2.615875165740065
      }
    },
    "dropout_inflow_rate": {
      "metrics": {
        "rmse_temp": 0.4427441358566284,
        "rmse_o2": 1.2451870441436768,
        "mae_temp": 0.26863476634025574,
        "mae_o2": 0.8871333003044128
      },
      "degradation": {
        "rmse_temp": 1.481922889081832,
        "rmse_o2": 1.715555762863606,
        "mae_temp": 1.1873837251041806,
        "mae_o2": 1.9911720797607215
      }
    },
    "spike_frac_0.05": {
      "metrics": {
        "rmse_temp": 5.123239040374756,
        "rmse_o2": 1.6043453216552734,
        "mae_temp": 1.207401156425476,
        "mae_o2": 0.7758309841156006
      },
      "degradation": {
        "rmse_temp": 17.14815530075716,
        "rmse_o2": 2.2103858814896156,
        "mae_temp": 5.336794274035634,
        "mae_o2": 1.741353857029352
      }
    },
    "spike_frac_0.1": {
      "metrics": {
        "rmse_temp": 7.269199848175049,
        "rmse_o2": 2.087231397628784,
        "mae_temp": 2.1941463947296143,
        "mae_o2": 1.0455013513565063
      },
      "degradation": {
        "rmse_temp": 24.330968538924143,
        "rmse_o2": 2.8756819061624856,
        "mae_temp": 9.698274557277756,
        "mae_o2": 2.346629417990324
      }
    },
    "spike_frac_0.2": {
      "metrics": {
        "rmse_temp": 10.328594207763672,
        "rmse_o2": 2.76020884513855,
        "mae_temp": 4.146451950073242,
        "mae_o2": 1.5048694610595703
      },
      "degradation": {
        "rmse_temp": 34.57116408534328,
        "rmse_o2": 3.802876213060046,
        "mae_temp": 18.327596347702034,
        "mae_o2": 3.377681858541632
      }
    },
    "temporal_shuffle": {
      "metrics": {
        "rmse_temp": 7.259653568267822,
        "rmse_o2": 0.9309718608856201,
        "mae_temp": 3.0578370094299316,
        "mae_o2": 0.5250409245491028
      },
      "degradation": {
        "rmse_temp": 24.299015883757452,
        "rmse_o2": 1.2826459675418005,
        "mae_temp": 13.515845132344097,
        "mae_o2": 1.1784551761670903
      }
    },
    "extrap_shift_1.0sigma": {
      "metrics": {
        "rmse_temp": 11.654376983642578,
        "rmse_o2": 2.611301898956299,
        "mae_temp": 11.635934829711914,
        "mae_o2": 1.6969585418701172
      },
      "degradation": {
        "rmse_temp": 39.008733512940665,
        "rmse_o2": 3.5977197501375926,
        "mae_temp": 51.43161412574912,
        "mae_o2": 3.8088261007943083
      }
    },
    "extrap_shift_2.0sigma": {
      "metrics": {
        "rmse_temp": 19.666955947875977,
        "rmse_o2": 2.8955483436584473,
        "mae_temp": 19.46244239807129,
        "mae_o2": 1.8847737312316895
      },
      "degradation": {
        "rmse_temp": 65.82788978408816,