{
  "experiment": "E2_seq60",
  "description": "Longer sequences (60 timesteps)",
  "config": {
    "use_real": true,
    "use_edge": true,
    "scenarios": null,
    "confidence_filter": null,
    "edge_fraction": 1.0,
    "seq_len": 60,
    "stride": 60,
    "hidden_size": 128,
    "epochs": 200,
    "learning_rate": 0.001,
    "batch_size": 64,
    "patience": 20,
    "min_delta": 0.0001,
    "early_stopping": true,
    "test_size": 0.2,
    "val_size": 0.1,
    "seed": 456,
    "experiment": "E2_seq60",
    "description": "Longer sequences (60 timesteps)",
    "device": "cpu"
  },
  "data_summary": {
    "real_rows": 470676,
    "real_sequences": 7844,
    "edge_rows": 150000,
    "edge_sequences": 2496,
    "total_sequences": 10340
  },
  "test_metrics": {
    "test_rmse_temp": 0.21578983962535858,
    "test_mae_temp": 0.15546517074108124,
    "test_mape_temp": 0.049854423850774765,
    "test_r2_temp": 0.999747097492218,
    "test_max_ae_temp": 3.6409912109375,
    "test_rmse_o2": 0.7375008463859558,
    "test_mae_o2": 0.4693182408809662,
    "test_mape_o2": 9.78093433380127,
    "test_r2_o2": 0.9615896344184875,
    "test_max_ae_o2": 9.785845756530762
  },
  "training": {
    "best_val_loss": 0.018037546809543583,
    "best_epoch": 117,
    "final_train_loss": 0.017370069334999873,
    "final_val_loss": 0.01869242139818037,
    "epochs_run": 137
  },
  "wall_time_sec": 2572.2,
  "device": "cpu",
  "robustness": {
    "clean": {
      "metrics": {
        "rmse_temp": 0.21578983962535858,
        "rmse_o2": 0.7375008463859558,
        "mae_temp": 0.15546517074108124,
        "mae_o2": 0.4693182408809662
      }
    },
    "noise_sigma_0.1": {
      "metrics": {
        "rmse_temp": 1.5203123092651367,
        "rmse_o2": 0.8544129133224487,
        "mae_temp": 1.1939740180969238,
        "mae_o2": 0.5931856632232666
      },
      "degradation": {
        "rmse_temp": 7.045337778204072,
        "rmse_o2": 1.1585246545945107,
        "mae_temp": 7.6800096922379,
        "mae_o2": 1.2639305519209876
      }
    },
    "noise_sigma_0.25": {
      "metrics": {
        "rmse_temp": 3.647073745727539,
        "rmse_o2": 1.27633535861969,
        "mae_temp": 2.8568458557128906,
        "mae_o2": 0.9088199734687805
      },
      "degradation": {
        "rmse_temp": 16.90104479459909,
        "rmse_o2": 1.7306222289428346,
        "mae_temp": 18.376114997942604,
        "mae_o2": 1.9364684649009536
      }
    },
    "noise_sigma_0.5": {
      "metrics": {
        "rmse_temp": 6.737870693206787,
        "rmse_o2": 2.0827815532684326,
        "mae_temp": 5.260379791259766,
        "mae_o2": 1.4194120168685913
      },
      "degradation": {
        "rmse_temp": 31.224225871360186,
        "rmse_o2": 2.8241073396388376,
        "mae_temp": 33.83638770140124,
        "mae_o2": 3.0244126335345203
      }
    },
    "noise_sigma_1.0": {
      "metrics": {
        "rmse_temp": 11.305746078491211,
        "rmse_o2": 3.012010097503662,
        "mae_temp": 8.838481903076172,
        "mae_o2": 2.1079962253570557
      },
      "degradation": {
        "rmse_temp": 52.39239297883335,
        "rmse_o2": 4.084076801082597,
        "mae_temp": 56.85184572817394,
        "mae_o2": 4.491613667945435
      }
    },
    "noise_sigma_2.0": {
      "metrics": {
        "rmse_temp": 16.520742416381836,
        "rmse_o2": 3.808288812637329,
        "mae_temp": 13.001062393188477,
        "mae_o2": 2.747300624847412
      },
      "degradation": {
        "rmse_temp": 76.55940819578976,
        "rmse_o2": 5.16377551469865,
        "mae_temp": 83.62684922426153,
        "mae_o2": 5.853811732717658
      }
    },
    "dropout_fuel_flow": {
      "metrics": {
        "rmse_temp": 1.7451610565185547,
        "rmse_o2": 3.562122106552124,
        "mae_temp": 0.7570886611938477,
        "mae_o2": 1.8609613180160522
      },
      "degradation": {
        "rmse_temp": 8.087318010655178,
        "rmse_o2": 4.829990533580976,
        "mae_temp": 4.869828126678853,
        "mae_o2": 3.9652439558343318
      }
    },
    "dropout_air_fuel_ratio": {
      "metrics": {
        "rmse_temp": 0.2146546095609665,
        "rmse_o2": 0.7375044822692871,
        "mae_temp": 0.15486831963062286,
        "mae_o2": 0.4692513644695282
      },
      "degradation": {
        "rmse_temp": 0.994739186671796,
        "rmse_o2": 1.0000049300056388,
        "mae_temp": 0.9961608692955903,
        "mae_o2": 0.9998575030637794
      }
    },
    "dropout_current_temp": {
      "metrics": {
        "rmse_temp": 13.542401313781738,
        "rmse_o2": 3.8753268718719482,
        "mae_temp": 10.6206693649292,
        "mae_o2": 2.212759494781494
      },
      "degradation": {
        "rmse_temp": 62.757363077396256,
        "rmse_o2": 5.254674473748165,
        "mae_temp": 68.31542598449491,
        "mae_o2": 4.714838039595225
      }
    },
    "dropout_inflow_temp": {
      "metrics": {
        "rmse_temp": 1.8782695531845093,
        "rmse_o2": 1.7211931943893433,
        "mae_temp": 0.8575084209442139,
        "mae_o2": 1.1797771453857422
      },
      "degradation": {
        "rmse_temp": 8.704161217439378,
        "rmse_o2": 2.333818602139736,
        "mae_temp": 5.515759040154063,
        "mae_o2": 2.513810550323295
      }
    },
    "dropout_inflow_rate": {
      "metrics": {
        "rmse_temp": 0.46528762578964233,
        "rmse_o2": 1.2037146091461182,
        "mae_temp": 0.28755247592926025,
        "mae_o2": 0.8517308831214905
      },
      "degradation": {
        "rmse_temp": 2.1562072922313993,
        "rmse_o2": 1.6321535291041267,
        "mae_temp": 1.8496263475512673,
        "mae_o2": 1.81482586639439
      }
    },
    "spike_frac_0.05": {
      "metrics": {
        "rmse_temp": 5.176560401916504,
        "rmse_o2": 1.564698576927185,
        "mae_temp": 1.2243911027908325,
        "mae_o2": 0.774268627166748
      },
      "degradation": {
        "rmse_temp": 23.988897766937214,
        "rmse_o2": 2.1216227541904846,
        "mae_temp": 7.875661776553085,
        "mae_o2": 1.6497731384004033
      }
    },
    "spike_frac_0.1": {
      "metrics": {
        "rmse_temp": 7.45016622543335,
        "rmse_o2": 2.1075921058654785,
        "mae_temp": 2.3169803619384766,
        "mae_o2": 1.0758832693099976
      },
      "degradation": {
        "rmse_temp": 34.525102008360925,
        "rmse_o2": 2.8577487282807996,
        "mae_temp": 14.903533382388785,
        "mae_o2": 2.2924386388443727
      }
    },
    "spike_frac_0.2": {
      "metrics": {
        "rmse_temp": 10.121607780456543,
        "rmse_o2": 2.6792824268341064,
        "mae_temp": 4.167947769165039,
        "mae_o2": 1.4996026754379272
      },
      "degradation": {
        "rmse_temp": 46.90493212298166,
        "rmse_o2": 3.6329211552280163,
        "mae_temp": 26.80952749285902,
        "mae_o2": 3.195278906319504
      }
    },
    "temporal_shuffle": {
      "metrics": {
        "rmse_temp": 7.533071517944336,
        "rmse_o2": 0.9689282178878784,
        "mae_temp": 3.372166395187378,
        "mae_o2": 0.564322829246521
      },
      "degradation": {
        "rmse_temp": 34.909296614811915,
        "rmse_o2": 1.3137994656358807,
        "mae_temp": 21.69081588572361,
        "mae_o2": 1.20243105869318
      }
    },
    "extrap_shift_1.0sigma": {
      "metrics": {
        "rmse_temp": 11.352724075317383,
        "rmse_o2": 2.6878364086151123,
        "mae_temp": 11.300135612487793,
        "mae_o2": 1.7210582494735718
      },
      "degradation": {
        "rmse_temp": 52.61009552176925,
        "rmse_o2": 3.644519761281045,
        "mae_temp": 72.68596276980618,
        "mae_o2": 3.6671454453654744
      }
    },
    "extrap_shift_2.0sigma": {
      "metrics": {
        "rmse_temp": 19.860403060913086,
        "rmse_o2": 2.992854595184326,
        "mae_temp": 19.57050323486328,
        "mae_o2": 2.179178476333618
      },
      "degradation": {
        "rmse_temp": 92.03585810802552,