{
  "experiment": "B3_edge_50pct",
  "description": "Real + 50 % edge cases",
  "config": {
    "use_real": true,
    "use_edge": true,
    "scenarios": null,
    "confidence_filter": null,
    "edge_fraction": 0.5,
    "seq_len": 30,
    "stride": 30,
    "hidden_size": 128,
    "epochs": 200,
    "learning_rate": 0.001,
    "batch_size": 64,
    "patience": 20,
    "min_delta": 0.0001,
    "early_stopping": true,
    "test_size": 0.2,
    "val_size": 0.1,
    "seed": 456,
    "experiment": "B3_edge_50pct",
    "description": "Real + 50 % edge cases",
    "device": "cpu"
  },
  "data_summary": {
    "real_rows": 470676,
    "real_sequences": 15689,
    "edge_rows": 75000,
    "edge_sequences": 2498,
    "total_sequences": 18187
  },
  "test_metrics": {
    "test_rmse_temp": 0.2613784074783325,
    "test_mae_temp": 0.17697910964488983,
    "test_mape_temp": 0.05627180263400078,
    "test_r2_temp": 0.9994322657585144,
    "test_max_ae_temp": 3.8397216796875,
    "test_rmse_o2": 0.6238574981689453,
    "test_mae_o2": 0.379695862531662,
    "test_mape_o2": 8.593680381774902,
    "test_r2_o2": 0.9548203945159912,
    "test_max_ae_o2": 10.00709342956543
  },
  "training": {
    "best_val_loss": 0.023242498555317008,
    "best_epoch": 118,
    "final_train_loss": 0.018799449987055964,
    "final_val_loss": 0.023930790416639428,
    "epochs_run": 138
  },
  "wall_time_sec": 2171.9,
  "device": "cpu",
  "robustness": {
    "clean": {
      "metrics": {
        "rmse_temp": 0.2613784074783325,
        "rmse_o2": 0.6238574981689453,
        "mae_temp": 0.17697910964488983,
        "mae_o2": 0.379695862531662
      }
    },
    "noise_sigma_0.1": {
      "metrics": {
        "rmse_temp": 1.4012722969055176,
        "rmse_o2": 0.7842589020729065,
        "mae_temp": 1.0987428426742554,
        "mae_o2": 0.5560590624809265
      },
      "degradation": {
        "rmse_temp": 5.361086672860224,
        "rmse_o2": 1.2571122481892865,
        "mae_temp": 6.2083194162231505,
        "mae_o2": 1.464485440461069
      }
    },
    "noise_sigma_0.25": {
      "metrics": {
        "rmse_temp": 3.276776075363159,
        "rmse_o2": 1.233917236328125,
        "mae_temp": 2.5649406909942627,
        "mae_o2": 0.8984359502792358
      },
      "degradation": {
        "rmse_temp": 12.53652169272932,
        "rmse_o2": 1.977883154325687,
        "mae_temp": 14.492900863502134,
        "mae_o2": 2.366198947465005
      }
    },
    "noise_sigma_0.5": {
      "metrics": {
        "rmse_temp": 5.917147636413574,
        "rmse_o2": 1.9138692617416382,
        "mae_temp": 4.639121055603027,
        "mae_o2": 1.3221313953399658
      },
      "degradation": {
        "rmse_temp": 22.638241978362686,
        "rmse_o2": 3.067798763914749,
        "mae_temp": 26.212817235387078,
        "mae_o2": 3.4820800693600296
      }
    },
    "noise_sigma_1.0": {
      "metrics": {
        "rmse_temp": 9.925907135009766,
        "rmse_o2": 2.614705801010132,
        "mae_temp": 7.847464084625244,
        "mae_o2": 1.8181629180908203
      },
      "degradation": {
        "rmse_temp": 37.97523762873409,
        "rmse_o2": 4.191190790660418,
        "mae_temp": 44.3411886316484,
        "mae_o2": 4.788471767819718
      }
    },
    "noise_sigma_2.0": {
      "metrics": {
        "rmse_temp": 14.686626434326172,
        "rmse_o2": 3.3683698177337646,
        "mae_temp": 11.74702262878418,
        "mae_o2": 2.3963332176208496
      },
      "degradation": {
        "rmse_temp": 56.18913427477229,
        "rmse_o2": 5.399261574350085,
        "mae_temp": 66.37519339064755,
        "mae_o2": 6.311191282525563
      }
    },
    "dropout_fuel_flow": {
      "metrics": {
        "rmse_temp": 1.4289590120315552,
        "rmse_o2": 2.717384099960327,
        "mae_temp": 0.5378435850143433,
        "mae_o2": 1.5150891542434692
      },
      "degradation": {
        "rmse_temp": 5.467012466016389,
        "rmse_o2": 4.355776932930986,
        "mae_temp": 3.039023001604716,
        "mae_o2": 3.990270381513913
      }
    },
    "dropout_air_fuel_ratio": {
      "metrics": {
        "rmse_temp": 0.26151242852211,
        "rmse_o2": 0.6236423254013062,
        "mae_temp": 0.1773611605167389,
        "mae_o2": 0.37962496280670166
      },
      "degradation": {
        "rmse_temp": 1.0005127471892972,
        "rmse_o2": 0.9996550930809188,
        "mae_temp": 1.0021587342857339,
        "mae_o2": 0.9998132723267312
      }
    },
    "dropout_current_temp": {
      "metrics": {
        "rmse_temp": 10.683145523071289,
        "rmse_o2": 3.119034767150879,
        "mae_temp": 7.360441207885742,
        "mae_o2": 1.9234235286712646
      },
      "degradation": {
        "rmse_temp": 40.8723338172335,
        "rmse_o2": 4.999594901568725,
        "mae_temp": 41.58932216720117,
        "mae_o2": 5.065695253687086
      }
    },
    "dropout_inflow_temp": {
      "metrics": {
        "rmse_temp": 1.5870187282562256,
        "rmse_o2": 1.663748025894165,
        "mae_temp": 0.6273446083068848,
        "mae_o2": 1.1152344942092896
      },
      "degradation": {
        "rmse_temp": 6.071728508743725,
        "rmse_o2": 2.666871891060624,
        "mae_temp": 3.5447381872677366,
        "mae_o2": 2.9371784216276327
      }
    },
    "dropout_inflow_rate": {
      "metrics": {
        "rmse_temp": 0.5036959648132324,
        "rmse_o2": 1.1995439529418945,
        "mae_temp": 0.29830846190452576,
        "mae_o2": 0.8710339069366455
      },
      "degradation": {
        "rmse_temp": 1.9270756512470806,
        "rmse_o2": 1.9227851816522512,
        "mae_temp": 1.6855574790893928,
        "mae_o2": 2.294030546261251
      }
    },
    "spike_frac_0.05": {
      "metrics": {
        "rmse_temp": 4.6830596923828125,
        "rmse_o2": 1.3975282907485962,
        "mae_temp": 1.1707688570022583,
        "mae_o2": 0.664177656173706
      },
      "degradation": {
        "rmse_temp": 17.91678102855923,
        "rmse_o2": 2.2401402481342543,
        "mae_temp": 6.615294083869088,
        "mae_o2": 1.7492359588677946
      }
    },
    "spike_frac_0.1": {
      "metrics": {
        "rmse_temp": 6.336040496826172,
        "rmse_o2": 1.7990258932113647,
        "mae_temp": 2.0344276428222656,
        "mae_o2": 0.8976950645446777
      },
      "degradation": {
        "rmse_temp": 24.240871914224247,
        "rmse_o2": 2.883712864703239,
        "mae_temp": 11.495298212904126,
        "mae_o2": 2.3642476864488375
      }
    },
    "spike_frac_0.2": {
      "metrics": {
        "rmse_temp": 8.993338584899902,
        "rmse_o2": 2.39153790473938,
        "mae_temp": 3.834888219833374,
        "mae_o2": 1.302249789237976
      },
      "degradation": {
        "rmse_temp": 34.40735090424569,
        "rmse_o2": 3.833468238754315,
        "mae_temp": 21.6685925673833,
        "mae_o2": 3.4297181448201437
      }
    },
    "temporal_shuffle": {
      "metrics": {
        "rmse_temp": 5.537191867828369,
        "rmse_o2": 0.7470607161521912,
        "mae_temp": 1.928654432296753,
        "mae_o2": 0.42433932423591614
      },
      "degradation": {
        "rmse_temp": 21.18458032263964,
        "rmse_o2": 1.1974861540413537,
        "mae_temp": 10.897638914370264,
        "mae_o2": 1.1175768980114484
      }
    },
    "extrap_shift_1.0sigma": {
      "metrics": {
        "rmse_temp": 9.488186836242676,
        "rmse_o2": 2.2415616512298584,
        "mae_temp": 9.433353424072266,
        "mae_o2": 1.3397058248519897
      },
      "degradation": {
        "rmse_temp": 36.30057634745218,
        "rmse_o2": 3.593066778565554,
        "mae_temp": 53.30207301302608,
        "mae_o2": 3.5283656132552004
      }
    },
    "extrap_shift_2.0sigma": {
      "metrics": {
        "rmse_temp": 15.84365177154541,
        "rmse_o2": 2.601269245147705,
        "mae_temp": 15.544381141662598,
        "mae_o2": 1.926450490951538
      },
      "degradation": {
        "rmse_temp": 60.61576365239275,
        "rmse_o2": 4.169652930008163,