{
  "experiment": "B4_edge_200pct",
  "description": "Real + 200 % edge cases (2\u00d7 oversampled)",
  "config": {
    "use_real": true,
    "use_edge": true,
    "scenarios": null,
    "confidence_filter": null,
    "edge_fraction": 2.0,
    "seq_len": 30,
    "stride": 30,
    "hidden_size": 128,
    "epochs": 200,
    "learning_rate": 0.001,
    "batch_size": 64,
    "patience": 20,
    "min_delta": 0.0001,
    "early_stopping": true,
    "test_size": 0.2,
    "val_size": 0.1,
    "seed": 42,
    "experiment": "B4_edge_200pct",
    "description": "Real + 200 % edge cases (2\u00d7 oversampled)",
    "device": "cpu"
  },
  "data_summary": {
    "real_rows": 470676,
    "real_sequences": 15689,
    "edge_rows": 300000,
    "edge_sequences": 9996,
    "total_sequences": 25685
  },
  "test_metrics": {
    "test_rmse_temp": 0.2988656461238861,
    "test_mae_temp": 0.24371834099292755,
    "test_mape_temp": 0.07763879001140594,
    "test_r2_temp": 0.9995999932289124,
    "test_max_ae_temp": 3.8946533203125,
    "test_rmse_o2": 0.8274824619293213,
    "test_mae_o2": 0.5329802632331848,
    "test_mape_o2": 10.525192260742188,
    "test_r2_o2": 0.9638262987136841,
    "test_max_ae_o2": 10.183398246765137
  },
  "training": {
    "best_val_loss": 0.017472131950099293,
    "best_epoch": 82,
    "final_train_loss": 0.016697625094527227,
    "final_val_loss": 0.018529170737942545,
    "epochs_run": 102
  },
  "wall_time_sec": 2267.9,
  "device": "cpu",
  "robustness": {
    "clean": {
      "metrics": {
        "rmse_temp": 0.2988656461238861,
        "rmse_o2": 0.8274824619293213,
        "mae_temp": 0.24371834099292755,
        "mae_o2": 0.5329802632331848
      }
    },
    "noise_sigma_0.1": {
      "metrics": {
        "rmse_temp": 1.6138840913772583,
        "rmse_o2": 1.0768085718154907,
        "mae_temp": 1.280413269996643,
        "mae_o2": 0.7276893258094788
      },
      "degradation": {
        "rmse_temp": 5.400032129180445,
        "rmse_o2": 1.3013068208175091,
        "mae_temp": 5.2536598795976515,
        "mae_o2": 1.3653213374077728
      }
    },
    "noise_sigma_0.25": {
      "metrics": {
        "rmse_temp": 3.8862218856811523,
        "rmse_o2": 1.9278703927993774,
        "mae_temp": 3.075448751449585,
        "mae_o2": 1.2080509662628174
      },
      "degradation": {
        "rmse_temp": 13.00324053996568,
        "rmse_o2": 2.3298021184696056,
        "mae_temp": 12.618864624303475,
        "mae_o2": 2.2665960629282846
      }
    },
    "noise_sigma_0.5": {
      "metrics": {
        "rmse_temp": 7.2533955574035645,
        "rmse_o2": 2.8497607707977295,
        "mae_temp": 5.7477030754089355,
        "mae_o2": 1.83915376663208
      },
      "degradation": {
        "rmse_temp": 24.26975348781599,
        "rmse_o2": 3.4438926526048106,
        "mae_temp": 23.583383392453538,
        "mae_o2": 3.450697696525077
      }
    },
    "noise_sigma_1.0": {
      "metrics": {
        "rmse_temp": 12.501677513122559,
        "rmse_o2": 3.6000542640686035,
        "mae_temp": 9.993287086486816,
        "mae_o2": 2.4584896564483643
      },
      "degradation": {
        "rmse_temp": 41.830426732754525,
        "rmse_o2": 4.350610955155324,
        "mae_temp": 41.00342652002875,
        "mae_o2": 4.612721757339723
      }
    },
    "noise_sigma_2.0": {
      "metrics": {
        "rmse_temp": 18.49260139465332,
        "rmse_o2": 4.526678085327148,
        "mae_temp": 14.979912757873535,
        "mae_o2": 3.1600325107574463
      },
      "degradation": {
        "rmse_temp": 61.87596879899588,
        "rmse_o2": 5.470421783650795,
        "mae_temp": 61.46403547982561,
        "mae_o2": 5.92898598456149
      }
    },
    "dropout_fuel_flow": {
      "metrics": {
        "rmse_temp": 1.544748306274414,
        "rmse_o2": 4.195176124572754,
        "mae_temp": 0.8807460069656372,
        "mae_o2": 2.3712055683135986
      },
      "degradation": {
        "rmse_temp": 5.1687048220794285,
        "rmse_o2": 5.069806693898343,
        "mae_temp": 3.613786321445523,
        "mae_o2": 4.448955677888151
      }
    },
    "dropout_air_fuel_ratio": {
      "metrics": {
        "rmse_temp": 0.2975497245788574,
        "rmse_o2": 0.8274272084236145,
        "mae_temp": 0.24297118186950684,
        "mae_o2": 0.532917320728302
      },
      "degradation": {
        "rmse_temp": 0.995596946112424,
        "rmse_o2": 0.9999332269767048,
        "mae_temp": 0.9969343336230801,
        "mae_o2": 0.9998819046234452
      }
    },
    "dropout_current_temp": {
      "metrics": {
        "rmse_temp": 14.559333801269531,
        "rmse_o2": 4.929287910461426,
        "mae_temp": 12.40261173248291,
        "mae_o2": 3.26493763923645
      },
      "degradation": {
        "rmse_temp": 48.715314021854425,
        "rmse_o2": 5.956969648599582,
        "mae_temp": 50.88911930859902,
        "mae_o2": 6.125813401476751
      }
    },
    "dropout_inflow_temp": {
      "metrics": {
        "rmse_temp": 1.8697009086608887,
        "rmse_o2": 1.8873133659362793,
        "mae_temp": 0.9365639686584473,
        "mae_o2": 1.2010588645935059
      },
      "degradation": {
        "rmse_temp": 6.255991389140317,
        "rmse_o2": 2.2807895668699776,
        "mae_temp": 3.8428128340395413,
        "mae_o2": 2.2534771875183477
      }
    },
    "dropout_inflow_rate": {
      "metrics": {
        "rmse_temp": 0.45461419224739075,
        "rmse_o2": 1.4201219081878662,
        "mae_temp": 0.34482142329216003,
        "mae_o2": 1.0067801475524902
      },
      "degradation": {
        "rmse_temp": 1.5211323152843856,
        "rmse_o2": 1.716195778792427,
        "mae_temp": 1.414835756255892,
        "mae_o2": 1.8889632825146712
      }
    },
    "spike_frac_0.05": {
      "metrics": {
        "rmse_temp": 5.652968883514404,
        "rmse_o2": 1.784195065498352,
        "mae_temp": 1.3677247762680054,
        "mae_o2": 0.8775489330291748
      },
      "degradation": {
        "rmse_temp": 18.914749677087777,
        "rmse_o2": 2.156172665386046,
        "mae_temp": 5.611907461275946,
        "mae_o2": 1.6464942392158288
      }
    },
    "spike_frac_0.1": {
      "metrics": {
        "rmse_temp": 7.792332649230957,
        "rmse_o2": 2.286268472671509,
        "mae_temp": 2.4213340282440186,
        "mae_o2": 1.16413414478302
      },
      "degradation": {
        "rmse_temp": 26.07302896901329,
        "rmse_o2": 2.762920760085896,
        "mae_temp": 9.93496844915042,
        "mae_o2": 2.1841974742575005
      }
    },
    "spike_frac_0.2": {
      "metrics": {
        "rmse_temp": 11.012106895446777,
        "rmse_o2": 3.072547435760498,
        "mae_temp": 4.565907955169678,
        "mae_o2": 1.6893149614334106
      },
      "degradation": {
        "rmse_temp": 36.846345634794126,
        "rmse_o2": 3.713126956910583,
        "mae_temp": 18.734363349790634,
        "mae_o2": 3.1695638243443107
      }
    },
    "temporal_shuffle": {
      "metrics": {
        "rmse_temp": 8.937082290649414,
        "rmse_o2": 1.1018322706222534,
        "mae_temp": 4.602058410644531,
        "mae_o2": 0.6585872173309326
      },
      "degradation": {
        "rmse_temp": 29.903344216902084,
        "rmse_o2": 1.3315475811454303,
        "mae_temp": 18.882692176121772,
        "mae_o2": 1.235669053363789
      }
    },
    "extrap_shift_1.0sigma": {
      "metrics": {
        "rmse_temp": 13.67161750793457,
        "rmse_o2": 3.0834755897521973,
        "mae_temp": 13.611627578735352,
        "mae_o2": 1.8654569387435913
      },
      "degradation": {
        "rmse_temp": 45.7450285278603,
        "rmse_o2": 3.7263334651986493,
        "mae_temp": 55.84982863119993,
        "mae_o2": 3.5000488149922977
      }
    },
    "extrap_shift_2.0sigma": {
      "metrics": {
        "rmse_temp": 21.869476318359375,
        "rmse_o2": 3.930825710296631,
        "mae_temp": 21.34653663635254,
        "mae_o2": 2.2697548866271973
      },