{
  "experiment": "C1_flame_out",
  "description": "Real + S1 flame-out only",
  "config": {
    "use_real": true,
    "use_edge": true,
    "scenarios": [
      "S1_flame_out"
    ],
    "confidence_filter": null,
    "edge_fraction": 1.0,
    "seq_len": 30,
    "stride": 30,
    "hidden_size": 128,
    "epochs": 200,
    "learning_rate": 0.001,
    "batch_size": 64,
    "patience": 20,
    "min_delta": 0.0001,
    "early_stopping": true,
    "test_size": 0.2,
    "val_size": 0.1,
    "seed": 42,
    "experiment": "C1_flame_out",
    "description": "Real + S1 flame-out only",
    "device": "cpu"
  },
  "data_summary": {
    "real_rows": 470676,
    "real_sequences": 15689,
    "edge_rows": 25000,
    "edge_sequences": 833,
    "total_sequences": 16522
  },
  "test_metrics": {
    "test_rmse_temp": 0.28454869985580444,
    "test_mae_temp": 0.21355122327804565,
    "test_mape_temp": 0.06645022332668304,
    "test_r2_temp": 0.9981093406677246,
    "test_max_ae_temp": 3.633453369140625,
    "test_rmse_o2": 0.4911462068557739,
    "test_mae_o2": 0.3251921534538269,
    "test_mape_o2": 8.80229377746582,
    "test_r2_o2": 0.7109233140945435,
    "test_max_ae_o2": 3.977735757827759
  },
  "training": {
    "best_val_loss": 0.13857308202064955,
    "best_epoch": 61,
    "final_train_loss": 0.11839115401900908,
    "final_val_loss": 0.15384243056178093,
    "epochs_run": 81
  },
  "wall_time_sec": 1229.4,
  "device": "cpu",
  "robustness": {
    "clean": {
      "metrics": {
        "rmse_temp": 0.28454869985580444,
        "rmse_o2": 0.4911462068557739,
        "mae_temp": 0.21355122327804565,
        "mae_o2": 0.3251921534538269
      }
    },
    "noise_sigma_0.1": {
      "metrics": {
        "rmse_temp": 0.8594992160797119,
        "rmse_o2": 0.5917426943778992,
        "mae_temp": 0.6736378073692322,
        "mae_o2": 0.42724528908729553
      },
      "degradation": {
        "rmse_temp": 3.020569823426586,
        "rmse_o2": 1.2048198400352619,
        "mae_temp": 3.154455390274911,
        "mae_o2": 1.3138241023025141
      }
    },
    "noise_sigma_0.25": {
      "metrics": {
        "rmse_temp": 1.9610209465026855,
        "rmse_o2": 0.8236919045448303,
        "mae_temp": 1.533532738685608,
        "mae_o2": 0.6351644992828369
      },
      "degradation": {
        "rmse_temp": 6.891688303255072,
        "rmse_o2": 1.677080863187261,
        "mae_temp": 7.181100230406708,
        "mae_o2": 1.9531974942717125
      }
    },
    "noise_sigma_0.5": {
      "metrics": {
        "rmse_temp": 3.475724220275879,
        "rmse_o2": 1.0449066162109375,
        "mae_temp": 2.7166738510131836,
        "mae_o2": 0.8241548538208008
      },
      "degradation": {
        "rmse_temp": 12.214865933449031,
        "rmse_o2": 2.12748587207918,
        "mae_temp": 12.721415542893189,
        "mae_o2": 2.53436266855627
      }
    },
    "noise_sigma_1.0": {
      "metrics": {
        "rmse_temp": 5.634306907653809,
        "rmse_o2": 1.2601778507232666,
        "mae_temp": 4.399973392486572,
        "mae_o2": 1.008297324180603
      },
      "degradation": {
        "rmse_temp": 19.800852755640786,
        "rmse_o2": 2.565789642947035,
        "mae_temp": 20.603831366293633,
        "mae_o2": 3.1006200902192687
      }
    },
    "noise_sigma_2.0": {
      "metrics": {
        "rmse_temp": 7.893592357635498,
        "rmse_o2": 1.4307808876037598,
        "mae_temp": 6.090879440307617,
        "mae_o2": 1.1561819314956665
      },
      "degradation": {
        "rmse_temp": 27.740743013886867,
        "rmse_o2": 2.9131465694570893,
        "mae_temp": 28.521866308287244,
        "mae_o2": 3.5553807778447197
      }
    },
    "dropout_fuel_flow": {
      "metrics": {
        "rmse_temp": 0.8300936222076416,
        "rmse_o2": 1.049900770187378,
        "mae_temp": 0.5288023352622986,
        "mae_o2": 0.7528308629989624
      },
      "degradation": {
        "rmse_temp": 2.9172286593763843,
        "rmse_o2": 2.1376542372354783,
        "mae_temp": 2.4762318245950437,
        "mae_o2": 2.315033911498897
      }
    },
    "dropout_air_fuel_ratio": {
      "metrics": {
        "rmse_temp": 0.6643468737602234,
        "rmse_o2": 0.8585191965103149,
        "mae_temp": 0.46141478419303894,
        "mae_o2": 0.6209328770637512
      },
      "degradation": {
        "rmse_temp": 2.334738742777185,
        "rmse_o2": 1.7479910961878218,
        "mae_temp": 2.1606749758219492,
        "mae_o2": 1.9094337623737152
      }
    },
    "dropout_current_temp": {
      "metrics": {
        "rmse_temp": 6.971242904663086,
        "rmse_o2": 1.1400656700134277,
        "mae_temp": 4.7001519203186035,
        "mae_o2": 0.8669309616088867
      },
      "degradation": {
        "rmse_temp": 24.499296282835857,
        "rmse_o2": 2.321234805643547,
        "mae_temp": 22.00948254086544,
        "mae_o2": 2.665903689253621
      }
    },
    "dropout_inflow_temp": {
      "metrics": {
        "rmse_temp": 1.5402843952178955,
        "rmse_o2": 1.107054352760315,
        "mae_temp": 0.7694947123527527,
        "mae_o2": 0.8339233994483948
      },
      "degradation": {
        "rmse_temp": 5.41307830961251,
        "rmse_o2": 2.2540219944840247,
        "mae_temp": 3.6033261741182514,
        "mae_o2": 2.5644019715463435
      }
    },
    "dropout_inflow_rate": {
      "metrics": {
        "rmse_temp": 0.9840725064277649,
        "rmse_o2": 0.9864745140075684,
        "mae_temp": 0.5794205665588379,
        "mae_o2": 0.7384666800498962
      },
      "degradation": {
        "rmse_temp": 3.458362336311659,
        "rmse_o2": 2.008514980341177,
        "mae_temp": 2.7132626901622894,
        "mae_o2": 2.2708625414442816
      }
    },
    "spike_frac_0.05": {
      "metrics": {
        "rmse_temp": 2.3241357803344727,
        "rmse_o2": 0.6577156186103821,
        "mae_temp": 0.648855447769165,
        "mae_o2": 0.4357890188694
      },
      "degradation": {
        "rmse_temp": 8.167796168150593,
        "rmse_o2": 1.3391442495727583,
        "mae_temp": 3.038406607132141,
        "mae_o2": 1.3400969680262487
      }
    },
    "spike_frac_0.1": {
      "metrics": {
        "rmse_temp": 3.2005112171173096,
        "rmse_o2": 0.7644647359848022,
        "mae_temp": 1.0730952024459839,
        "mae_o2": 0.5199282765388489
      },
      "degradation": {
        "rmse_temp": 11.24767471697876,
        "rmse_o2": 1.5564911737357443,
        "mae_temp": 5.025001430447458,
        "mae_o2": 1.5988340155712644
      }
    },
    "spike_frac_0.2": {
      "metrics": {
        "rmse_temp": 4.588256359100342,
        "rmse_o2": 0.9440117478370667,
        "mae_temp": 1.9181687831878662,
        "mae_o2": 0.6735547780990601
      },
      "degradation": {
        "rmse_temp": 16.12467869797138,
        "rmse_o2": 1.9220585126381269,
        "mae_temp": 8.982242076367752,
        "mae_o2": 2.071251630598449
      }
    },
    "temporal_shuffle": {
      "metrics": {
        "rmse_temp": 3.6208341121673584,
        "rmse_o2": 0.4945668876171112,
        "mae_temp": 0.9830052256584167,
        "mae_o2": 0.3265133202075958
      },
      "degradation": {
        "rmse_temp": 12.724830983245477,
        "rmse_o2": 1.0069646893604978,
        "mae_temp": 4.603135540827761,
        "mae_o2": 1.0040627264210928
      }
    },
    "extrap_shift_1.0sigma": {
      "metrics": {
        "rmse_temp": 6.3934431076049805,
        "rmse_o2": 0.8304426670074463,
        "mae_temp": 6.282612323760986,
        "mae_o2": 0.6391152739524841
      },
      "degradation": {
        "rmse_temp": 22.468713126592633,
        "rmse_o2": 1.6908257773663464,
        "mae_temp": 29.41969719171764,
        "mae_o2": 1.9653465410051176
      }
    },
    "extrap_shift_2.0sigma": {
      "metrics": {
        "rmse_temp": 9.420610427856445,
        "rmse_o2": 0.8239182829856873,
        "mae_temp": 8.997428894042969,
        "mae_o2": 0.6535951495170593
      },