{
  "experiment": "C4_positive_pressure",
  "description": "Real + S4 positive pressure only",
  "config": {
    "use_real": true,
    "use_edge": true,
    "scenarios": [
      "S4_positive_pressure"
    ],
    "confidence_filter": null,
    "edge_fraction": 1.0,
    "seq_len": 30,
    "stride": 30,
    "hidden_size": 128,
    "epochs": 200,
    "learning_rate": 0.001,
    "batch_size": 64,
    "patience": 20,
    "min_delta": 0.0001,
    "early_stopping": true,
    "test_size": 0.2,
    "val_size": 0.1,
    "seed": 456,
    "experiment": "C4_positive_pressure",
    "description": "Real + S4 positive pressure only",
    "device": "cpu"
  },
  "data_summary": {
    "real_rows": 470676,
    "real_sequences": 15689,
    "edge_rows": 25000,
    "edge_sequences": 833,
    "total_sequences": 16522
  },
  "test_metrics": {
    "test_rmse_temp": 0.30239444971084595,
    "test_mae_temp": 0.21831540763378143,
    "test_mape_temp": 0.06813019514083862,
    "test_r2_temp": 0.9983091950416565,
    "test_max_ae_temp": 4.353759765625,
    "test_rmse_o2": 0.4758544862270355,
    "test_mae_o2": 0.3040890395641327,
    "test_mape_o2": 8.320538520812988,
    "test_r2_o2": 0.6781542301177979,
    "test_max_ae_o2": 4.187841415405273
  },
  "training": {
    "best_val_loss": 0.14264935025802025,
    "best_epoch": 92,
    "final_train_loss": 0.11352736195144446,
    "final_val_loss": 0.15637626584905845,
    "epochs_run": 112
  },
  "wall_time_sec": 1686.1,
  "device": "cpu",
  "robustness": {
    "clean": {
      "metrics": {
        "rmse_temp": 0.30239444971084595,
        "rmse_o2": 0.4758544862270355,
        "mae_temp": 0.21831540763378143,
        "mae_o2": 0.3040890395641327
      }
    },
    "noise_sigma_0.1": {
      "metrics": {
        "rmse_temp": 0.9938277006149292,
        "rmse_o2": 0.6068087220191956,
        "mae_temp": 0.7751966118812561,
        "mae_o2": 0.43643301725387573
      },
      "degradation": {
        "rmse_temp": 3.286527585295438,
        "rmse_o2": 1.27519806912082,
        "mae_temp": 3.5508103632411907,
        "mae_o2": 1.435214560444003
      }
    },
    "noise_sigma_0.25": {
      "metrics": {
        "rmse_temp": 2.3640055656433105,
        "rmse_o2": 0.879329264163971,
        "mae_temp": 1.827518105506897,
        "mae_o2": 0.6708973050117493
      },
      "degradation": {
        "rmse_temp": 7.817622208025999,
        "rmse_o2": 1.8478952907137942,
        "mae_temp": 8.370999213085831,
        "mae_o2": 2.206252832964262
      }
    },
    "noise_sigma_0.5": {
      "metrics": {
        "rmse_temp": 4.22903299331665,
        "rmse_o2": 1.0539335012435913,
        "mae_temp": 3.2581605911254883,
        "mae_o2": 0.824377715587616
      },
      "degradation": {
        "rmse_temp": 13.985154150019996,
        "rmse_o2": 2.2148230850990607,
        "mae_temp": 14.924098241343415,
        "mae_o2": 2.7109747749186925
      }
    },
    "noise_sigma_1.0": {
      "metrics": {
        "rmse_temp": 6.543052673339844,
        "rmse_o2": 1.1531058549880981,
        "mae_temp": 5.000566005706787,
        "mae_o2": 0.9156520366668701
      },
      "degradation": {
        "rmse_temp": 21.637476083295866,
        "rmse_o2": 2.423232076954589,
        "mae_temp": 22.905236327135967,
        "mae_o2": 3.011131338305793
      }
    },
    "noise_sigma_2.0": {
      "metrics": {
        "rmse_temp": 9.021326065063477,
        "rmse_o2": 1.2235692739486694,
        "mae_temp": 6.743340969085693,
        "mae_o2": 0.9849791526794434
      },
      "degradation": {
        "rmse_temp": 29.83297502215997,
        "rmse_o2": 2.5713097372478924,
        "mae_temp": 30.888067141818397,
        "mae_o2": 3.2391142873523733
      }
    },
    "dropout_fuel_flow": {
      "metrics": {
        "rmse_temp": 1.0531482696533203,
        "rmse_o2": 1.0104204416275024,
        "mae_temp": 0.6226299405097961,
        "mae_o2": 0.7206315398216248
      },
      "degradation": {
        "rmse_temp": 3.482697088720895,
        "rmse_o2": 2.1233811403963934,
        "mae_temp": 2.8519743395951336,
        "mae_o2": 2.369804386420981
      }
    },
    "dropout_air_fuel_ratio": {
      "metrics": {
        "rmse_temp": 0.9499400854110718,
        "rmse_o2": 0.8393709659576416,
        "mae_temp": 0.5820431113243103,
        "mae_o2": 0.6105021834373474
      },
      "degradation": {
        "rmse_temp": 3.1413939188348814,
        "rmse_o2": 1.7639236158365612,
        "mae_temp": 2.6660652018691824,
        "mae_o2": 2.0076428414270153
      }
    },
    "dropout_current_temp": {
      "metrics": {
        "rmse_temp": 7.540814399719238,
        "rmse_o2": 1.0465420484542847,
        "mae_temp": 4.831853866577148,
        "mae_o2": 0.7851486802101135
      },
      "degradation": {
        "rmse_temp": 24.937013251830106,
        "rmse_o2": 2.1992900744766075,
        "mae_temp": 22.13244552433267,
        "mae_o2": 2.5819696801157637
      }
    },
    "dropout_inflow_temp": {
      "metrics": {
        "rmse_temp": 1.6379865407943726,
        "rmse_o2": 1.0558217763900757,
        "mae_temp": 0.8141373991966248,
        "mae_o2": 0.7949584126472473
      },
      "degradation": {
        "rmse_temp": 5.4167215779279,
        "rmse_o2": 2.2187912627692055,
        "mae_temp": 3.729179758866674,
        "mae_o2": 2.614229088252258
      }
    },
    "dropout_inflow_rate": {
      "metrics": {
        "rmse_temp": 0.7977315783500671,
        "rmse_o2": 0.996488630771637,
        "mae_temp": 0.4671592116355896,
        "mae_o2": 0.7527782320976257
      },
      "degradation": {
        "rmse_temp": 2.6380496702663354,
        "rmse_o2": 2.0941036800401225,
        "mae_temp": 2.1398361970825137,
        "mae_o2": 2.475519121559342
      }
    },
    "spike_frac_0.05": {
      "metrics": {
        "rmse_temp": 2.451249599456787,
        "rmse_o2": 0.601397693157196,
        "mae_temp": 0.6754101514816284,
        "mae_o2": 0.3956160545349121
      },
      "degradation": {
        "rmse_temp": 8.106132906211434,
        "rmse_o2": 1.2638268852429446,
        "mae_temp": 3.093735613084221,
        "mae_o2": 1.3009875499030483
      }
    },
    "spike_frac_0.1": {
      "metrics": {
        "rmse_temp": 3.5530192852020264,
        "rmse_o2": 0.7093284726142883,
        "mae_temp": 1.140012264251709,
        "mae_o2": 0.48180171847343445
      },
      "degradation": {
        "rmse_temp": 11.749618052181434,
        "rmse_o2": 1.4906415577552414,
        "mae_temp": 5.221858945311138,
        "mae_o2": 1.584410010844281
      }
    },
    "spike_frac_0.2": {
      "metrics": {
        "rmse_temp": 5.019668102264404,
        "rmse_o2": 0.8670037984848022,
        "mae_temp": 2.0547292232513428,
        "mae_o2": 0.6261643767356873
      },
      "degradation": {
        "rmse_temp": 16.599736228837155,
        "rmse_o2": 1.8219935370560845,
        "mae_temp": 9.411746268949093,
        "mae_o2": 2.0591481285652473
      }
    },
    "temporal_shuffle": {
      "metrics": {
        "rmse_temp": 3.2645604610443115,
        "rmse_o2": 0.4748595058917999,
        "mae_temp": 0.8612028956413269,
        "mae_o2": 0.3043260872364044
      },
      "degradation": {
        "rmse_temp": 10.795702315852466,
        "rmse_o2": 0.9979090659770288,
        "mae_temp": 3.9447646181985148,
        "mae_o2": 1.0007795337596235
      }
    },
    "extrap_shift_1.0sigma": {
      "metrics": {
        "rmse_temp": 7.076523780822754,
        "rmse_o2": 0.8611354231834412,
        "mae_temp": 6.948756217956543,
        "mae_o2": 0.668790876865387
      },
      "degradation": {
        "rmse_temp": 23.40163249553499,
        "rmse_o2": 1.809661247519654,
        "mae_temp": 31.828977593798168,
        "mae_o2": 2.1993258218842784
      }
    },
    "extrap_shift_2.0sigma": {
      "metrics": {
        "rmse_temp": 11.082736015319824,
        "rmse_o2": 0.9269934892654419,
        "mae_temp": 10.761157989501953,
        "mae_o2": 0.7262905836105347
      },