{
  "experiment": "C6_fuel_contamination",
  "description": "Real + S6 fuel contamination only",
  "config": {
    "use_real": true,
    "use_edge": true,
    "scenarios": [
      "S6_fuel_contamination"
    ],
    "confidence_filter": null,
    "edge_fraction": 1.0,
    "seq_len": 30,
    "stride": 30,
    "hidden_size": 128,
    "epochs": 200,
    "learning_rate": 0.001,
    "batch_size": 64,
    "patience": 20,
    "min_delta": 0.0001,
    "early_stopping": true,
    "test_size": 0.2,
    "val_size": 0.1,
    "seed": 456,
    "experiment": "C6_fuel_contamination",
    "description": "Real + S6 fuel contamination only",
    "device": "cpu"
  },
  "data_summary": {
    "real_rows": 470676,
    "real_sequences": 15689,
    "edge_rows": 25000,
    "edge_sequences": 833,
    "total_sequences": 16522
  },
  "test_metrics": {
    "test_rmse_temp": 0.2430901825428009,
    "test_mae_temp": 0.15020354092121124,
    "test_mape_temp": 0.04746844992041588,
    "test_r2_temp": 0.9991815686225891,
    "test_max_ae_temp": 6.457305908203125,
    "test_rmse_o2": 0.632603108882904,
    "test_mae_o2": 0.3950746953487396,
    "test_mape_o2": 9.851120948791504,
    "test_r2_o2": 0.867514967918396,
    "test_max_ae_o2": 5.009936332702637
  },
  "training": {
    "best_val_loss": 0.05447138545031731,
    "best_epoch": 62,
    "final_train_loss": 0.052227731506173734,
    "final_val_loss": 0.056844282895326614,
    "epochs_run": 82
  },
  "wall_time_sec": 1192.3,
  "device": "cpu",
  "robustness": {
    "clean": {
      "metrics": {
        "rmse_temp": 0.2430901825428009,
        "rmse_o2": 0.632603108882904,
        "mae_temp": 0.15020354092121124,
        "mae_o2": 0.3950746953487396
      }
    },
    "noise_sigma_0.1": {
      "metrics": {
        "rmse_temp": 1.2688615322113037,
        "rmse_o2": 0.7340505719184875,
        "mae_temp": 0.9895790815353394,
        "mae_o2": 0.5146574974060059
      },
      "degradation": {
        "rmse_temp": 5.219715246986148,
        "rmse_o2": 1.1603651035081486,
        "mae_temp": 6.588254014959738,
        "mae_o2": 1.302684032830066
      }
    },
    "noise_sigma_0.25": {
      "metrics": {
        "rmse_temp": 3.019031047821045,
        "rmse_o2": 1.0989888906478882,
        "mae_temp": 2.3085665702819824,
        "mae_o2": 0.8289023041725159
      },
      "degradation": {
        "rmse_temp": 12.419386979107985,
        "rmse_o2": 1.7372486401285028,
        "mae_temp": 15.369588200939505,
        "mae_o2": 2.098090092661664
      }
    },
    "noise_sigma_0.5": {
      "metrics": {
        "rmse_temp": 5.376585483551025,
        "rmse_o2": 1.5845506191253662,
        "mae_temp": 4.023434162139893,
        "mae_o2": 1.195658802986145
      },
      "degradation": {
        "rmse_temp": 22.11765784743022,
        "rmse_o2": 2.504810041043711,
        "mae_temp": 26.78654669166802,
        "mae_o2": 3.026412010343298
      }
    },
    "noise_sigma_1.0": {
      "metrics": {
        "rmse_temp": 8.306937217712402,
        "rmse_o2": 2.1243109703063965,
        "mae_temp": 6.103908061981201,
        "mae_o2": 1.5798381567001343
      },
      "degradation": {
        "rmse_temp": 34.17224476455276,
        "rmse_o2": 3.358046997362465,
        "mae_temp": 40.637577679896275,
        "mae_o2": 3.998834082009688
      }
    },
    "noise_sigma_2.0": {
      "metrics": {
        "rmse_temp": 11.370359420776367,
        "rmse_o2": 2.680306911468506,
        "mae_temp": 8.300615310668945,
        "mae_o2": 1.972458004951477
      },
      "degradation": {
        "rmse_temp": 46.7742436236576,
        "rmse_o2": 4.236948686833967,
        "mae_temp": 55.26244760782973,
        "mae_o2": 4.99262045424183
      }
    },
    "dropout_fuel_flow": {
      "metrics": {
        "rmse_temp": 0.6721152663230896,
        "rmse_o2": 1.0939662456512451,
        "mae_temp": 0.4387670159339905,
        "mae_o2": 0.7756333947181702
      },
      "degradation": {
        "rmse_temp": 2.7648803390270613,
        "rmse_o2": 1.7293089937275983,
        "mae_temp": 2.921149616333907,
        "mae_o2": 1.9632575911588173
      }
    },
    "dropout_air_fuel_ratio": {
      "metrics": {
        "rmse_temp": 0.8764775395393372,
        "rmse_o2": 1.0427567958831787,
        "mae_temp": 0.4038059413433075,
        "mae_o2": 0.7131878137588501
      },
      "degradation": {
        "rmse_temp": 3.6055653518011397,
        "rmse_o2": 1.6483586331476516,
        "mae_temp": 2.6883916242368917,
        "mae_o2": 1.8051974023021298
      }
    },
    "dropout_current_temp": {
      "metrics": {
        "rmse_temp": 7.9695258140563965,
        "rmse_o2": 2.035951852798462,
        "mae_temp": 5.246595859527588,
        "mae_o2": 1.3001844882965088
      },
      "degradation": {
        "rmse_temp": 32.784235589823545,
        "rmse_o2": 3.218371557474151,
        "mae_temp": 34.929907959224956,
        "mae_o2": 3.290983967345244
      }
    },
    "dropout_inflow_temp": {
      "metrics": {
        "rmse_temp": 1.5963696241378784,
        "rmse_o2": 1.5303068161010742,
        "mae_temp": 0.8392630219459534,
        "mae_o2": 1.1333160400390625
      },
      "degradation": {
        "rmse_temp": 6.566985171673091,
        "rmse_o2": 2.4190630659457235,
        "mae_temp": 5.587504906999403,
        "mae_o2": 2.868612071038019
      }
    },
    "dropout_inflow_rate": {
      "metrics": {
        "rmse_temp": 0.5951507687568665,
        "rmse_o2": 0.9958680272102356,
        "mae_temp": 0.3166920244693756,
        "mae_o2": 0.7568608522415161
      },
      "degradation": {
        "rmse_temp": 2.448271511960703,
        "rmse_o2": 1.574238275510234,
        "mae_temp": 2.1084191659336136,
        "mae_o2": 1.9157411526279131
      }
    },
    "spike_frac_0.05": {
      "metrics": {
        "rmse_temp": 3.281451463699341,
        "rmse_o2": 0.9800613522529602,
        "mae_temp": 0.7757387757301331,
        "mae_o2": 0.552200198173523
      },
      "degradation": {
        "rmse_temp": 13.498905753306493,
        "rmse_o2": 1.5492515583485242,
        "mae_temp": 5.16458381055773,
        "mae_o2": 1.3977108751196676
      }
    },
    "spike_frac_0.1": {
      "metrics": {
        "rmse_temp": 4.672364234924316,
        "rmse_o2": 1.2295280694961548,
        "mae_temp": 1.4282785654067993,
        "mae_o2": 0.6964685916900635
      },
      "degradation": {
        "rmse_temp": 19.220703140085277,
        "rmse_o2": 1.9436010544863487,
        "mae_temp": 9.508954027628404,
        "mae_o2": 1.7628782604648419
      }
    },
    "spike_frac_0.2": {
      "metrics": {
        "rmse_temp": 6.667869567871094,
        "rmse_o2": 1.6122608184814453,
        "mae_temp": 2.6549901962280273,
        "mae_o2": 0.9697481989860535
      },
      "degradation": {
        "rmse_temp": 27.42961273928486,
        "rmse_o2": 2.548613492160181,
        "mae_temp": 17.675949447960708,
        "mae_o2": 2.4545945625042855
      }
    },
    "temporal_shuffle": {
      "metrics": {
        "rmse_temp": 3.132556438446045,
        "rmse_o2": 0.6592485904693604,
        "mae_temp": 0.8169600963592529,
        "mae_o2": 0.4046705961227417
      },
      "degradation": {
        "rmse_temp": 12.886396339327671,
        "rmse_o2": 1.0421203772354342,
        "mae_temp": 5.439020221153019,
        "mae_o2": 1.024288826611716
      }
    },
    "extrap_shift_1.0sigma": {
      "metrics": {
        "rmse_temp": 7.788852214813232,
        "rmse_o2": 1.1259065866470337,
        "mae_temp": 7.661128520965576,
        "mae_o2": 0.8939440846443176
      },
      "degradation": {
        "rmse_temp": 32.040998666994085,
        "rmse_o2": 1.7797993257340141,
        "mae_temp": 51.00497946971966,
        "mae_o2": 2.2627216958434073
      }
    },
    "extrap_shift_2.0sigma": {
      "metrics": {
        "rmse_temp": 11.381064414978027,
        "rmse_o2": 1.2651814222335815,
        "mae_temp": 10.835494995117188,
        "mae_o2": 0.9071215391159058
      },