{
  "experiment": "D2_hidden_256",
  "description": "Larger CfC backbone (hidden=256)",
  "config": {
    "use_real": true,
    "use_edge": true,
    "scenarios": null,
    "confidence_filter": null,
    "edge_fraction": 1.0,
    "seq_len": 30,
    "stride": 30,
    "hidden_size": 256,
    "epochs": 200,
    "learning_rate": 0.001,
    "batch_size": 64,
    "patience": 20,
    "min_delta": 0.0001,
    "early_stopping": true,
    "test_size": 0.2,
    "val_size": 0.1,
    "seed": 456,
    "experiment": "D2_hidden_256",
    "description": "Larger CfC backbone (hidden=256)",
    "device": "cpu"
  },
  "data_summary": {
    "real_rows": 470676,
    "real_sequences": 15689,
    "edge_rows": 150000,
    "edge_sequences": 4998,
    "total_sequences": 20687
  },
  "test_metrics": {
    "test_rmse_temp": 0.5952286720275879,
    "test_mae_temp": 0.4442223608493805,
    "test_mape_temp": 0.14246445894241333,
    "test_r2_temp": 0.9979907870292664,
    "test_max_ae_temp": 8.283111572265625,
    "test_rmse_o2": 0.7580869197845459,
    "test_mae_o2": 0.49051904678344727,
    "test_mape_o2": 10.532136917114258,
    "test_r2_o2": 0.9603322744369507,
    "test_max_ae_o2": 10.037267684936523
  },
  "training": {
    "best_val_loss": 0.018884796649217606,
    "best_epoch": 71,
    "final_train_loss": 0.018304517194197213,
    "final_val_loss": 0.02214430913216237,
    "epochs_run": 91
  },
  "wall_time_sec": 2525.7,
  "device": "cpu",
  "robustness": {
    "clean": {
      "metrics": {
        "rmse_temp": 0.5952286720275879,
        "rmse_o2": 0.7580869197845459,
        "mae_temp": 0.4442223608493805,
        "mae_o2": 0.49051904678344727
      }
    },
    "noise_sigma_0.1": {
      "metrics": {
        "rmse_temp": 1.4287041425704956,
        "rmse_o2": 0.9021616578102112,
        "mae_temp": 1.1321890354156494,
        "mae_o2": 0.645874559879303
      },
      "degradation": {
        "rmse_temp": 2.400260958034423,
        "rmse_o2": 1.1900504206913536,
        "mae_temp": 2.548698884159803,
        "mae_o2": 1.3167165762768873
      }
    },
    "noise_sigma_0.25": {
      "metrics": {
        "rmse_temp": 3.3186142444610596,
        "rmse_o2": 1.3571149110794067,
        "mae_temp": 2.624842882156372,
        "mae_o2": 1.0003875494003296
      },
      "degradation": {
        "rmse_temp": 5.575360194186424,
        "rmse_o2": 1.7901837845521846,
        "mae_temp": 5.908849066349363,
        "mae_o2": 2.039446900095558
      }
    },
    "noise_sigma_0.5": {
      "metrics": {
        "rmse_temp": 6.378917694091797,
        "rmse_o2": 2.1535630226135254,
        "mae_temp": 5.078639507293701,
        "mae_o2": 1.5426204204559326
      },
      "degradation": {
        "rmse_temp": 10.716751382897336,
        "rmse_o2": 2.840786414340963,
        "mae_temp": 11.432651651265438,
        "mae_o2": 3.14487364062942
      }
    },
    "noise_sigma_1.0": {
      "metrics": {
        "rmse_temp": 11.635632514953613,
        "rmse_o2": 3.2314674854278564,
        "mae_temp": 9.372961044311523,
        "mae_o2": 2.3194994926452637
      },
      "degradation": {
        "rmse_temp": 19.548172092110377,
        "rmse_o2": 4.262660918020145,
        "mae_temp": 21.09970562127905,
        "mae_o2": 4.728663459360567
      }
    },
    "noise_sigma_2.0": {
      "metrics": {
        "rmse_temp": 18.643646240234375,
        "rmse_o2": 4.367066860198975,
        "mae_temp": 15.283184051513672,
        "mae_o2": 3.2111663818359375
      },
      "degradation": {
        "rmse_temp": 31.321821539151717,
        "rmse_o2": 5.760641354213219,
        "mae_temp": 34.40435556258646,
        "mae_o2": 6.546466244059209
      }
    },
    "dropout_fuel_flow": {
      "metrics": {
        "rmse_temp": 1.2843902111053467,
        "rmse_o2": 2.8989644050598145,
        "mae_temp": 0.7442949414253235,
        "mae_o2": 1.6602615118026733
      },
      "degradation": {
        "rmse_temp": 2.1578097149288826,
        "rmse_o2": 3.8240527957977726,
        "mae_temp": 1.675500846022667,
        "mae_o2": 3.3847034538001135
      }
    },
    "dropout_air_fuel_ratio": {
      "metrics": {
        "rmse_temp": 0.5940173268318176,
        "rmse_o2": 0.7579706311225891,
        "mae_temp": 0.44402244687080383,
        "mae_o2": 0.49050769209861755
      },
      "degradation": {
        "rmse_temp": 0.9979649078535751,
        "rmse_o2": 0.9998466024687647,
        "mae_temp": 0.9995499686729087,
        "mae_o2": 0.9999768516943345
      }
    },
    "dropout_current_temp": {
      "metrics": {
        "rmse_temp": 13.3446626663208,
        "rmse_o2": 4.272128105163574,
        "mae_temp": 10.353816986083984,
        "mae_o2": 2.673825263977051
      },
      "degradation": {
        "rmse_temp": 22.419388200611237,
        "rmse_o2": 5.635406697661722,
        "mae_temp": 23.307734816155694,
        "mae_o2": 5.451012109540942
      }
    },
    "dropout_inflow_temp": {
      "metrics": {
        "rmse_temp": 1.645024299621582,
        "rmse_o2": 1.8030019998550415,
        "mae_temp": 0.8636372685432434,
        "mae_o2": 1.2410837411880493
      },
      "degradation": {
        "rmse_temp": 2.7636845752372254,
        "rmse_o2": 2.3783578806075014,
        "mae_temp": 1.9441553254814004,
        "mae_o2": 2.5301438329997383
      }
    },
    "dropout_inflow_rate": {
      "metrics": {
        "rmse_temp": 0.6651026010513306,
        "rmse_o2": 1.261887550354004,
        "mae_temp": 0.4686509072780609,
        "mae_o2": 0.9009350538253784
      },
      "degradation": {
        "rmse_temp": 1.1173900591611692,
        "rmse_o2": 1.6645684253629411,
        "mae_temp": 1.0549917081660896,
        "mae_o2": 1.8366973917388376
      }
    },
    "spike_frac_0.05": {
      "metrics": {
        "rmse_temp": 6.122292518615723,
        "rmse_o2": 1.6114115715026855,
        "mae_temp": 1.6252501010894775,
        "mae_o2": 0.809509813785553
      },
      "degradation": {
        "rmse_temp": 10.285614262768519,
        "rmse_o2": 2.125629039953177,
        "mae_temp": 3.6586409067339596,
        "mae_o2": 1.6503127026236204
      }
    },
    "spike_frac_0.1": {
      "metrics": {
        "rmse_temp": 8.525482177734375,
        "rmse_o2": 2.107290029525757,
        "mae_temp": 2.7707982063293457,
        "mae_o2": 1.088667869567871
      },
      "degradation": {
        "rmse_temp": 14.323036806498516,
        "rmse_o2": 2.7797472486725727,
        "mae_temp": 6.237412725085268,
        "mae_o2": 2.2194201768652064
      }
    },
    "spike_frac_0.2": {
      "metrics": {
        "rmse_temp": 11.919281959533691,
        "rmse_o2": 2.842413902282715,
        "mae_temp": 5.000124931335449,
        "mae_o2": 1.6001701354980469
      },
      "degradation": {
        "rmse_temp": 20.024710703084633,
        "rmse_o2": 3.7494564648214093,
        "mae_temp": 11.25590553743153,
        "mae_o2": 3.26219775968146
      }
    },
    "temporal_shuffle": {
      "metrics": {
        "rmse_temp": 7.431074142456055,
        "rmse_o2": 0.9561223983764648,
        "mae_temp": 3.328495740890503,
        "mae_o2": 0.5711283683776855
      },
      "degradation": {
        "rmse_temp": 12.48440219981815,
        "rmse_o2": 1.2612305705633362,
        "mae_temp": 7.4928595096523605,
        "mae_o2": 1.1643347432129898
      }
    },
    "extrap_shift_1.0sigma": {
      "metrics": {
        "rmse_temp": 11.97538948059082,
        "rmse_o2": 2.617403507232666,
        "mae_temp": 11.933871269226074,
        "mae_o2": 1.4796333312988281
      },
      "degradation": {
        "rmse_temp": 20.118972830723752,
        "rmse_o2": 3.452643013516909,
        "mae_temp": 26.864634293527633,
        "mae_o2": 3.016464581755684
      }
    },
    "extrap_shift_2.0sigma": {
      "metrics": {
        "rmse_temp": 20.561134338378906,
        "rmse_o2": 2.8004987239837646,
        "mae_temp": 20.287681579589844,
        "mae_o2": 1.7190163135528564
      },
      "degradation": {
        "rmse_temp": 34.5432525424883,